▲ Next.js 16.3.5 (Turbopack)
- Local:         http://localhost:3000
- Network:       http://172.20.10.2:3000
- Environments: .env
✓ Ready in 1158ms
✓ Running next.config.ts took 2.1s

 GET / 200 in 1990ms (next.js: 1145ms, application-code: 845ms)
 GET /admin 200 in 93ms (next.js: 61ms, application-code: 32ms)
 GET /api/chat/messages 200 in 503ms (next.js: 421ms, application-code: 82ms)
 GET /api/chat/messages 200 in 7ms (next.js: 3ms, application-code: 4ms)
 GET /api/chat/messages 200 in 8ms (next.js: 4ms, application-code: 4ms)
 GET /api/chat/messages 200 in 8ms (next.js: 3ms, application-code: 5ms)
 GET /api/chat/messages 200 in 9ms (next.js: 2ms, application-code: 7ms)
 GET /api/chat/messages 200 in 9ms (next.js: 3ms, application-code: 6ms)
 GET /api/chat/messages 200 in 9ms (next.js: 3ms, application-code: 5ms)
 GET /api/chat/messages 200 in 10ms (next.js: 5ms, application-code: 4ms)
 GET /api/chat/messages 200 in 10ms (next.js: 3ms, application-code: 7ms)
 GET /api/chat/messages 200 in 6ms (next.js: 2ms, application-code: 4ms)
 GET /api/chat/messages 200 in 10ms (next.js: 2ms, application-code: 7ms)
 GET /api/chat/messages 200 in 7ms (next.js: 2ms, application-code: 5ms)
 GET /api/chat/messages 200 in 8ms (next.js: 3ms, application-code: 5ms)
 GET /api/chat/messages 200 in 6ms (next.js: 2ms, application-code: 4ms)
 GET /api/chat/messages 200 in 22ms (next.js: 15ms, application-code: 7ms)
 GET /api/chat/messages 200 in 6ms (next.js: 2ms, application-code: 4ms)
 GET /api/chat/messages 200 in 6ms (next.js: 2ms, application-code: 4ms)
 GET /api/chat/messages 200 in 6ms (next.js: 2ms, application-code: 4ms)
 GET /api/chat/messages 200 in 7ms (next.js: 3ms, application-code: 4ms)
 GET /api/chat/messages 200 in 8ms (next.js: 2ms, application-code: 6ms)
 GET /api/chat/messages 200 in 7ms (next.js: 4ms, application-code: 3ms)
 GET /api/chat/messages 200 in 9ms (next.js: 5ms, application-code: 4ms)
 GET /api/chat/messages 200 in 4ms (next.js: 1.7ms, application-code: 3ms)
 GET /api/chat/messages 200 in 5ms (next.js: 2ms, application-code: 3ms)
 GET /api/chat/messages 200 in 12ms (next.js: 1.5ms, application-code: 11ms)
 GET /api/chat/messages 200 in 8ms (next.js: 4ms, application-code: 4ms)
 GET /api/chat/messages 200 in 18ms (next.js: 7ms, application-code: 12ms)
 GET /api/chat/messages 200 in 8ms (next.js: 3ms, application-code: 5ms)
 GET /api/chat/messages 200 in 10ms (next.js: 2ms, application-code: 8ms)
 GET /api/chat/messages 200 in 5ms (next.js: 1.6ms, application-code: 3ms)
 GET /api/chat/messages 200 in 6ms (next.js: 2ms, application-code: 4ms)
 GET /admin 200 in 122ms (next.js: 10ms, application-code: 111ms)
 GET /admin 200 in 29ms (next.js: 6ms, application-code: 23ms)
 GET /api/chat/messages 200 in 51ms (next.js: 45ms, application-code: 6ms)
 GET /api/chat/messages 200 in 14ms (next.js: 2ms, application-code: 11ms)
 GET /api/chat/messages 200 in 9ms (next.js: 4ms, application-code: 5ms)
 GET /admin 200 in 270ms (next.js: 238ms, application-code: 32ms)
 GET /api/chat/messages 200 in 6ms (next.js: 2.0ms, application-code: 4ms)
 GET /api/chat/messages 200 in 6ms (next.js: 3ms, application-code: 3ms)
 GET /api/chat/messages 200 in 6ms (next.js: 1.6ms, application-code: 5ms)
 GET /api/chat/messages 200 in 5ms (next.js: 2ms, application-code: 3ms)
 GET /api/chat/messages 200 in 5ms (next.js: 1.4ms, application-code: 3ms)
 GET /api/chat/messages 200 in 6ms (next.js: 2ms, application-code: 4ms)
 GET /api/chat/messages 200 in 9ms (next.js: 5ms, application-code: 4ms)
 GET /api/chat/messages 200 in 11ms (next.js: 6ms, application-code: 4ms)
 GET /api/chat/messages 200 in 6ms (next.js: 2ms, application-code: 4ms)
 GET /api/chat/messages 200 in 5ms (next.js: 1.3ms, application-code: 3ms)
 GET /api/chat/messages 200 in 14ms (next.js: 12ms, application-code: 3ms)
 GET /admin 200 in 251ms (next.js: 4ms, application-code: 247ms)
 GET /api/chat/messages 200 in 9ms (next.js: 2ms, application-code: 6ms)
 GET /api/chat/messages 200 in 6ms (next.js: 3ms, application-code: 3ms)
 GET /api/chat/messages 200 in 5ms (next.js: 1.8ms, application-code: 3ms)
 GET /api/chat/messages 200 in 4ms (next.js: 1.6ms, application-code: 3ms)
 GET /api/chat/messages 200 in 6ms (next.js: 2ms, application-code: 4ms)
 GET /api/chat/messages 200 in 8ms (next.js: 2ms, application-code: 6ms)
 GET /api/chat/messages 200 in 6ms (next.js: 2ms, application-code: 3ms)
 GET /api/chat/messages 200 in 5ms (next.js: 2ms, application-code: 3ms)
 GET /api/chat/messages 200 in 8ms (next.js: 4ms, application-code: 4ms)
 GET /api/chat/messages 200 in 8ms (next.js: 2ms, application-code: 5ms)
 GET /api/chat/messages 200 in 7ms (next.js: 2ms, application-code: 5ms)
 GET /api/chat/messages 200 in 5ms (next.js: 2ms, application-code: 3ms)
 GET /api/chat/messages 200 in 6ms (next.js: 2ms, application-code: 4ms)
 GET /api/chat/messages 200 in 13ms (next.js: 8ms, application-code: 5ms)
 GET /api/chat/messages 200 in 5ms (next.js: 1.5ms, application-code: 3ms)
 GET /api/chat/messages 200 in 6ms (next.js: 2ms, application-code: 4ms)
 GET /api/chat/messages 200 in 4ms (next.js: 1.6ms, application-code: 2ms)
 GET /api/chat/messages 200 in 5ms (next.js: 1.8ms, application-code: 3ms)
 GET /api/chat/messages 200 in 6ms (next.js: 1.7ms, application-code: 5ms)
 GET /api/chat/messages 200 in 5ms (next.js: 1.6ms, application-code: 3ms)
 GET /admin 200 in 41ms (next.js: 13ms, application-code: 28ms)
✓ Compiled in 433ms
⨯ ReferenceError: useCallback is not defined
    at BiometricModal (src/components/BiometricModal.tsx:34:28)
  32 |   const [enrolledUser, setEnrolledUser] = useState<EnrolledBiometricUser | null>(null);
  33 |
> 34 |   const runBiometricAuth = useCallback(async (userRecord?: EnrolledBiometricUser | null) => {
     |                            ^
  35 |     void userRecord;
  36 |     setStep('scanning');
  37 |     setStatusMessage(bioType === 'face-id' ? 'Scanning sensor for Face ID...' : 'Touch the fingerprint sensor...'); {
  digest: '3972205531'
}
 GET /admin 500 in 243ms (next.js: 19ms, application-code: 224ms)
⨯ ReferenceError: useCallback is not defined
    at IncomingCallModal (src/components/IncomingCallModal.tsx:25:26)
  23 |   const myId = String(currentUserId || '');
  24 |
> 25 |   const applyCallState = useCallback((current: CallSession | null) => {
     |                          ^
  26 |     if (!current) {
  27 |       callAudio.end();
  28 |       setSession(null); {
  digest: '1822601624'
}
 GET /admin 500 in 125ms (next.js: 15ms, application-code: 110ms)
⨯ ReferenceError: useCallback is not defined
    at IncomingCallModal (src/components/IncomingCallModal.tsx:25:26)
  23 |   const myId = String(currentUserId || '');
  24 |
> 25 |   const applyCallState = useCallback((current: CallSession | null) => {
     |                          ^
  26 |     if (!current) {
  27 |       callAudio.end();
  28 |       setSession(null); {
  digest: '1822601624'
}
 GET /admin 500 in 192ms (next.js: 9ms, application-code: 182ms)
[browser] Uncaught ReferenceError: Can't find variable: useCallback
    at IncomingCallModal (src/components/IncomingCallModal.tsx:25:26)
    at AdminLayout (src/app/admin/layout.tsx:677:7)
  23 |   const myId = String(currentUserId || '');
  24 |
> 25 |   const applyCallState = useCallback((current: CallSession | null) => {
     |                          ^
  26 |     if (!current) {
  27 |       callAudio.end();
  28 |       setSession(null);
 GET /admin 200 in 235ms (next.js: 38ms, application-code: 197ms)
 GET /api/chat/messages 200 in 9ms (next.js: 4ms, application-code: 5ms)
 GET /api/chat/messages 200 in 7ms (next.js: 2ms, application-code: 5ms)
 GET /api/chat/messages 200 in 14ms (next.js: 1.5ms, application-code: 12ms)
 GET /api/chat/messages 200 in 7ms (next.js: 1.5ms, application-code: 6ms)
 GET /api/chat/messages 200 in 5ms (next.js: 1.5ms, application-code: 3ms)
 GET /api/chat/messages 200 in 6ms (next.js: 1.6ms, application-code: 5ms)
 GET /api/chat/messages 200 in 7ms (next.js: 2.0ms, application-code: 5ms)
 GET /api/chat/messages 200 in 10ms (next.js: 2ms, application-code: 7ms)
 GET /api/chat/messages 200 in 8ms (next.js: 2ms, application-code: 6ms)
 GET /api/chat/messages 200 in 10ms (next.js: 3ms, application-code: 8ms)
 GET /api/chat/messages 200 in 7ms (next.js: 4ms, application-code: 3ms)
 GET /api/chat/messages 200 in 11ms (next.js: 6ms, application-code: 5ms)
 GET /api/chat/messages 200 in 8ms (next.js: 4ms, application-code: 4ms)
 GET /api/chat/messages 200 in 6ms (next.js: 4ms, application-code: 3ms)
 GET /api/chat/messages 200 in 5ms (next.js: 2.0ms, application-code: 3ms)
 GET /api/chat/messages 200 in 5ms (next.js: 1.9ms, application-code: 3ms)
 GET /api/chat/messages 200 in 5ms (next.js: 1.7ms, application-code: 4ms)
 GET /api/chat/messages 200 in 16ms (next.js: 6ms, application-code: 10ms)
 GET /api/chat/messages 200 in 8ms (next.js: 1.5ms, application-code: 6ms)
 GET /api/chat/messages 200 in 6ms (next.js: 3ms, application-code: 2ms)
 GET /api/chat/messages 200 in 7ms (next.js: 2ms, application-code: 5ms)
 GET /api/chat/messages 200 in 9ms (next.js: 6ms, application-code: 3ms)
 GET /api/chat/messages 200 in 6ms (next.js: 2ms, application-code: 4ms)
 GET /api/chat/messages 200 in 5ms (next.js: 1.8ms, application-code: 3ms)
 GET /api/chat/messages 200 in 8ms (next.js: 4ms, application-code: 4ms)
 GET /api/chat/messages 200 in 6ms (next.js: 3ms, application-code: 3ms)
 GET /api/chat/messages 200 in 6ms (next.js: 1.9ms, application-code: 4ms)
 GET /api/chat/messages 200 in 7ms (next.js: 2ms, application-code: 5ms)
 GET /api/chat/messages 200 in 6ms (next.js: 2ms, application-code: 4ms)
 GET /api/chat/messages 200 in 4ms (next.js: 1.7ms, application-code: 3ms)
 GET /api/chat/messages 200 in 8ms (next.js: 1.8ms, application-code: 6ms)
 GET /api/chat/messages 200 in 17ms (next.js: 5ms, application-code: 13ms)
 GET /api/chat/messages 200 in 5ms (next.js: 2.0ms, application-code: 3ms)
 GET /api/chat/messages 200 in 5ms (next.js: 3ms, application-code: 3ms)
 GET /api/chat/messages 200 in 11ms (next.js: 4ms, application-code: 7ms)
 GET /api/chat/messages 200 in 7ms (next.js: 4ms, application-code: 4ms)
 GET /api/chat/messages 200 in 7ms (next.js: 1.8ms, application-code: 5ms)
 GET /api/chat/messages 200 in 6ms (next.js: 2ms, application-code: 3ms)
 GET /api/chat/messages 200 in 6ms (next.js: 2ms, application-code: 4ms)
 GET /api/chat/messages 200 in 12ms (next.js: 2ms, application-code: 10ms)
 GET /admin/drivers 200 in 62ms (next.js: 36ms, application-code: 26ms)
 GET /api/chat/messages 200 in 5ms (next.js: 1.9ms, application-code: 4ms)
 GET /api/chat/messages 200 in 7ms (next.js: 4ms, application-code: 3ms)
 GET /api/chat/messages 200 in 6ms (next.js: 2ms, application-code: 3ms)
 GET /api/chat/messages 200 in 6ms (next.js: 2ms, application-code: 4ms)
 GET /api/chat/messages 200 in 6ms (next.js: 2ms, application-code: 4ms)
 GET /api/chat/messages 200 in 7ms (next.js: 2ms, application-code: 5ms)
 GET /api/chat/messages 200 in 5ms (next.js: 1.7ms, application-code: 4ms)
 GET /api/chat/messages 200 in 6ms (next.js: 2ms, application-code: 4ms)
 GET /api/chat/messages 200 in 14ms (next.js: 6ms, application-code: 9ms)
 GET /api/chat/messages 200 in 13ms (next.js: 6ms, application-code: 7ms)
 GET /api/chat/messages 200 in 21ms (next.js: 15ms, application-code: 6ms)
 GET /api/chat/messages 200 in 6ms (next.js: 3ms, application-code: 3ms)
 GET /api/chat/messages 200 in 7ms (next.js: 1.6ms, application-code: 5ms)
 GET /api/chat/messages 200 in 6ms (next.js: 3ms, application-code: 3ms)
 GET /api/chat/messages 200 in 6ms (next.js: 2.0ms, application-code: 4ms)
 GET /api/chat/messages 200 in 7ms (next.js: 3ms, application-code: 4ms)
 GET /api/chat/messages 200 in 8ms (next.js: 4ms, application-code: 4ms)
 GET /api/chat/messages 200 in 7ms (next.js: 1.6ms, application-code: 5ms)
 GET /api/chat/messages 200 in 10ms (next.js: 5ms, application-code: 4ms)
 GET /api/chat/messages 200 in 6ms (next.js: 1.8ms, application-code: 4ms)
 GET /api/chat/messages 200 in 7ms (next.js: 4ms, application-code: 3ms)
 GET /admin/gps 200 in 58ms (next.js: 31ms, application-code: 27ms)
 GET /api/gps/telemetry 200 in 55ms (next.js: 49ms, application-code: 7ms)
 GET /api/gps/telemetry 200 in 67ms (next.js: 64ms, application-code: 3ms)
 GET /api/chat/messages 200 in 55ms (next.js: 35ms, application-code: 20ms)
 GET /api/chat/messages 200 in 8ms (next.js: 2ms, application-code: 5ms)
 GET /api/chat/messages 200 in 5ms (next.js: 1.8ms, application-code: 4ms)
 GET /api/chat/messages 200 in 4ms (next.js: 1.6ms, application-code: 3ms)
 GET /api/chat/messages 200 in 10ms (next.js: 5ms, application-code: 5ms)
 GET /api/gps/telemetry 200 in 8ms (next.js: 4ms, application-code: 4ms)
 GET /api/chat/messages 200 in 7ms (next.js: 1.8ms, application-code: 5ms)
 GET /api/chat/messages 200 in 7ms (next.js: 4ms, application-code: 3ms)
 GET /api/chat/messages 200 in 6ms (next.js: 1.9ms, application-code: 4ms)
 GET /api/chat/messages 200 in 7ms (next.js: 3ms, application-code: 4ms)
 GET /api/chat/messages 200 in 5ms (next.js: 2ms, application-code: 3ms)
 GET /api/chat/messages 200 in 7ms (next.js: 2ms, application-code: 5ms)
 GET /api/gps/telemetry 200 in 7ms (next.js: 2ms, application-code: 4ms)
 GET /api/chat/messages 200 in 14ms (next.js: 3ms, application-code: 11ms)
 GET /api/chat/messages 200 in 5ms (next.js: 2ms, application-code: 3ms)
 GET /api/chat/messages 200 in 7ms (next.js: 3ms, application-code: 3ms)
 GET /api/chat/messages 200 in 6ms (next.js: 3ms, application-code: 3ms)
 GET /api/chat/messages 200 in 8ms (next.js: 4ms, application-code: 4ms)
 GET /api/gps/telemetry 200 in 5ms (next.js: 1.6ms, application-code: 3ms)
 GET /api/chat/messages 200 in 6ms (next.js: 1.8ms, application-code: 4ms)
 GET /api/chat/messages 200 in 5ms (next.js: 1.7ms, application-code: 3ms)
 GET /api/chat/messages 200 in 5ms (next.js: 1.9ms, application-code: 3ms)
 GET /api/chat/messages 200 in 6ms (next.js: 2ms, application-code: 4ms)
 GET /api/chat/messages 200 in 7ms (next.js: 3ms, application-code: 3ms)
 GET /api/chat/messages 200 in 4ms (next.js: 1.7ms, application-code: 3ms)
 GET /api/gps/telemetry 200 in 5ms (next.js: 1.7ms, application-code: 3ms)
 GET /api/chat/messages 200 in 6ms (next.js: 2ms, application-code: 4ms)
 GET /api/chat/messages 200 in 6ms (next.js: 2ms, application-code: 4ms)
 GET /api/chat/messages 200 in 5ms (next.js: 1.8ms, application-code: 3ms)
 GET /api/chat/messages 200 in 7ms (next.js: 1.9ms, application-code: 5ms)
 GET /api/chat/messages 200 in 6ms (next.js: 2ms, application-code: 3ms)
 GET /api/gps/telemetry 200 in 7ms (next.js: 4ms, application-code: 4ms)
 GET /api/chat/messages 200 in 6ms (next.js: 1.8ms, application-code: 5ms)
 GET /api/chat/messages 200 in 6ms (next.js: 1.6ms, application-code: 4ms)
 GET /api/chat/messages 200 in 24ms (next.js: 16ms, application-code: 8ms)
 GET /api/chat/messages 200 in 9ms (next.js: 3ms, application-code: 5ms)
 GET /api/chat/messages 200 in 5ms (next.js: 1.6ms, application-code: 3ms)
 GET /api/chat/messages 200 in 10ms (next.js: 1.7ms, application-code: 9ms)
 GET /api/gps/telemetry 200 in 13ms (next.js: 6ms, application-code: 6ms)
 GET /api/chat/messages 200 in 5ms (next.js: 1.8ms, application-code: 3ms)
 GET /api/chat/messages 200 in 5ms (next.js: 2ms, application-code: 3ms)
 GET /api/chat/messages 200 in 4ms (next.js: 1.5ms, application-code: 2ms)
 GET /api/chat/messages 200 in 5ms (next.js: 2ms, application-code: 3ms)
 GET /api/chat/messages 200 in 5ms (next.js: 1.8ms, application-code: 3ms)
 GET /api/gps/telemetry 200 in 22ms (next.js: 9ms, application-code: 12ms)
 GET /api/chat/messages 200 in 7ms (next.js: 1.7ms, application-code: 6ms)
 GET /api/chat/messages 200 in 8ms (next.js: 2ms, application-code: 6ms)
 GET /api/chat/messages 200 in 5ms (next.js: 1.8ms, application-code: 3ms)
 GET /api/chat/messages 200 in 5ms (next.js: 1.8ms, application-code: 3ms)
 GET /api/chat/messages 200 in 5ms (next.js: 1.7ms, application-code: 4ms)
 GET /api/chat/messages 200 in 17ms (next.js: 4ms, application-code: 13ms)
 GET /api/gps/telemetry 200 in 7ms (next.js: 3ms, application-code: 4ms)
 GET /api/chat/messages 200 in 7ms (next.js: 2.0ms, application-code: 5ms)
 GET /api/chat/messages 200 in 7ms (next.js: 2ms, application-code: 5ms)
 GET /api/chat/messages 200 in 5ms (next.js: 1.9ms, application-code: 3ms)
 GET /api/gps/telemetry 200 in 5ms (next.js: 1.8ms, application-code: 4ms)
 GET /api/chat/messages 200 in 5ms (next.js: 1.9ms, application-code: 3ms)
 GET /api/chat/messages 200 in 5ms (next.js: 1.9ms, application-code: 3ms)
 GET /api/gps/telemetry 200 in 6ms (next.js: 1.9ms, application-code: 4ms)
 GET /api/chat/messages 200 in 8ms (next.js: 3ms, application-code: 5ms)
 GET /api/chat/messages 200 in 6ms (next.js: 2ms, application-code: 3ms)
 GET /api/chat/messages 200 in 7ms (next.js: 2ms, application-code: 5ms)
 GET /api/chat/messages 200 in 7ms (next.js: 2ms, application-code: 5ms)
 GET /api/chat/messages 200 in 5ms (next.js: 2.0ms, application-code: 3ms)
 GET /api/chat/messages 200 in 6ms (next.js: 2ms, application-code: 4ms)
 GET /api/gps/telemetry 200 in 7ms (next.js: 4ms, application-code: 3ms)
 GET /api/chat/messages 200 in 5ms (next.js: 1.8ms, application-code: 3ms)
 GET /api/chat/messages 200 in 5ms (next.js: 1.8ms, application-code: 3ms)
 GET /api/chat/messages 200 in 16ms (next.js: 8ms, application-code: 8ms)
 GET /api/chat/messages 200 in 16ms (next.js: 6ms, application-code: 11ms)
 GET /api/chat/messages 200 in 5ms (next.js: 1.8ms, application-code: 3ms)
 GET /api/gps/telemetry 200 in 7ms (next.js: 2.0ms, application-code: 5ms)
 GET /api/chat/messages 200 in 18ms (next.js: 5ms, application-code: 13ms)
 GET /api/chat/messages 200 in 5ms (next.js: 2ms, application-code: 3ms)
 GET /api/chat/messages 200 in 5ms (next.js: 2.0ms, application-code: 3ms)
 GET /api/chat/messages 200 in 5ms (next.js: 2ms, application-code: 3ms)
 GET /api/chat/messages 200 in 8ms (next.js: 5ms, application-code: 3ms)
 GET /api/gps/telemetry 200 in 4ms (next.js: 1.5ms, application-code: 2ms)
 GET /api/chat/messages 200 in 6ms (next.js: 2ms, application-code: 3ms)
 GET /api/chat/messages 200 in 7ms (next.js: 3ms, application-code: 5ms)
 GET /api/gps/telemetry 200 in 5ms (next.js: 3ms, application-code: 3ms)
 GET /api/gps/telemetry 200 in 5ms (next.js: 1.9ms, application-code: 3ms)
 GET /api/gps/telemetry 200 in 6ms (next.js: 2ms, application-code: 4ms)
 GET /api/chat/messages 200 in 6ms (next.js: 2ms, application-code: 3ms)
 GET /api/gps/telemetry 200 in 7ms (next.js: 3ms, application-code: 3ms)
 GET /api/gps/telemetry 200 in 10ms (next.js: 4ms, application-code: 7ms)
 GET /admin/gps 200 in 73ms (next.js: 26ms, application-code: 47ms)
 GET /admin/gps 200 in 54ms (next.js: 19ms, application-code: 35ms)
 GET /api/gps/telemetry 200 in 15ms (next.js: 11ms, application-code: 4ms)
 GET /api/chat/messages 200 in 11ms (next.js: 6ms, application-code: 5ms)
 GET /admin/gps 200 in 48ms (next.js: 13ms, application-code: 35ms)
 GET /api/gps/telemetry 200 in 8ms (next.js: 2ms, application-code: 5ms)
 GET /api/gps/telemetry 200 in 15ms (next.js: 7ms, application-code: 8ms)
 GET /api/gps/telemetry 200 in 12ms (next.js: 5ms, application-code: 7ms)
 GET /api/chat/messages 200 in 19ms (next.js: 14ms, application-code: 5ms)
 GET /admin/gps 200 in 93ms (next.js: 31ms, application-code: 62ms)
 GET /admin/gps 200 in 36ms (next.js: 7ms, application-code: 29ms)
 GET /api/gps/telemetry 200 in 13ms (next.js: 4ms, application-code: 9ms)
 GET /admin/gps 200 in 59ms (next.js: 5ms, application-code: 54ms)
 GET /admin/gps 200 in 175ms (next.js: 21ms, application-code: 155ms)
 GET /api/gps/telemetry 200 in 18ms (next.js: 7ms, application-code: 11ms)
 GET /api/gps/telemetry 200 in 7ms (next.js: 2ms, application-code: 5ms)
 GET /api/chat/messages 200 in 12ms (next.js: 9ms, application-code: 3ms)
[browser] ./src/app/admin/gps/page.tsx:2434:1
Error: Unexpected token. Did you mean `{'}'}` or `&rbrace;`?
  2432 |     </div>
  2433 |   );
> 2434 | }
       | ^
  2435 |

Parsing ecmascript source code failed

Import traces:
  Client Component Browser:
    ./src/app/admin/gps/page.tsx [Client Component Browser]
    ./src/app/admin/gps/page.tsx [Server Component]

  Client Component SSR:
    ./src/app/admin/gps/page.tsx [Client Component SSR]
    ./src/app/admin/gps/page.tsx [Server Component] 
 GET /api/chat/messages 200 in 11ms (next.js: 8ms, application-code: 3ms)
 GET /api/chat/messages 200 in 6ms (next.js: 1.8ms, application-code: 4ms)
 GET /api/chat/messages 200 in 11ms (next.js: 8ms, application-code: 3ms)
 GET /admin/gps 200 in 138ms (next.js: 5ms, application-code: 133ms)
 GET /api/gps/telemetry 200 in 10ms (next.js: 5ms, application-code: 5ms)
 GET /api/gps/telemetry 200 in 4ms (next.js: 1.5ms, application-code: 2ms)
 GET /api/chat/messages 200 in 10ms (next.js: 6ms, application-code: 4ms)
 GET /api/chat/messages 200 in 8ms (next.js: 3ms, application-code: 5ms)
 GET /api/chat/messages 200 in 8ms (next.js: 3ms, application-code: 5ms)
 GET /api/chat/messages 200 in 37ms (next.js: 23ms, application-code: 14ms)
 GET /api/chat/messages 200 in 8ms (next.js: 2ms, application-code: 5ms)
 GET /api/chat/messages 200 in 4ms (next.js: 1.4ms, application-code: 3ms)
 GET /api/gps/telemetry 200 in 9ms (next.js: 1.7ms, application-code: 7ms)
 GET /api/chat/messages 200 in 5ms (next.js: 1.9ms, application-code: 3ms)
 GET /api/chat/messages 200 in 6ms (next.js: 4ms, application-code: 3ms)
 GET /api/chat/messages 200 in 5ms (next.js: 1.7ms, application-code: 3ms)
 GET /api/chat/messages 200 in 7ms (next.js: 4ms, application-code: 3ms)
 GET /api/chat/messages 200 in 16ms (next.js: 13ms, application-code: 3ms)
 GET /api/chat/messages 200 in 6ms (next.js: 1.9ms, application-code: 4ms)
 GET /api/gps/telemetry 200 in 5ms (next.js: 2ms, application-code: 3ms)
 GET /api/chat/messages 200 in 8ms (next.js: 2ms, application-code: 6ms)
 GET /api/chat/messages 200 in 5ms (next.js: 1.8ms, application-code: 3ms)
 GET /api/chat/messages 200 in 4ms (next.js: 1.6ms, application-code: 3ms)
 GET /api/chat/messages 200 in 5ms (next.js: 1.9ms, application-code: 3ms)
 GET /api/chat/messages 200 in 5ms (next.js: 2ms, application-code: 3ms)
 GET /api/gps/telemetry 200 in 5ms (next.js: 1.9ms, application-code: 3ms)
 GET /api/chat/messages 200 in 5ms (next.js: 1.9ms, application-code: 3ms)
 GET /api/chat/messages 200 in 5ms (next.js: 1.8ms, application-code: 3ms)
 GET /api/chat/messages 200 in 21ms (next.js: 5ms, application-code: 16ms)
 GET /api/chat/messages 200 in 6ms (next.js: 3ms, application-code: 3ms)
 GET /api/chat/messages 200 in 6ms (next.js: 1.8ms, application-code: 5ms)
 GET /api/chat/messages 200 in 7ms (next.js: 1.8ms, application-code: 5ms)
 GET /api/gps/telemetry 200 in 5ms (next.js: 1.9ms, application-code: 3ms)
 GET /api/chat/messages 200 in 13ms (next.js: 7ms, application-code: 7ms)
 GET /admin/chat 200 in 70ms (next.js: 32ms, application-code: 38ms)
 GET /api/chat/messages 200 in 5ms (next.js: 2.0ms, application-code: 3ms)
 GET /api/chat/messages 200 in 5ms (next.js: 1.8ms, application-code: 3ms)
 GET /api/chat/messages 200 in 6ms (next.js: 2.0ms, application-code: 4ms)
 GET /api/chat/messages 200 in 7ms (next.js: 3ms, application-code: 4ms)
 GET /api/chat/messages 200 in 6ms (next.js: 2ms, application-code: 4ms)
 GET /api/chat/messages 200 in 6ms (next.js: 1.9ms, application-code: 5ms)
 GET /api/chat/messages 200 in 23ms (next.js: 16ms, application-code: 8ms)
 GET /api/chat/messages 200 in 6ms (next.js: 1.5ms, application-code: 4ms)
 GET /api/chat/messages 200 in 8ms (next.js: 2.0ms, application-code: 6ms)
 GET /api/chat/messages 200 in 24ms (next.js: 22ms, application-code: 3ms)
 GET /admin/applications 200 in 105ms (next.js: 38ms, application-code: 67ms)
 GET /api/chat/messages 200 in 24ms (next.js: 14ms, application-code: 9ms)
 GET /api/chat/messages 200 in 5ms (next.js: 1.8ms, application-code: 3ms)
 GET /api/chat/messages 200 in 5ms (next.js: 1.7ms, application-code: 3ms)
 GET /admin/fleet 200 in 55ms (next.js: 34ms, application-code: 22ms)
 GET /api/chat/messages 200 in 5ms (next.js: 1.9ms, application-code: 3ms)
 GET /api/chat/messages 200 in 5ms (next.js: 1.7ms, application-code: 3ms)
 GET /api/chat/messages 200 in 6ms (next.js: 1.7ms, application-code: 4ms)
 GET /api/chat/messages 200 in 6ms (next.js: 1.5ms, application-code: 5ms)
 GET /api/chat/messages 200 in 6ms (next.js: 1.7ms, application-code: 5ms)
 GET /api/chat/messages 200 in 4ms (next.js: 1.5ms, application-code: 3ms)
 GET /api/chat/messages 200 in 6ms (next.js: 3ms, application-code: 3ms)
 GET /api/chat/messages 200 in 5ms (next.js: 1.7ms, application-code: 4ms)
 GET /api/chat/messages 200 in 12ms (next.js: 9ms, application-code: 3ms)
 GET /api/chat/messages 200 in 6ms (next.js: 2.0ms, application-code: 4ms)
 GET /api/chat/messages 200 in 5ms (next.js: 1.8ms, application-code: 3ms)
 GET /api/chat/messages 200 in 6ms (next.js: 2ms, application-code: 3ms)
 GET /api/chat/messages 200 in 6ms (next.js: 1.8ms, application-code: 4ms)
 GET /api/chat/messages 200 in 11ms (next.js: 2ms, application-code: 9ms)
 GET /api/chat/messages 200 in 6ms (next.js: 2ms, application-code: 4ms)
 GET /api/chat/messages 200 in 6ms (next.js: 2ms, application-code: 4ms)
 GET /api/chat/messages 200 in 7ms (next.js: 2ms, application-code: 4ms)
 GET /admin/drivers 200 in 37ms (next.js: 17ms, application-code: 20ms)
 GET /api/chat/messages 200 in 19ms (next.js: 17ms, application-code: 2ms)
 GET /api/chat/messages 200 in 8ms (next.js: 3ms, application-code: 5ms)
 GET /api/chat/messages 200 in 5ms (next.js: 1.8ms, application-code: 3ms)
 GET /api/chat/messages 200 in 5ms (next.js: 1.5ms, application-code: 3ms)
 GET /api/chat/messages 200 in 8ms (next.js: 3ms, application-code: 4ms)
 GET /api/chat/messages 200 in 5ms (next.js: 2.0ms, application-code: 3ms)
 GET /api/chat/messages 200 in 5ms (next.js: 1.9ms, application-code: 3ms)
 GET /api/chat/messages 200 in 5ms (next.js: 1.8ms, application-code: 3ms)
 GET /api/chat/messages 200 in 5ms (next.js: 1.9ms, application-code: 3ms)
 GET /api/chat/messages 200 in 21ms (next.js: 15ms, application-code: 6ms)
 GET /api/chat/messages 200 in 5ms (next.js: 2ms, application-code: 3ms)
 GET /api/chat/messages 200 in 5ms (next.js: 2ms, application-code: 3ms)
 GET /api/chat/messages 200 in 6ms (next.js: 2ms, application-code: 4ms)
 GET /api/chat/messages 200 in 5ms (next.js: 1.8ms, application-code: 3ms)
 GET /api/chat/messages 200 in 5ms (next.js: 1.9ms, application-code: 3ms)
 GET /api/chat/messages 200 in 5ms (next.js: 1.8ms, application-code: 3ms)
 GET /api/chat/messages 200 in 8ms (next.js: 5ms, application-code: 3ms)
 GET /api/chat/messages 200 in 5ms (next.js: 2.0ms, application-code: 3ms)
 GET /api/chat/messages 200 in 5ms (next.js: 1.9ms, application-code: 3ms)
 GET /api/chat/messages 200 in 4ms (next.js: 1.4ms, application-code: 2ms)
 GET /api/chat/messages 200 in 5ms (next.js: 1.9ms, application-code: 3ms)
 GET /api/chat/messages 200 in 5ms (next.js: 1.9ms, application-code: 3ms)
 GET /api/chat/messages 200 in 4ms (next.js: 1.9ms, application-code: 3ms)
 GET /api/chat/messages 200 in 5ms (next.js: 1.9ms, application-code: 3ms)
 GET /api/chat/messages 200 in 7ms (next.js: 4ms, application-code: 3ms)
 GET /api/chat/messages 200 in 15ms (next.js: 11ms, application-code: 4ms)
 GET /api/chat/messages 200 in 7ms (next.js: 1.9ms, application-code: 5ms)
 GET /api/chat/messages 200 in 5ms (next.js: 1.8ms, application-code: 3ms)
 GET /api/chat/messages 200 in 6ms (next.js: 2ms, application-code: 3ms)
 GET /api/chat/messages 200 in 5ms (next.js: 1.7ms, application-code: 3ms)
 GET /api/chat/messages 200 in 5ms (next.js: 1.7ms, application-code: 3ms)
 GET /api/chat/messages 200 in 5ms (next.js: 1.8ms, application-code: 3ms)
 GET /api/chat/messages 200 in 5ms (next.js: 1.9ms, application-code: 3ms)
 GET /api/chat/messages 200 in 6ms (next.js: 1.8ms, application-code: 4ms)
 GET /api/chat/messages 200 in 5ms (next.js: 1.9ms, application-code: 3ms)
 GET /api/chat/messages 200 in 15ms (next.js: 4ms, application-code: 11ms)
 GET /api/chat/messages 200 in 7ms (next.js: 2ms, application-code: 5ms)
 GET /api/chat/messages 200 in 7ms (next.js: 3ms, application-code: 4ms)
 GET /api/chat/messages 200 in 5ms (next.js: 1.9ms, application-code: 3ms)
 GET /api/chat/messages 200 in 7ms (next.js: 2ms, application-code: 5ms)
 GET /admin/gps?phone=0554290454 200 in 84ms (next.js: 4ms, application-code: 80ms)
 GET /api/gps/telemetry?phone=0554290454 200 in 16ms (next.js: 11ms, application-code: 5ms)
 GET /api/gps/telemetry 200 in 24ms (next.js: 20ms, application-code: 4ms)
 GET /api/gps/telemetry?phone=0554290454 200 in 34ms (next.js: 30ms, application-code: 4ms)
 GET /api/gps/telemetry 200 in 39ms (next.js: 34ms, application-code: 5ms)
 GET /api/chat/messages 200 in 45ms (next.js: 40ms, application-code: 5ms)
 GET /api/gps/telemetry 200 in 13ms (next.js: 7ms, application-code: 6ms)
 GET /api/chat/messages 200 in 19ms (next.js: 5ms, application-code: 14ms)
 GET /api/chat/messages 200 in 8ms (next.js: 5ms, application-code: 4ms)
 GET /api/chat/messages 200 in 7ms (next.js: 2ms, application-code: 5ms)
 GET /api/chat/messages 200 in 8ms (next.js: 1.8ms, application-code: 6ms)
 GET /api/chat/messages 200 in 7ms (next.js: 2.0ms, application-code: 5ms)
 GET /api/gps/telemetry 200 in 5ms (next.js: 1.9ms, application-code: 3ms)
 GET /api/chat/messages 200 in 10ms (next.js: 4ms, application-code: 7ms)
 GET /api/chat/messages 200 in 6ms (next.js: 2.0ms, application-code: 4ms)
 GET /api/chat/messages 200 in 5ms (next.js: 1.9ms, application-code: 4ms)
 GET /api/chat/messages 200 in 5ms (next.js: 1.8ms, application-code: 3ms)
 GET /api/chat/messages 200 in 5ms (next.js: 2ms, application-code: 3ms)
 GET /api/chat/messages 200 in 6ms (next.js: 1.6ms, application-code: 5ms)
 GET /api/gps/telemetry 200 in 5ms (next.js: 1.9ms, application-code: 3ms)
 GET /api/chat/messages 200 in 7ms (next.js: 2ms, application-code: 5ms)
 GET /api/chat/messages 200 in 6ms (next.js: 2ms, application-code: 3ms)
 GET /api/chat/messages 200 in 5ms (next.js: 2.0ms, application-code: 3ms)
 GET /api/chat/messages 200 in 5ms (next.js: 1.8ms, application-code: 3ms)
 GET /api/chat/messages 200 in 5ms (next.js: 1.8ms, application-code: 4ms)
 GET /api/gps/telemetry 200 in 5ms (next.js: 2.0ms, application-code: 3ms)
 GET /api/chat/messages 200 in 8ms (next.js: 1.8ms, application-code: 6ms)
 GET /api/chat/messages 200 in 6ms (next.js: 2ms, application-code: 3ms)
 GET /api/chat/messages 200 in 5ms (next.js: 1.9ms, application-code: 3ms)
 GET /api/chat/messages 200 in 5ms (next.js: 1.9ms, application-code: 3ms)
 GET /api/chat/messages 200 in 5ms (next.js: 1.8ms, application-code: 3ms)
 GET /api/chat/messages 200 in 5ms (next.js: 1.8ms, application-code: 3ms)
 GET /api/gps/telemetry 200 in 5ms (next.js: 2.0ms, application-code: 3ms)
 GET /api/chat/messages 200 in 6ms (next.js: 3ms, application-code: 3ms)
 GET /api/chat/messages 200 in 5ms (next.js: 2.0ms, application-code: 3ms)
 GET /api/chat/messages 200 in 6ms (next.js: 2ms, application-code: 4ms)
 GET /api/chat/messages 200 in 6ms (next.js: 2.0ms, application-code: 4ms)
 GET /api/chat/messages 200 in 6ms (next.js: 2ms, application-code: 3ms)
 GET /api/chat/messages 200 in 5ms (next.js: 1.8ms, application-code: 3ms)
 GET /api/gps/telemetry 200 in 5ms (next.js: 1.8ms, application-code: 3ms)
 GET /api/chat/messages 200 in 5ms (next.js: 1.8ms, application-code: 3ms)
 GET /api/chat/messages 200 in 5ms (next.js: 1.9ms, application-code: 3ms)
 GET /api/chat/messages 200 in 6ms (next.js: 3ms, application-code: 4ms)
 GET /api/chat/messages 200 in 6ms (next.js: 2ms, application-code: 4ms)
 GET /api/chat/messages 200 in 7ms (next.js: 3ms, application-code: 4ms)
 GET /api/gps/telemetry 200 in 5ms (next.js: 1.9ms, application-code: 3ms)
 GET /api/chat/messages 200 in 5ms (next.js: 2ms, application-code: 3ms)
 GET /api/chat/messages 200 in 4ms (next.js: 1.9ms, application-code: 2ms)
 GET /api/chat/messages 200 in 5ms (next.js: 1.9ms, application-code: 3ms)
 GET /api/chat/messages 200 in 5ms (next.js: 1.8ms, application-code: 3ms)
 GET /api/chat/messages 200 in 6ms (next.js: 1.9ms, application-code: 4ms)
 GET /api/chat/messages 200 in 6ms (next.js: 2ms, application-code: 4ms)
 GET /api/gps/telemetry 200 in 5ms (next.js: 1.8ms, application-code: 3ms)
 GET /api/chat/messages 200 in 10ms (next.js: 3ms, application-code: 7ms)
 GET /api/chat/messages 200 in 5ms (next.js: 1.7ms, application-code: 3ms)
 GET /api/chat/messages 200 in 5ms (next.js: 1.9ms, application-code: 3ms)
 GET /api/chat/messages 200 in 5ms (next.js: 1.9ms, application-code: 3ms)
 GET /api/chat/messages 200 in 6ms (next.js: 2ms, application-code: 3ms)
 GET /api/gps/telemetry 200 in 5ms (next.js: 1.9ms, application-code: 3ms)
 GET /api/chat/messages 200 in 5ms (next.js: 1.8ms, application-code: 3ms)
 GET /api/chat/messages 200 in 6ms (next.js: 2ms, application-code: 3ms)
 GET /api/chat/messages 200 in 5ms (next.js: 1.9ms, application-code: 3ms)
 GET /api/chat/messages 200 in 5ms (next.js: 2ms, application-code: 3ms)
 GET /api/chat/messages 200 in 5ms (next.js: 1.8ms, application-code: 3ms)
 GET /api/chat/messages 200 in 5ms (next.js: 2ms, application-code: 3ms)
 GET /api/gps/telemetry 200 in 6ms (next.js: 2ms, application-code: 3ms)
 GET /api/chat/messages 200 in 6ms (next.js: 1.9ms, application-code: 4ms)
 GET /api/chat/messages 200 in 8ms (next.js: 2ms, application-code: 5ms)
 GET /api/chat/messages 200 in 6ms (next.js: 2ms, application-code: 4ms)
 GET /api/chat/messages 200 in 5ms (next.js: 1.8ms, application-code: 3ms)
 GET /api/chat/messages 200 in 5ms (next.js: 1.8ms, application-code: 3ms)
 GET /api/gps/telemetry 200 in 6ms (next.js: 1.8ms, application-code: 4ms)
 GET /api/chat/messages 200 in 5ms (next.js: 3ms, application-code: 2ms)
 GET /api/chat/messages 200 in 5ms (next.js: 1.8ms, application-code: 3ms)
 GET /api/chat/messages 200 in 5ms (next.js: 2ms, application-code: 3ms)
 GET /api/chat/messages 200 in 5ms (next.js: 2.0ms, application-code: 3ms)
 GET /api/chat/messages 200 in 5ms (next.js: 1.7ms, application-code: 4ms)
 GET /api/chat/messages 200 in 6ms (next.js: 3ms, application-code: 3ms)
 GET /api/gps/telemetry 200 in 6ms (next.js: 2ms, application-code: 3ms)
 GET /api/chat/messages 200 in 9ms (next.js: 3ms, application-code: 6ms)
 GET /api/chat/messages 200 in 5ms (next.js: 1.9ms, application-code: 3ms)
 GET /api/chat/messages 200 in 5ms (next.js: 2ms, application-code: 3ms)
 GET /api/chat/messages 200 in 5ms (next.js: 1.9ms, application-code: 3ms)
 GET /api/chat/messages 200 in 6ms (next.js: 2ms, application-code: 4ms)
 GET /api/gps/telemetry 200 in 6ms (next.js: 2ms, application-code: 3ms)
 GET /api/chat/messages 200 in 8ms (next.js: 2ms, application-code: 6ms)
 GET /api/chat/messages 200 in 5ms (next.js: 2.0ms, application-code: 3ms)
 GET /api/chat/messages 200 in 5ms (next.js: 2.0ms, application-code: 3ms)
 GET /api/chat/messages 200 in 5ms (next.js: 1.9ms, application-code: 3ms)
 GET /api/chat/messages 200 in 6ms (next.js: 2ms, application-code: 4ms)
 GET /api/chat/messages 200 in 6ms (next.js: 2.0ms, application-code: 4ms)
 GET /api/gps/telemetry 200 in 6ms (next.js: 3ms, application-code: 4ms)
 GET /api/chat/messages 200 in 6ms (next.js: 2ms, application-code: 4ms)
 GET /api/chat/messages 200 in 5ms (next.js: 2ms, application-code: 3ms)
 GET /api/chat/messages 200 in 5ms (next.js: 1.8ms, application-code: 4ms)
 GET /api/chat/messages 200 in 5ms (next.js: 1.8ms, application-code: 3ms)
 GET /api/chat/messages 200 in 5ms (next.js: 1.7ms, application-code: 3ms)
 GET /api/gps/telemetry 200 in 5ms (next.js: 1.9ms, application-code: 3ms)
 GET /api/chat/messages 200 in 11ms (next.js: 4ms, application-code: 7ms)
 GET /api/chat/messages 200 in 6ms (next.js: 2ms, application-code: 4ms)
 GET /api/chat/messages 200 in 6ms (next.js: 2ms, application-code: 4ms)
 GET /api/chat/messages 200 in 5ms (next.js: 2ms, application-code: 3ms)
 GET /api/chat/messages 200 in 5ms (next.js: 1.9ms, application-code: 3ms)
 GET /api/chat/messages 200 in 4ms (next.js: 1.6ms, application-code: 3ms)
 GET /api/gps/telemetry 200 in 5ms (next.js: 1.9ms, application-code: 3ms)
 GET /api/chat/messages 200 in 5ms (next.js: 1.9ms, application-code: 3ms)
 GET /api/chat/messages 200 in 6ms (next.js: 2ms, application-code: 4ms)
 GET /api/chat/messages 200 in 6ms (next.js: 1.9ms, application-code: 4ms)
 GET /api/chat/messages 200 in 6ms (next.js: 3ms, application-code: 3ms)
 GET /api/chat/messages 200 in 5ms (next.js: 1.9ms, application-code: 3ms)
 GET /api/gps/telemetry 200 in 5ms (next.js: 1.9ms, application-code: 3ms)
 GET /api/chat/messages 200 in 4ms (next.js: 1.5ms, application-code: 2ms)
 GET /api/chat/messages 200 in 5ms (next.js: 1.8ms, application-code: 3ms)
 GET /api/chat/messages 200 in 5ms (next.js: 1.8ms, application-code: 3ms)
 GET /api/chat/messages 200 in 6ms (next.js: 3ms, application-code: 3ms)
 GET /api/chat/messages 200 in 10ms (next.js: 2ms, application-code: 8ms)
 GET /api/chat/messages 200 in 6ms (next.js: 3ms, application-code: 4ms)
 GET /api/gps/telemetry 200 in 5ms (next.js: 1.7ms, application-code: 4ms)
 GET /api/chat/messages 200 in 8ms (next.js: 3ms, application-code: 5ms)
 GET /api/chat/messages 200 in 5ms (next.js: 1.7ms, application-code: 3ms)
 GET /api/chat/messages 200 in 5ms (next.js: 1.9ms, application-code: 3ms)
 GET /api/chat/messages 200 in 5ms (next.js: 1.9ms, application-code: 3ms)
 GET /api/chat/messages 200 in 6ms (next.js: 2.0ms, application-code: 4ms)
 GET /api/chat/messages 200 in 5ms (next.js: 2ms, application-code: 3ms)
 GET /api/gps/telemetry 200 in 5ms (next.js: 1.7ms, application-code: 3ms)
 GET /api/chat/messages 200 in 5ms (next.js: 1.8ms, application-code: 3ms)
 GET /api/chat/messages 200 in 5ms (next.js: 1.9ms, application-code: 3ms)
 GET /api/chat/messages 200 in 5ms (next.js: 1.7ms, application-code: 3ms)
 GET /api/chat/messages 200 in 5ms (next.js: 1.9ms, application-code: 3ms)
 GET /api/chat/messages 200 in 6ms (next.js: 2ms, application-code: 4ms)
 GET /api/gps/telemetry 200 in 4ms (next.js: 1.7ms, application-code: 3ms)
 GET /api/chat/messages 200 in 6ms (next.js: 2ms, application-code: 4ms)
 GET /api/chat/messages 200 in 5ms (next.js: 2ms, application-code: 3ms)
 GET /api/chat/messages 200 in 6ms (next.js: 2.0ms, application-code: 4ms)
 GET /api/chat/messages 200 in 5ms (next.js: 1.8ms, application-code: 3ms)
 GET /api/chat/messages 200 in 5ms (next.js: 2.0ms, application-code: 3ms)
 GET /api/chat/messages 200 in 5ms (next.js: 1.8ms, application-code: 3ms)
 GET /api/gps/telemetry 200 in 5ms (next.js: 1.8ms, application-code: 3ms)
 GET /api/chat/messages 200 in 6ms (next.js: 1.9ms, application-code: 4ms)
 GET /api/chat/messages 200 in 5ms (next.js: 2ms, application-code: 3ms)
 GET /api/chat/messages 200 in 5ms (next.js: 1.9ms, application-code: 3ms)
 GET /api/chat/messages 200 in 5ms (next.js: 1.7ms, application-code: 3ms)
 GET /api/chat/messages 200 in 5ms (next.js: 1.8ms, application-code: 3ms)
 GET /api/gps/telemetry 200 in 6ms (next.js: 2ms, application-code: 4ms)
 GET /api/chat/messages 200 in 12ms (next.js: 2ms, application-code: 10ms)
 GET /api/chat/messages 200 in 8ms (next.js: 2ms, application-code: 6ms)
 GET /api/chat/messages 200 in 5ms (next.js: 2ms, application-code: 3ms)
 GET /api/chat/messages 200 in 5ms (next.js: 1.9ms, application-code: 3ms)
 GET /api/chat/messages 200 in 6ms (next.js: 3ms, application-code: 3ms)
 GET /api/chat/messages 200 in 5ms (next.js: 1.7ms, application-code: 3ms)
 GET /api/gps/telemetry 200 in 6ms (next.js: 2ms, application-code: 4ms)
 GET /api/chat/messages 200 in 5ms (next.js: 3ms, application-code: 3ms)
 GET /api/chat/messages 200 in 7ms (next.js: 3ms, application-code: 4ms)
 GET /api/chat/messages 200 in 6ms (next.js: 2.0ms, application-code: 4ms)
 GET /api/chat/messages 200 in 6ms (next.js: 2ms, application-code: 4ms)
 GET /api/chat/messages 200 in 4ms (next.js: 1.7ms, application-code: 3ms)
 GET /api/gps/telemetry 200 in 7ms (next.js: 4ms, application-code: 3ms)
 GET /api/chat/messages 200 in 8ms (next.js: 4ms, application-code: 4ms)
 GET /api/chat/messages 200 in 5ms (next.js: 2ms, application-code: 3ms)
 GET /api/chat/messages 200 in 6ms (next.js: 2ms, application-code: 4ms)
 GET /api/chat/messages 200 in 6ms (next.js: 2ms, application-code: 4ms)
 GET /api/chat/messages 200 in 6ms (next.js: 2ms, application-code: 3ms)
 GET /api/chat/messages 200 in 5ms (next.js: 1.9ms, application-code: 3ms)
 GET /api/gps/telemetry 200 in 6ms (next.js: 2.0ms, application-code: 4ms)
 GET /api/chat/messages 200 in 7ms (next.js: 4ms, application-code: 3ms)
 GET /api/chat/messages 200 in 5ms (next.js: 2ms, application-code: 3ms)
 GET /api/chat/messages 200 in 6ms (next.js: 2ms, application-code: 4ms)
 GET /api/chat/messages 200 in 5ms (next.js: 1.8ms, application-code: 3ms)
 GET /api/chat/messages 200 in 6ms (next.js: 2.0ms, application-code: 4ms)
 GET /api/gps/telemetry 200 in 6ms (next.js: 1.9ms, application-code: 4ms)
 GET /api/chat/messages 200 in 6ms (next.js: 2ms, application-code: 4ms)
 GET /api/chat/messages 200 in 5ms (next.js: 2ms, application-code: 3ms)
 GET /api/chat/messages 200 in 5ms (next.js: 1.8ms, application-code: 3ms)
 GET /api/chat/messages 200 in 5ms (next.js: 1.7ms, application-code: 3ms)
 GET /api/chat/messages 200 in 5ms (next.js: 2.0ms, application-code: 3ms)
 GET /api/chat/messages 200 in 6ms (next.js: 1.8ms, application-code: 4ms)
 GET /api/gps/telemetry 200 in 6ms (next.js: 2ms, application-code: 4ms)
 GET /api/chat/messages 200 in 7ms (next.js: 2ms, application-code: 5ms)
 GET /api/chat/messages 200 in 7ms (next.js: 3ms, application-code: 4ms)
 GET /api/chat/messages 200 in 5ms (next.js: 2ms, application-code: 3ms)
 GET /api/chat/messages 200 in 5ms (next.js: 1.7ms, application-code: 3ms)
 GET /api/chat/messages 200 in 6ms (next.js: 2.0ms, application-code: 4ms)
 GET /api/gps/telemetry 200 in 6ms (next.js: 2ms, application-code: 4ms)
 GET /api/chat/messages 200 in 7ms (next.js: 4ms, application-code: 3ms)
 GET /api/chat/messages 200 in 5ms (next.js: 2.0ms, application-code: 3ms)
 GET /api/chat/messages 200 in 6ms (next.js: 2ms, application-code: 4ms)
 GET /api/chat/messages 200 in 4ms (next.js: 1.6ms, application-code: 3ms)
 GET /api/chat/messages 200 in 7ms (next.js: 2ms, application-code: 4ms)
 GET /api/chat/messages 200 in 6ms (next.js: 2ms, application-code: 3ms)
 GET /api/gps/telemetry 200 in 5ms (next.js: 1.7ms, application-code: 3ms)
 GET /api/chat/messages 200 in 5ms (next.js: 1.7ms, application-code: 3ms)
 GET /api/chat/messages 200 in 5ms (next.js: 1.7ms, application-code: 3ms)
 GET /api/chat/messages 200 in 5ms (next.js: 1.9ms, application-code: 3ms)
 GET /api/chat/messages 200 in 6ms (next.js: 2ms, application-code: 3ms)
 GET /api/chat/messages 200 in 6ms (next.js: 2ms, application-code: 4ms)
 GET /api/chat/messages 200 in 6ms (next.js: 2ms, application-code: 3ms)
 GET /api/gps/telemetry 200 in 6ms (next.js: 3ms, application-code: 4ms)
 GET /api/chat/messages 200 in 6ms (next.js: 2ms, application-code: 4ms)
 GET /api/chat/messages 200 in 9ms (next.js: 6ms, application-code: 3ms)
 GET /api/chat/messages 200 in 5ms (next.js: 1.7ms, application-code: 3ms)
 GET /api/chat/messages 200 in 5ms (next.js: 1.8ms, application-code: 3ms)
 GET /api/chat/messages 200 in 6ms (next.js: 3ms, application-code: 3ms)
 GET /api/gps/telemetry 200 in 5ms (next.js: 2ms, application-code: 2ms)
 GET /api/chat/messages 200 in 5ms (next.js: 1.7ms, application-code: 3ms)
 GET /api/chat/messages 200 in 5ms (next.js: 1.9ms, application-code: 3ms)
 GET /api/chat/messages 200 in 6ms (next.js: 2ms, application-code: 3ms)
 GET /api/chat/messages 200 in 5ms (next.js: 1.8ms, application-code: 3ms)
 GET /api/chat/messages 200 in 5ms (next.js: 1.8ms, application-code: 4ms)
 GET /api/chat/messages 200 in 8ms (next.js: 5ms, application-code: 3ms)
 GET /api/gps/telemetry 200 in 5ms (next.js: 1.9ms, application-code: 3ms)
 GET /api/chat/messages 200 in 7ms (next.js: 3ms, application-code: 3ms)
 GET /api/chat/messages 200 in 5ms (next.js: 1.9ms, application-code: 3ms)
 GET /api/chat/messages 200 in 5ms (next.js: 1.8ms, application-code: 3ms)
 GET /api/chat/messages 200 in 7ms (next.js: 4ms, application-code: 3ms)
 GET /api/chat/messages 200 in 6ms (next.js: 2.0ms, application-code: 4ms)
 GET /api/gps/telemetry 200 in 5ms (next.js: 1.9ms, application-code: 4ms)
 GET /api/chat/messages 200 in 8ms (next.js: 4ms, application-code: 4ms)
 GET /api/chat/messages 200 in 5ms (next.js: 1.8ms, application-code: 4ms)
 GET /api/chat/messages 200 in 6ms (next.js: 2ms, application-code: 4ms)
 GET /api/chat/messages 200 in 5ms (next.js: 1.9ms, application-code: 3ms)
 GET /api/chat/messages 200 in 5ms (next.js: 1.9ms, application-code: 3ms)
 GET /api/chat/messages 200 in 6ms (next.js: 2ms, application-code: 4ms)
 GET /api/gps/telemetry 200 in 5ms (next.js: 1.7ms, application-code: 3ms)
 GET /api/chat/messages 200 in 11ms (next.js: 4ms, application-code: 7ms)
 GET /api/chat/messages 200 in 5ms (next.js: 1.8ms, application-code: 3ms)
 GET /api/chat/messages 200 in 5ms (next.js: 1.7ms, application-code: 3ms)
 GET /api/chat/messages 200 in 5ms (next.js: 1.7ms, application-code: 3ms)
 GET /api/chat/messages 200 in 5ms (next.js: 2ms, application-code: 3ms)
 GET /api/gps/telemetry 200 in 4ms (next.js: 1.5ms, application-code: 2ms)
 GET /api/chat/messages 200 in 5ms (next.js: 2.0ms, application-code: 3ms)
 GET /api/chat/messages 200 in 5ms (next.js: 2ms, application-code: 3ms)
 GET /api/chat/messages 200 in 5ms (next.js: 2ms, application-code: 3ms)
 GET /api/chat/messages 200 in 5ms (next.js: 1.9ms, application-code: 4ms)
 GET /api/chat/messages 200 in 6ms (next.js: 1.9ms, application-code: 4ms)
 GET /api/chat/messages 200 in 5ms (next.js: 2ms, application-code: 3ms)
 GET /api/gps/telemetry 200 in 5ms (next.js: 1.9ms, application-code: 3ms)
 GET /api/chat/messages 200 in 9ms (next.js: 3ms, application-code: 5ms)
 GET /api/chat/messages 200 in 5ms (next.js: 1.9ms, application-code: 3ms)
 GET /api/chat/messages 200 in 5ms (next.js: 1.9ms, application-code: 3ms)
 GET /api/chat/messages 200 in 5ms (next.js: 2.0ms, application-code: 3ms)
 GET /api/chat/messages 200 in 6ms (next.js: 2ms, application-code: 4ms)
 GET /api/gps/telemetry 200 in 6ms (next.js: 3ms, application-code: 3ms)
 GET /api/chat/messages 200 in 9ms (next.js: 2ms, application-code: 6ms)
 GET /api/chat/messages 200 in 6ms (next.js: 3ms, application-code: 3ms)
 GET /api/chat/messages 200 in 5ms (next.js: 2ms, application-code: 2ms)
 GET /api/chat/messages 200 in 5ms (next.js: 1.8ms, application-code: 3ms)
 GET /api/chat/messages 200 in 5ms (next.js: 1.8ms, application-code: 3ms)
 GET /api/chat/messages 200 in 5ms (next.js: 1.8ms, application-code: 3ms)
 GET /api/gps/telemetry 200 in 5ms (next.js: 1.7ms, application-code: 3ms)
 GET /api/chat/messages 200 in 5ms (next.js: 1.8ms, application-code: 3ms)
 GET /api/chat/messages 200 in 6ms (next.js: 2ms, application-code: 4ms)
 GET /api/chat/messages 200 in 5ms (next.js: 1.9ms, application-code: 3ms)
 GET /api/chat/messages 200 in 5ms (next.js: 1.9ms, application-code: 3ms)
 GET /api/chat/messages 200 in 5ms (next.js: 2ms, application-code: 3ms)
 GET /api/gps/telemetry 200 in 9ms (next.js: 6ms, application-code: 4ms)
 GET /api/chat/messages 200 in 5ms (next.js: 3ms, application-code: 3ms)
 GET /api/chat/messages 200 in 6ms (next.js: 2ms, application-code: 4ms)
 GET /api/chat/messages 200 in 6ms (next.js: 2ms, application-code: 3ms)
 GET /api/chat/messages 200 in 6ms (next.js: 2ms, application-code: 4ms)
 GET /api/chat/messages 200 in 6ms (next.js: 2.0ms, application-code: 4ms)
 GET /api/chat/messages 200 in 6ms (next.js: 2ms, application-code: 4ms)
 GET /api/gps/telemetry 200 in 5ms (next.js: 2ms, application-code: 3ms)
 GET /api/chat/messages 200 in 7ms (next.js: 4ms, application-code: 3ms)
 GET /api/chat/messages 200 in 5ms (next.js: 1.9ms, application-code: 3ms)
 GET /api/chat/messages 200 in 4ms (next.js: 1.6ms, application-code: 2ms)
 GET /api/chat/messages 200 in 7ms (next.js: 3ms, application-code: 4ms)
 GET /api/chat/messages 200 in 6ms (next.js: 2ms, application-code: 3ms)
 GET /api/gps/telemetry 200 in 5ms (next.js: 1.9ms, application-code: 3ms)
 GET /api/chat/messages 200 in 8ms (next.js: 3ms, application-code: 4ms)
 GET /api/chat/messages 200 in 6ms (next.js: 1.9ms, application-code: 4ms)
 GET /api/chat/messages 200 in 5ms (next.js: 1.8ms, application-code: 3ms)
 GET /api/chat/messages 200 in 5ms (next.js: 1.8ms, application-code: 3ms)
 GET /api/chat/messages 200 in 5ms (next.js: 1.8ms, application-code: 3ms)
 GET /api/chat/messages 200 in 5ms (next.js: 1.9ms, application-code: 3ms)
 GET /api/gps/telemetry 200 in 6ms (next.js: 1.7ms, application-code: 4ms)
 GET /api/chat/messages 200 in 8ms (next.js: 2ms, application-code: 6ms)
 GET /api/chat/messages 200 in 6ms (next.js: 2ms, application-code: 3ms)
 GET /api/chat/messages 200 in 5ms (next.js: 2ms, application-code: 3ms)
 GET /api/chat/messages 200 in 5ms (next.js: 1.8ms, application-code: 3ms)
 GET /api/chat/messages 200 in 5ms (next.js: 1.9ms, application-code: 3ms)
 GET /api/chat/messages 200 in 5ms (next.js: 1.9ms, application-code: 3ms)
 GET /api/gps/telemetry 200 in 5ms (next.js: 2ms, application-code: 3ms)
 GET /api/chat/messages 200 in 7ms (next.js: 2ms, application-code: 5ms)
 GET /api/chat/messages 200 in 6ms (next.js: 3ms, application-code: 3ms)
 GET /api/chat/messages 200 in 5ms (next.js: 1.8ms, application-code: 3ms)
 GET /api/chat/messages 200 in 4ms (next.js: 1.7ms, application-code: 2ms)
 GET /api/chat/messages 200 in 5ms (next.js: 2ms, application-code: 3ms)
 GET /api/gps/telemetry 200 in 6ms (next.js: 1.9ms, application-code: 4ms)
 GET /api/chat/messages 200 in 6ms (next.js: 3ms, application-code: 2ms)
 GET /api/chat/messages 200 in 5ms (next.js: 1.9ms, application-code: 3ms)
 GET /api/chat/messages 200 in 6ms (next.js: 1.9ms, application-code: 4ms)
 GET /api/chat/messages 200 in 5ms (next.js: 1.9ms, application-code: 3ms)
 GET /api/chat/messages 200 in 5ms (next.js: 1.7ms, application-code: 3ms)
 GET /api/chat/messages 200 in 4ms (next.js: 1.6ms, application-code: 2ms)
 GET /api/gps/telemetry 200 in 5ms (next.js: 2ms, application-code: 3ms)
 GET /api/chat/messages 200 in 6ms (next.js: 3ms, application-code: 2ms)
 GET /api/chat/messages 200 in 5ms (next.js: 1.9ms, application-code: 3ms)
 GET /api/chat/messages 200 in 5ms (next.js: 1.9ms, application-code: 3ms)
 GET /api/chat/messages 200 in 5ms (next.js: 2ms, application-code: 3ms)
 GET /api/chat/messages 200 in 5ms (next.js: 1.8ms, application-code: 3ms)
 GET /api/gps/telemetry 200 in 5ms (next.js: 2ms, application-code: 3ms)
 GET /api/chat/messages 200 in 7ms (next.js: 4ms, application-code: 3ms)
 GET /api/chat/messages 200 in 4ms (next.js: 1.5ms, application-code: 2ms)
 GET /api/chat/messages 200 in 5ms (next.js: 2.0ms, application-code: 3ms)
 GET /api/chat/messages 200 in 6ms (next.js: 3ms, application-code: 3ms)
 GET /api/chat/messages 200 in 5ms (next.js: 2ms, application-code: 3ms)
 GET /api/chat/messages 200 in 4ms (next.js: 1.6ms, application-code: 2ms)
 GET /api/gps/telemetry 200 in 5ms (next.js: 2ms, application-code: 3ms)
 GET /api/chat/messages 200 in 8ms (next.js: 4ms, application-code: 4ms)
 GET /api/chat/messages 200 in 5ms (next.js: 1.8ms, application-code: 3ms)
 GET /api/chat/messages 200 in 5ms (next.js: 2.0ms, application-code: 3ms)
 GET /api/chat/messages 200 in 5ms (next.js: 1.9ms, application-code: 3ms)
 GET /api/chat/messages 200 in 6ms (next.js: 2ms, application-code: 4ms)
 GET /api/gps/telemetry 200 in 5ms (next.js: 2ms, application-code: 3ms)
 GET /api/chat/messages 200 in 9ms (next.js: 3ms, application-code: 6ms)
 GET /api/chat/messages 200 in 5ms (next.js: 1.9ms, application-code: 3ms)
 GET /api/chat/messages 200 in 5ms (next.js: 2.0ms, application-code: 3ms)
 GET /api/chat/messages 200 in 10ms (next.js: 2ms, application-code: 8ms)
 GET /api/chat/messages 200 in 5ms (next.js: 1.9ms, application-code: 3ms)
 GET /api/chat/messages 200 in 6ms (next.js: 2ms, application-code: 3ms)
 GET /api/gps/telemetry 200 in 5ms (next.js: 1.8ms, application-code: 3ms)
 GET /api/chat/messages 200 in 9ms (next.js: 3ms, application-code: 6ms)
 GET /api/chat/messages 200 in 5ms (next.js: 1.7ms, application-code: 3ms)
 GET /api/chat/messages 200 in 5ms (next.js: 1.8ms, application-code: 3ms)
 GET /api/chat/messages 200 in 4ms (next.js: 1.6ms, application-code: 3ms)
 GET /api/chat/messages 200 in 5ms (next.js: 1.8ms, application-code: 3ms)
 GET /api/gps/telemetry 200 in 5ms (next.js: 1.8ms, application-code: 3ms)
 GET /api/chat/messages 200 in 4ms (next.js: 1.5ms, application-code: 3ms)
 GET /api/chat/messages 200 in 5ms (next.js: 2ms, application-code: 3ms)
 GET /api/chat/messages 200 in 5ms (next.js: 1.9ms, application-code: 3ms)
 GET /api/chat/messages 200 in 4ms (next.js: 1.5ms, application-code: 3ms)
 GET /api/chat/messages 200 in 6ms (next.js: 2ms, application-code: 4ms)
 GET /api/chat/messages 200 in 6ms (next.js: 2ms, application-code: 4ms)
 GET /api/gps/telemetry 200 in 5ms (next.js: 1.8ms, application-code: 3ms)
 GET /api/chat/messages 200 in 5ms (next.js: 1.8ms, application-code: 3ms)
 GET /api/chat/messages 200 in 6ms (next.js: 1.9ms, application-code: 4ms)
 GET /api/chat/messages 200 in 8ms (next.js: 4ms, application-code: 4ms)
 GET /api/chat/messages 200 in 5ms (next.js: 1.9ms, application-code: 3ms)
 GET /api/chat/messages 200 in 5ms (next.js: 1.8ms, application-code: 3ms)
 GET /api/gps/telemetry 200 in 5ms (next.js: 1.8ms, application-code: 3ms)
 GET /api/chat/messages 200 in 12ms (next.js: 5ms, application-code: 7ms)
 GET /api/chat/messages 200 in 6ms (next.js: 1.9ms, application-code: 4ms)
 GET /api/chat/messages 200 in 5ms (next.js: 1.9ms, application-code: 3ms)
 GET /api/chat/messages 200 in 8ms (next.js: 2ms, application-code: 6ms)
 GET /api/chat/messages 200 in 7ms (next.js: 3ms, application-code: 4ms)
 GET /api/chat/messages 200 in 6ms (next.js: 2.0ms, application-code: 4ms)
 GET /api/gps/telemetry 200 in 5ms (next.js: 1.9ms, application-code: 3ms)
 GET /api/chat/messages 200 in 9ms (next.js: 4ms, application-code: 6ms)
 GET /api/chat/messages 200 in 6ms (next.js: 2ms, application-code: 4ms)
 GET /api/chat/messages 200 in 5ms (next.js: 2ms, application-code: 3ms)
 GET /api/chat/messages 200 in 6ms (next.js: 1.9ms, application-code: 4ms)
 GET /api/chat/messages 200 in 6ms (next.js: 2ms, application-code: 3ms)
 GET /api/chat/messages 200 in 8ms (next.js: 5ms, application-code: 3ms)
 GET /api/gps/telemetry 200 in 6ms (next.js: 2ms, application-code: 4ms)
 GET /api/chat/messages 200 in 6ms (next.js: 1.8ms, application-code: 4ms)
 GET /api/chat/messages 200 in 5ms (next.js: 1.8ms, application-code: 3ms)
 GET /api/chat/messages 200 in 5ms (next.js: 1.8ms, application-code: 3ms)
 GET /api/chat/messages 200 in 6ms (next.js: 2ms, application-code: 4ms)
 GET /api/chat/messages 200 in 6ms (next.js: 2ms, application-code: 4ms)
 GET /api/gps/telemetry 200 in 5ms (next.js: 2.0ms, application-code: 3ms)
 GET /api/chat/messages 200 in 10ms (next.js: 3ms, application-code: 7ms)
 GET /api/chat/messages 200 in 6ms (next.js: 1.8ms, application-code: 4ms)
 GET /api/chat/messages 200 in 5ms (next.js: 1.7ms, application-code: 3ms)
 GET /api/chat/messages 200 in 5ms (next.js: 1.9ms, application-code: 4ms)
 GET /api/chat/messages 200 in 5ms (next.js: 2ms, application-code: 3ms)
 GET /api/chat/messages 200 in 6ms (next.js: 2ms, application-code: 4ms)
 GET /api/gps/telemetry 200 in 5ms (next.js: 2.0ms, application-code: 3ms)
 GET /api/chat/messages 200 in 7ms (next.js: 4ms, application-code: 4ms)
 GET /api/chat/messages 200 in 6ms (next.js: 2ms, application-code: 3ms)
 GET /api/chat/messages 200 in 5ms (next.js: 1.8ms, application-code: 3ms)
 GET /api/chat/messages 200 in 5ms (next.js: 1.8ms, application-code: 3ms)
 GET /api/chat/messages 200 in 7ms (next.js: 2ms, application-code: 5ms)
 GET /api/gps/telemetry 200 in 10ms (next.js: 4ms, application-code: 5ms)
 GET /api/chat/messages 200 in 7ms (next.js: 4ms, application-code: 3ms)
 GET /api/chat/messages 200 in 5ms (next.js: 2ms, application-code: 3ms)
 GET /api/chat/messages 200 in 5ms (next.js: 1.9ms, application-code: 3ms)
 GET /api/chat/messages 200 in 9ms (next.js: 6ms, application-code: 3ms)
 GET /api/chat/messages 200 in 5ms (next.js: 1.8ms, application-code: 3ms)
 GET /api/chat/messages 200 in 5ms (next.js: 2ms, application-code: 3ms)
 GET /api/gps/telemetry 200 in 6ms (next.js: 2ms, application-code: 4ms)
 GET /api/chat/messages 200 in 9ms (next.js: 1.9ms, application-code: 8ms)
 GET /api/chat/messages 200 in 6ms (next.js: 1.9ms, application-code: 4ms)
 GET /api/chat/messages 200 in 8ms (next.js: 3ms, application-code: 6ms)
 GET /api/chat/messages 200 in 4ms (next.js: 1.5ms, application-code: 3ms)
 GET /api/gps/telemetry 200 in 5ms (next.js: 1.8ms, application-code: 3ms)
 GET /api/chat/messages 200 in 8ms (next.js: 1.6ms, application-code: 6ms)
 GET /api/gps/telemetry 200 in 16ms (next.js: 9ms, application-code: 7ms)
 GET /api/gps/telemetry 200 in 6ms (next.js: 2ms, application-code: 4ms)
 GET /api/chat/messages 200 in 5ms (next.js: 2ms, application-code: 3ms)
 GET /api/gps/telemetry 200 in 5ms (next.js: 1.8ms, application-code: 3ms)
 GET /api/gps/telemetry 200 in 6ms (next.js: 3ms, application-code: 3ms)
 GET /api/chat/messages 200 in 9ms (next.js: 7ms, application-code: 3ms)
 GET /api/gps/telemetry 200 in 12ms (next.js: 5ms, application-code: 7ms)
 GET /api/gps/telemetry 200 in 14ms (next.js: 5ms, application-code: 9ms)
 GET /api/chat/messages 200 in 20ms (next.js: 15ms, application-code: 5ms)
 GET /api/gps/telemetry 200 in 9ms (next.js: 5ms, application-code: 3ms)
 GET /api/gps/telemetry 200 in 6ms (next.js: 2ms, application-code: 4ms)
 GET /api/gps/telemetry 200 in 19ms (next.js: 12ms, application-code: 7ms)
 GET /api/chat/messages 200 in 24ms (next.js: 20ms, application-code: 3ms)
 GET /api/chat/messages 200 in 20ms (next.js: 8ms, application-code: 12ms)
 GET /api/chat/messages 200 in 11ms (next.js: 3ms, application-code: 8ms)
 GET /api/chat/messages 200 in 6ms (next.js: 1.6ms, application-code: 4ms)
 GET /api/chat/messages 200 in 7ms (next.js: 3ms, application-code: 4ms)
 GET /api/chat/messages 200 in 7ms (next.js: 3ms, application-code: 4ms)
 GET /api/chat/messages 200 in 6ms (next.js: 2ms, application-code: 3ms)
 GET /api/gps/telemetry 200 in 6ms (next.js: 2ms, application-code: 3ms)
 GET /api/chat/messages 200 in 6ms (next.js: 2ms, application-code: 3ms)
 GET /api/chat/messages 200 in 48ms (next.js: 11ms, application-code: 36ms)
 GET /api/chat/messages 200 in 7ms (next.js: 4ms, application-code: 3ms)
 GET /api/chat/messages 200 in 5ms (next.js: 1.7ms, application-code: 4ms)
 GET /api/chat/messages 200 in 5ms (next.js: 1.9ms, application-code: 3ms)
 GET /api/chat/messages 200 in 5ms (next.js: 3ms, application-code: 3ms)
 GET /api/gps/telemetry 200 in 6ms (next.js: 2ms, application-code: 4ms)
 GET /api/chat/messages 200 in 8ms (next.js: 1.8ms, application-code: 6ms)
 GET /api/chat/messages 200 in 8ms (next.js: 3ms, application-code: 5ms)
 GET /api/chat/messages 200 in 6ms (next.js: 2ms, application-code: 3ms)
 GET /api/chat/messages 200 in 5ms (next.js: 1.8ms, application-code: 3ms)
 GET /api/chat/messages 200 in 6ms (next.js: 3ms, application-code: 4ms)
 GET /api/gps/telemetry 200 in 5ms (next.js: 1.8ms, application-code: 4ms)
 GET /api/chat/messages 200 in 6ms (next.js: 3ms, application-code: 3ms)
 GET /api/chat/messages 200 in 5ms (next.js: 1.5ms, application-code: 4ms)
 GET /api/chat/messages 200 in 5ms (next.js: 2.0ms, application-code: 3ms)
 GET /api/chat/messages 200 in 5ms (next.js: 1.8ms, application-code: 4ms)
 GET /api/chat/messages 200 in 7ms (next.js: 2ms, application-code: 4ms)
 GET /api/chat/messages 200 in 4ms (next.js: 1.3ms, application-code: 2ms)
 GET /api/gps/telemetry 200 in 11ms (next.js: 4ms, application-code: 6ms)
 GET /api/chat/messages 200 in 7ms (next.js: 1.4ms, application-code: 6ms)
 GET /api/chat/messages 200 in 7ms (next.js: 3ms, application-code: 5ms)
 GET /api/chat/messages 200 in 7ms (next.js: 3ms, application-code: 4ms)
 GET /api/chat/messages 200 in 7ms (next.js: 2ms, application-code: 5ms)
 GET /api/chat/messages 200 in 5ms (next.js: 2ms, application-code: 3ms)
 GET /api/gps/telemetry 200 in 6ms (next.js: 2ms, application-code: 4ms)
 GET /api/chat/messages 200 in 5ms (next.js: 1.9ms, application-code: 3ms)
 GET /api/chat/messages 200 in 5ms (next.js: 2ms, application-code: 3ms)
 GET /api/chat/messages 200 in 6ms (next.js: 2ms, application-code: 4ms)
 GET /api/chat/messages 200 in 5ms (next.js: 1.8ms, application-code: 3ms)
 GET /api/chat/messages 200 in 16ms (next.js: 9ms, application-code: 7ms)
 GET /api/chat/messages 200 in 5ms (next.js: 1.7ms, application-code: 3ms)
 GET /api/gps/telemetry 200 in 7ms (next.js: 1.9ms, application-code: 5ms)
 GET /api/chat/messages 200 in 8ms (next.js: 1.6ms, application-code: 6ms)
 GET /api/chat/messages 200 in 8ms (next.js: 2ms, application-code: 5ms)
 GET /api/chat/messages 200 in 9ms (next.js: 3ms, application-code: 6ms)
 GET /api/chat/messages 200 in 5ms (next.js: 1.9ms, application-code: 3ms)
 GET /api/chat/messages 200 in 5ms (next.js: 1.9ms, application-code: 4ms)
 GET /api/gps/telemetry 200 in 8ms (next.js: 5ms, application-code: 3ms)
 GET /api/chat/messages 200 in 6ms (next.js: 3ms, application-code: 3ms)
 GET /api/chat/messages 200 in 7ms (next.js: 2.0ms, application-code: 5ms)
 GET /api/chat/messages 200 in 4ms (next.js: 1.6ms, application-code: 3ms)
 GET /api/chat/messages 200 in 5ms (next.js: 1.8ms, application-code: 3ms)
 GET /api/chat/messages 200 in 6ms (next.js: 2ms, application-code: 4ms)
 GET /api/chat/messages 200 in 5ms (next.js: 1.9ms, application-code: 3ms)
 GET /api/gps/telemetry 200 in 5ms (next.js: 2ms, application-code: 3ms)
 GET /api/chat/messages 200 in 7ms (next.js: 4ms, application-code: 3ms)
 GET /api/chat/messages 200 in 5ms (next.js: 1.8ms, application-code: 3ms)
 GET /api/chat/messages 200 in 8ms (next.js: 1.8ms, application-code: 7ms)
 GET /api/chat/messages 200 in 7ms (next.js: 3ms, application-code: 4ms)
 GET /api/chat/messages 200 in 6ms (next.js: 2ms, application-code: 4ms)
 GET /api/gps/telemetry 200 in 6ms (next.js: 3ms, application-code: 3ms)
 GET /api/chat/messages 200 in 7ms (next.js: 4ms, application-code: 4ms)
 GET /api/chat/messages 200 in 5ms (next.js: 1.8ms, application-code: 3ms)
 GET /api/gps/telemetry 200 in 8ms (next.js: 3ms, application-code: 6ms)
 GET /api/chat/messages 200 in 7ms (next.js: 4ms, application-code: 4ms)
 GET /api/gps/telemetry 200 in 6ms (next.js: 3ms, application-code: 3ms)
 GET /api/gps/telemetry 200 in 5ms (next.js: 1.8ms, application-code: 3ms)
 GET /api/chat/messages 200 in 14ms (next.js: 10ms, application-code: 4ms)
 GET /api/chat/messages 200 in 9ms (next.js: 2ms, application-code: 6ms)
 GET /api/chat/messages 200 in 15ms (next.js: 8ms, application-code: 7ms)
 GET /api/gps/telemetry 200 in 5ms (next.js: 1.7ms, application-code: 3ms)
 GET /api/chat/messages 200 in 9ms (next.js: 3ms, application-code: 6ms)
 GET /api/chat/messages 200 in 6ms (next.js: 3ms, application-code: 3ms)
 GET /api/chat/messages 200 in 6ms (next.js: 1.7ms, application-code: 4ms)
 GET /api/chat/messages 200 in 5ms (next.js: 1.8ms, application-code: 3ms)
 GET /api/chat/messages 200 in 5ms (next.js: 1.9ms, application-code: 3ms)
 GET /api/gps/telemetry 200 in 5ms (next.js: 2ms, application-code: 3ms)
 GET /api/chat/messages 200 in 7ms (next.js: 2ms, application-code: 5ms)
 GET /api/chat/messages 200 in 6ms (next.js: 2ms, application-code: 3ms)
 GET /api/chat/messages 200 in 5ms (next.js: 1.9ms, application-code: 3ms)
 GET /api/chat/messages 200 in 5ms (next.js: 1.8ms, application-code: 3ms)
 GET /api/chat/messages 200 in 5ms (next.js: 1.9ms, application-code: 3ms)
 GET /api/chat/messages 200 in 5ms (next.js: 2ms, application-code: 3ms)
 GET /api/gps/telemetry 200 in 5ms (next.js: 1.8ms, application-code: 3ms)
 GET /api/chat/messages 200 in 8ms (next.js: 4ms, application-code: 4ms)
 GET /api/chat/messages 200 in 6ms (next.js: 2.0ms, application-code: 4ms)
 GET /api/chat/messages 200 in 6ms (next.js: 3ms, application-code: 4ms)
 GET /api/chat/messages 200 in 5ms (next.js: 2.0ms, application-code: 3ms)
 GET /api/chat/messages 200 in 5ms (next.js: 1.8ms, application-code: 3ms)
 GET /api/gps/telemetry 200 in 5ms (next.js: 1.7ms, application-code: 3ms)
 GET /api/chat/messages 200 in 13ms (next.js: 7ms, application-code: 6ms)
 GET /api/chat/messages 200 in 5ms (next.js: 1.7ms, application-code: 3ms)
 GET /api/chat/messages 200 in 5ms (next.js: 1.9ms, application-code: 3ms)
 GET /api/chat/messages 200 in 5ms (next.js: 1.7ms, application-code: 4ms)
 GET /api/chat/messages 200 in 6ms (next.js: 2ms, application-code: 4ms)
 GET /api/chat/messages 200 in 5ms (next.js: 1.7ms, application-code: 3ms)
 GET /api/gps/telemetry 200 in 6ms (next.js: 3ms, application-code: 3ms)
 GET /api/chat/messages 200 in 8ms (next.js: 4ms, application-code: 4ms)
 GET /api/chat/messages 200 in 5ms (next.js: 1.8ms, application-code: 3ms)
 GET /api/chat/messages 200 in 5ms (next.js: 1.9ms, application-code: 3ms)
 GET /api/chat/messages 200 in 5ms (next.js: 1.9ms, application-code: 3ms)
 GET /api/chat/messages 200 in 6ms (next.js: 2ms, application-code: 4ms)
 GET /api/chat/messages 200 in 5ms (next.js: 2ms, application-code: 3ms)
 GET /api/gps/telemetry 200 in 4ms (next.js: 1.7ms, application-code: 2ms)
 GET /api/chat/messages 200 in 6ms (next.js: 1.9ms, application-code: 4ms)
 GET /api/chat/messages 200 in 6ms (next.js: 2ms, application-code: 3ms)
 GET /api/chat/messages 200 in 5ms (next.js: 1.9ms, application-code: 3ms)
 GET /api/chat/messages 200 in 6ms (next.js: 2ms, application-code: 3ms)
 GET /api/chat/messages 200 in 6ms (next.js: 1.8ms, application-code: 4ms)
 GET /api/gps/telemetry 200 in 6ms (next.js: 3ms, application-code: 4ms)
 GET /api/chat/messages 200 in 8ms (next.js: 2ms, application-code: 6ms)
 GET /api/chat/messages 200 in 5ms (next.js: 1.7ms, application-code: 3ms)
 GET /api/chat/messages 200 in 5ms (next.js: 1.8ms, application-code: 3ms)
 GET /api/chat/messages 200 in 4ms (next.js: 1.8ms, application-code: 2ms)
 GET /api/chat/messages 200 in 5ms (next.js: 1.9ms, application-code: 3ms)
 GET /api/chat/messages 200 in 6ms (next.js: 1.7ms, application-code: 4ms)
 GET /api/gps/telemetry 200 in 5ms (next.js: 1.9ms, application-code: 3ms)
 GET /api/chat/messages 200 in 7ms (next.js: 2ms, application-code: 5ms)
 GET /api/chat/messages 200 in 5ms (next.js: 2ms, application-code: 3ms)
 GET /api/chat/messages 200 in 5ms (next.js: 1.7ms, application-code: 3ms)
 GET /api/chat/messages 200 in 5ms (next.js: 1.7ms, application-code: 3ms)
 GET /api/chat/messages 200 in 5ms (next.js: 1.6ms, application-code: 3ms)
 GET /api/gps/telemetry 200 in 6ms (next.js: 1.8ms, application-code: 4ms)
 GET /api/chat/messages 200 in 5ms (next.js: 1.9ms, application-code: 3ms)
 GET /api/chat/messages 200 in 6ms (next.js: 2ms, application-code: 4ms)
 GET /api/chat/messages 200 in 6ms (next.js: 2ms, application-code: 4ms)
 GET /api/chat/messages 200 in 7ms (next.js: 3ms, application-code: 4ms)
 GET /api/chat/messages 200 in 5ms (next.js: 1.8ms, application-code: 3ms)
 GET /api/chat/messages 200 in 5ms (next.js: 2.0ms, application-code: 3ms)
 GET /api/gps/telemetry 200 in 6ms (next.js: 2ms, application-code: 4ms)
 GET /api/chat/messages 200 in 5ms (next.js: 3ms, application-code: 3ms)
 GET /api/chat/messages 200 in 5ms (next.js: 1.7ms, application-code: 3ms)
 GET /api/chat/messages 200 in 6ms (next.js: 2ms, application-code: 4ms)
 GET /api/chat/messages 200 in 6ms (next.js: 3ms, application-code: 3ms)
 GET /api/chat/messages 200 in 5ms (next.js: 1.8ms, application-code: 3ms)
 GET /api/gps/telemetry 200 in 6ms (next.js: 2ms, application-code: 4ms)
 GET /api/chat/messages 200 in 8ms (next.js: 3ms, application-code: 4ms)
 GET /api/chat/messages 200 in 5ms (next.js: 2ms, application-code: 3ms)
 GET /api/chat/messages 200 in 5ms (next.js: 2ms, application-code: 3ms)
 GET /api/chat/messages 200 in 9ms (next.js: 6ms, application-code: 3ms)
 GET /api/chat/messages 200 in 6ms (next.js: 1.8ms, application-code: 4ms)
 GET /api/chat/messages 200 in 5ms (next.js: 2ms, application-code: 3ms)
 GET /api/gps/telemetry 200 in 5ms (next.js: 2ms, application-code: 3ms)
 GET /api/chat/messages 200 in 8ms (next.js: 3ms, application-code: 5ms)
 GET /api/chat/messages 200 in 5ms (next.js: 1.6ms, application-code: 3ms)
 GET /api/chat/messages 200 in 5ms (next.js: 1.7ms, application-code: 3ms)
 GET /api/chat/messages 200 in 5ms (next.js: 1.7ms, application-code: 3ms)
 GET /api/chat/messages 200 in 5ms (next.js: 1.9ms, application-code: 3ms)
 GET /api/gps/telemetry 200 in 6ms (next.js: 2.0ms, application-code: 4ms)
 GET /api/chat/messages 200 in 7ms (next.js: 2ms, application-code: 5ms)
 GET /api/chat/messages 200 in 4ms (next.js: 1.8ms, application-code: 3ms)
 GET /api/chat/messages 200 in 5ms (next.js: 1.9ms, application-code: 3ms)
 GET /api/chat/messages 200 in 5ms (next.js: 1.7ms, application-code: 3ms)
 GET /api/chat/messages 200 in 5ms (next.js: 1.7ms, application-code: 3ms)
 GET /api/chat/messages 200 in 5ms (next.js: 1.8ms, application-code: 3ms)
 GET /api/gps/telemetry 200 in 6ms (next.js: 2ms, application-code: 4ms)
 GET /api/chat/messages 200 in 5ms (next.js: 1.8ms, application-code: 3ms)
 GET /api/chat/messages 200 in 6ms (next.js: 2ms, application-code: 4ms)
 GET /api/chat/messages 200 in 5ms (next.js: 2ms, application-code: 3ms)
 GET /api/chat/messages 200 in 5ms (next.js: 1.9ms, application-code: 3ms)
 GET /api/chat/messages 200 in 5ms (next.js: 1.8ms, application-code: 3ms)
 GET /api/gps/telemetry 200 in 5ms (next.js: 2ms, application-code: 3ms)
 GET /api/chat/messages 200 in 5ms (next.js: 2.0ms, application-code: 3ms)
 GET /api/chat/messages 200 in 5ms (next.js: 1.7ms, application-code: 3ms)
 GET /api/chat/messages 200 in 5ms (next.js: 2ms, application-code: 3ms)
 GET /api/chat/messages 200 in 5ms (next.js: 1.7ms, application-code: 3ms)
 GET /api/chat/messages 200 in 4ms (next.js: 1.8ms, application-code: 3ms)
 GET /api/chat/messages 200 in 5ms (next.js: 1.7ms, application-code: 3ms)
 GET /api/gps/telemetry 200 in 5ms (next.js: 2ms, application-code: 3ms)
 GET /api/chat/messages 200 in 4ms (next.js: 1.7ms, application-code: 3ms)
 GET /api/chat/messages 200 in 7ms (next.js: 2ms, application-code: 5ms)
 GET /api/chat/messages 200 in 6ms (next.js: 2ms, application-code: 4ms)
 GET /api/chat/messages 200 in 6ms (next.js: 2ms, application-code: 3ms)
 GET /api/chat/messages 200 in 5ms (next.js: 1.7ms, application-code: 3ms)
 GET /api/gps/telemetry 200 in 5ms (next.js: 1.9ms, application-code: 3ms)
 GET /api/chat/messages 200 in 5ms (next.js: 2ms, application-code: 3ms)
 GET /api/chat/messages 200 in 4ms (next.js: 1.6ms, application-code: 3ms)
 GET /api/chat/messages 200 in 5ms (next.js: 1.9ms, application-code: 3ms)
 GET /api/chat/messages 200 in 5ms (next.js: 1.8ms, application-code: 3ms)
 GET /api/chat/messages 200 in 6ms (next.js: 2ms, application-code: 4ms)
 GET /api/chat/messages 200 in 8ms (next.js: 3ms, application-code: 5ms)
 GET /api/gps/telemetry 200 in 5ms (next.js: 2ms, application-code: 3ms)
 GET /api/chat/messages 200 in 9ms (next.js: 4ms, application-code: 5ms)
 GET /api/chat/messages 200 in 6ms (next.js: 1.8ms, application-code: 4ms)
 GET /api/chat/messages 200 in 5ms (next.js: 1.8ms, application-code: 3ms)
 GET /api/chat/messages 200 in 6ms (next.js: 2ms, application-code: 4ms)
 GET /api/chat/messages 200 in 6ms (next.js: 1.9ms, application-code: 4ms)
 GET /api/chat/messages 200 in 6ms (next.js: 2ms, application-code: 3ms)
 GET /api/gps/telemetry 200 in 5ms (next.js: 2ms, application-code: 3ms)
 GET /api/chat/messages 200 in 6ms (next.js: 2ms, application-code: 4ms)
 GET /api/chat/messages 200 in 5ms (next.js: 1.8ms, application-code: 3ms)
 GET /api/chat/messages 200 in 4ms (next.js: 1.5ms, application-code: 3ms)
 GET /api/chat/messages 200 in 5ms (next.js: 1.8ms, application-code: 3ms)
 GET /api/chat/messages 200 in 5ms (next.js: 1.9ms, application-code: 4ms)
 GET /api/gps/telemetry 200 in 5ms (next.js: 1.6ms, application-code: 3ms)
 GET /api/chat/messages 200 in 6ms (next.js: 1.9ms, application-code: 4ms)
 GET /api/chat/messages 200 in 6ms (next.js: 2ms, application-code: 4ms)
 GET /api/chat/messages 200 in 5ms (next.js: 1.9ms, application-code: 3ms)
 GET /api/chat/messages 200 in 5ms (next.js: 1.8ms, application-code: 3ms)
 GET /api/chat/messages 200 in 4ms (next.js: 1.6ms, application-code: 3ms)
 GET /api/chat/messages 200 in 5ms (next.js: 2ms, application-code: 3ms)
 GET /api/gps/telemetry 200 in 6ms (next.js: 3ms, application-code: 3ms)
 GET /api/chat/messages 200 in 7ms (next.js: 2ms, application-code: 4ms)
 GET /api/gps/telemetry 200 in 4ms (next.js: 1.7ms, application-code: 3ms)
 GET /api/gps/telemetry 200 in 9ms (next.js: 2ms, application-code: 7ms)
 GET /api/chat/messages 200 in 5ms (next.js: 2ms, application-code: 3ms)
 GET /api/gps/telemetry 200 in 6ms (next.js: 2ms, application-code: 4ms)
 GET /api/gps/telemetry 200 in 4ms (next.js: 1.9ms, application-code: 2ms)
 GET /api/chat/messages 200 in 11ms (next.js: 5ms, application-code: 5ms)
 GET /api/gps/telemetry 200 in 4ms (next.js: 1.3ms, application-code: 2ms)
 GET /api/gps/telemetry 200 in 6ms (next.js: 3ms, application-code: 2ms)
 GET /api/chat/messages 200 in 12ms (next.js: 6ms, application-code: 5ms)
 GET /api/gps/telemetry 200 in 18ms (next.js: 10ms, application-code: 8ms)
 GET /api/gps/telemetry 200 in 14ms (next.js: 6ms, application-code: 9ms)
 GET /api/chat/messages 200 in 126ms (next.js: 47ms, application-code: 78ms)
 GET /api/gps/telemetry 200 in 155ms (next.js: 141ms, application-code: 14ms)
 GET /api/chat/messages 200 in 6ms (next.js: 2ms, application-code: 3ms)
 GET /api/chat/messages 200 in 21ms (next.js: 6ms, application-code: 15ms)
 GET /api/gps/telemetry 200 in 14ms (next.js: 11ms, application-code: 3ms)
 GET /api/chat/messages 200 in 19ms (next.js: 4ms, application-code: 15ms)
 GET /api/gps/telemetry 200 in 12ms (next.js: 8ms, application-code: 4ms)
 GET /api/chat/messages 200 in 7ms (next.js: 3ms, application-code: 4ms)
✓ Compiled in 337ms
 GET /api/gps/telemetry?phone=0554290454 200 in 12ms (next.js: 1.9ms, application-code: 11ms)
 GET /api/gps/telemetry 200 in 7ms (next.js: 2ms, application-code: 5ms)
 GET /api/gps/telemetry?phone=0554290454 200 in 7ms (next.js: 4ms, application-code: 3ms)
 GET /api/gps/telemetry 200 in 11ms (next.js: 8ms, application-code: 3ms)
 GET /admin/gps?phone=0554290454 200 in 66ms (next.js: 19ms, application-code: 47ms)
 GET /api/gps/telemetry 200 in 10ms (next.js: 6ms, application-code: 4ms)
 GET /api/gps/telemetry 200 in 6ms (next.js: 2ms, application-code: 3ms)
 GET /api/gps/telemetry 200 in 7ms (next.js: 3ms, application-code: 4ms)
✓ Compiled in 229ms
 GET /api/gps/telemetry?phone=0554290454 200 in 12ms (next.js: 5ms, application-code: 6ms)
 GET /api/gps/telemetry 200 in 7ms (next.js: 3ms, application-code: 4ms)
 GET /api/gps/telemetry?phone=0554290454 200 in 12ms (next.js: 8ms, application-code: 5ms)
 GET /api/gps/telemetry 200 in 17ms (next.js: 13ms, application-code: 4ms)
 GET /admin/gps?phone=0554290454 200 in 113ms (next.js: 9ms, application-code: 104ms)
 GET /api/gps/telemetry 200 in 5ms (next.js: 2ms, application-code: 3ms)
 GET /api/gps/telemetry 200 in 4ms (next.js: 1.5ms, application-code: 2ms)
 GET /api/chat/messages 200 in 8ms (next.js: 3ms, application-code: 4ms)
 GET /api/gps/telemetry 200 in 9ms (next.js: 4ms, application-code: 5ms)
 GET /api/gps/telemetry 200 in 7ms (next.js: 2ms, application-code: 5ms)
 GET /api/gps/telemetry 200 in 7ms (next.js: 4ms, application-code: 4ms)
 GET /api/gps/telemetry 200 in 8ms (next.js: 3ms, application-code: 5ms)
 GET /api/gps/telemetry 200 in 7ms (next.js: 2ms, application-code: 5ms)
 GET /api/gps/telemetry 200 in 14ms (next.js: 6ms, application-code: 8ms)
✓ Compiled in 138ms
 GET /api/gps/telemetry 500 in 2.2s (next.js: 1838ms, application-code: 329ms)
 GET /api/chat/messages 500 in 2.2s (next.js: 1861ms, application-code: 324ms)
✓ Compiled in 1312ms
 GET /admin/gps?phone=0554290454 200 in 45ms (next.js: 12ms, application-code: 34ms)
 GET /api/gps/telemetry 200 in 53ms (next.js: 43ms, application-code: 10ms)
 GET /api/chat/messages 200 in 19ms (next.js: 16ms, application-code: 3ms)
[browser] ./src/app/admin/gps/page.tsx:1098:7
Error: Expected '</', got '{'
  1096 |           <span>{pingStatusText}</span>
  1097 |         </div>
> 1098 |       {/* ========================================================================= */}
       |       ^
  1099 |       {/* FLEET SECURITY COMMAND & REAL-TIME THREAT RADAR CENTER (REDESIGNED #2) */}
  1100 |       {/* ========================================================================= */}
  1101 |       <div

Parsing ecmascript source code failed

Import traces:
  Client Component Browser:
    ./src/app/admin/gps/page.tsx [Client Component Browser]
    ./src/app/admin/gps/page.tsx [Server Component]

  Client Component SSR:
    ./src/app/admin/gps/page.tsx [Client Component SSR]
    ./src/app/admin/gps/page.tsx [Server Component] 
[browser] ./src/app/admin/gps/page.tsx:1098:7
Error: Expected '</', got '{'
  1096 |           <span>{pingStatusText}</span>
  1097 |         </div>
> 1098 |       {/* ========================================================================= */}
       |       ^
  1099 |       {/* FLEET SECURITY COMMAND & REAL-TIME THREAT RADAR CENTER (REDESIGNED #2) */}
  1100 |       {/* ========================================================================= */}
  1101 |       <div

Parsing ecmascript source code failed

Import traces:
  Client Component Browser:
    ./src/app/admin/gps/page.tsx [Client Component Browser]
    ./src/app/admin/gps/page.tsx [Server Component]

  Client Component SSR:
    ./src/app/admin/gps/page.tsx [Client Component SSR]
    ./src/app/admin/gps/page.tsx [Server Component] 
[browser] ./src/app/admin/gps/page.tsx:1098:7
Error: Expected '</', got '{'
  1096 |           <span>{pingStatusText}</span>
  1097 |         </div>
> 1098 |       {/* ========================================================================= */}
       |       ^
  1099 |       {/* FLEET SECURITY COMMAND & REAL-TIME THREAT RADAR CENTER (REDESIGNED #2) */}
  1100 |       {/* ========================================================================= */}
  1101 |       <div

Parsing ecmascript source code failed

Import traces:
  Client Component Browser:
    ./src/app/admin/gps/page.tsx [Client Component Browser]
    ./src/app/admin/gps/page.tsx [Server Component]

  Client Component SSR:
    ./src/app/admin/gps/page.tsx [Client Component SSR]
    ./src/app/admin/gps/page.tsx [Server Component] 
[browser] ./src/app/admin/gps/page.tsx:1098:7
Error: Expected '</', got '{'
  1096 |           <span>{pingStatusText}</span>
  1097 |         </div>
> 1098 |       {/* ========================================================================= */}
       |       ^
  1099 |       {/* FLEET SECURITY COMMAND & REAL-TIME THREAT RADAR CENTER (REDESIGNED #2) */}
  1100 |       {/* ========================================================================= */}
  1101 |       <div

Parsing ecmascript source code failed

Import traces:
  Client Component Browser:
    ./src/app/admin/gps/page.tsx [Client Component Browser]
    ./src/app/admin/gps/page.tsx [Server Component]

  Client Component SSR:
    ./src/app/admin/gps/page.tsx [Client Component SSR]
    ./src/app/admin/gps/page.tsx [Server Component] 
[browser] ./src/app/admin/gps/page.tsx:1098:7
Error: Expected '</', got '{'
  1096 |           <span>{pingStatusText}</span>
  1097 |         </div>
> 1098 |       {/* ========================================================================= */}
       |       ^
  1099 |       {/* FLEET SECURITY COMMAND & REAL-TIME THREAT RADAR CENTER (REDESIGNED #2) */}
  1100 |       {/* ========================================================================= */}
  1101 |       <div

Parsing ecmascript source code failed

Import traces:
  Client Component Browser:
    ./src/app/admin/gps/page.tsx [Client Component Browser]
    ./src/app/admin/gps/page.tsx [Server Component]

  Client Component SSR:
    ./src/app/admin/gps/page.tsx [Client Component SSR]
    ./src/app/admin/gps/page.tsx [Server Component] 
[browser] ./src/app/admin/gps/page.tsx:1098:7
Error: Expected '</', got '{'
  1096 |           <span>{pingStatusText}</span>
  1097 |         </div>
> 1098 |       {/* ========================================================================= */}
       |       ^
  1099 |       {/* FLEET SECURITY COMMAND & REAL-TIME THREAT RADAR CENTER (REDESIGNED #2) */}
  1100 |       {/* ========================================================================= */}
  1101 |       <div

Parsing ecmascript source code failed

Import traces:
  Client Component Browser:
    ./src/app/admin/gps/page.tsx [Client Component Browser]
    ./src/app/admin/gps/page.tsx [Server Component]

  Client Component SSR:
    ./src/app/admin/gps/page.tsx [Client Component SSR]
    ./src/app/admin/gps/page.tsx [Server Component] 
 GET /api/gps/telemetry 200 in 30ms (next.js: 4ms, application-code: 26ms)
 GET /api/chat/messages 200 in 4ms (next.js: 1.6ms, application-code: 2ms)
 GET /api/chat/messages 200 in 11ms (next.js: 7ms, application-code: 5ms)
 GET /api/chat/messages 200 in 7ms (next.js: 1.8ms, application-code: 5ms)
 GET /api/chat/messages 200 in 7ms (next.js: 2ms, application-code: 4ms)
 GET /api/chat/messages 200 in 9ms (next.js: 5ms, application-code: 3ms)
 GET /api/chat/messages 200 in 10ms (next.js: 7ms, application-code: 4ms)
 GET /api/gps/telemetry 200 in 7ms (next.js: 4ms, application-code: 3ms)
 GET /api/chat/messages 200 in 11ms (next.js: 1.7ms, application-code: 9ms)
 GET /admin/gps?phone=0554290454 200 in 94ms (next.js: 5ms, application-code: 88ms)
 GET /api/gps/telemetry?phone=0554290454 200 in 11ms (next.js: 7ms, application-code: 4ms)
 GET /api/gps/telemetry 200 in 11ms (next.js: 9ms, application-code: 2ms)
 GET /api/chat/messages 200 in 4ms (next.js: 2ms, application-code: 2ms)
 GET /api/gps/telemetry?phone=0554290454 200 in 12ms (next.js: 3ms, application-code: 8ms)
 GET /api/gps/telemetry 200 in 16ms (next.js: 13ms, application-code: 3ms)
 GET /api/gps/telemetry 200 in 5ms (next.js: 1.9ms, application-code: 3ms)
 GET /api/chat/messages 200 in 6ms (next.js: 2ms, application-code: 4ms)
 GET /api/chat/messages 200 in 6ms (next.js: 1.6ms, application-code: 4ms)
 GET /api/chat/messages 200 in 7ms (next.js: 4ms, application-code: 3ms)
 GET /api/chat/messages 200 in 5ms (next.js: 1.9ms, application-code: 3ms)
 GET /api/chat/messages 200 in 6ms (next.js: 1.9ms, application-code: 4ms)
 GET /api/gps/telemetry 200 in 4ms (next.js: 1.4ms, application-code: 3ms)
 GET /api/chat/messages 200 in 6ms (next.js: 2ms, application-code: 4ms)
 GET /api/chat/messages 200 in 5ms (next.js: 1.9ms, application-code: 3ms)
 GET /api/chat/messages 200 in 5ms (next.js: 1.9ms, application-code: 3ms)
 GET /api/chat/messages 200 in 5ms (next.js: 2.0ms, application-code: 3ms)
 GET /api/chat/messages 200 in 6ms (next.js: 2ms, application-code: 4ms)
 GET /api/chat/messages 200 in 7ms (next.js: 2ms, application-code: 5ms)
 GET /api/gps/telemetry 200 in 7ms (next.js: 1.8ms, application-code: 5ms)
 GET /api/chat/messages 200 in 8ms (next.js: 5ms, application-code: 3ms)
 GET /api/chat/messages 200 in 4ms (next.js: 1.4ms, application-code: 3ms)
 GET /api/chat/messages 200 in 5ms (next.js: 1.8ms, application-code: 3ms)
 GET /api/chat/messages 200 in 9ms (next.js: 4ms, application-code: 5ms)
 GET /api/gps/telemetry 200 in 5ms (next.js: 1.6ms, application-code: 3ms)
 GET /api/chat/messages 200 in 5ms (next.js: 1.9ms, application-code: 4ms)
 GET /api/chat/messages 200 in 7ms (next.js: 3ms, application-code: 4ms)
 GET /api/gps/telemetry 200 in 5ms (next.js: 1.6ms, application-code: 3ms)
 GET /api/gps/telemetry 200 in 7ms (next.js: 2ms, application-code: 5ms)
 GET /api/gps/telemetry 200 in 4ms (next.js: 1.6ms, application-code: 3ms)
 GET /api/chat/messages 200 in 4ms (next.js: 1.4ms, application-code: 3ms)
 GET /api/gps/telemetry 200 in 6ms (next.js: 1.7ms, application-code: 4ms)
 GET /api/gps/telemetry 200 in 5ms (next.js: 1.7ms, application-code: 3ms)
 GET /api/chat/messages 200 in 4ms (next.js: 1.6ms, application-code: 3ms)
 GET /api/gps/telemetry 200 in 6ms (next.js: 2ms, application-code: 4ms)
 GET /api/gps/telemetry 200 in 5ms (next.js: 3ms, application-code: 3ms)
 GET /api/gps/telemetry 200 in 7ms (next.js: 4ms, application-code: 3ms)
 GET /api/chat/messages 200 in 11ms (next.js: 8ms, application-code: 4ms)
✓ Compiled in 274ms
 GET /admin/gps?phone=0554290454 200 in 48ms (next.js: 13ms, application-code: 36ms)
 GET /api/gps/telemetry 200 in 9ms (next.js: 4ms, application-code: 5ms)
✓ Compiled in 288ms
 GET /admin/gps?phone=0554290454 200 in 56ms (next.js: 9ms, application-code: 46ms)
 GET /api/gps/telemetry 200 in 16ms (next.js: 6ms, application-code: 10ms)
 GET /api/chat/messages 200 in 10ms (next.js: 6ms, application-code: 4ms)
 GET /api/gps/telemetry 200 in 27ms (next.js: 10ms, application-code: 17ms)
 GET /api/chat/messages 200 in 7ms (next.js: 3ms, application-code: 5ms)
 GET /api/chat/messages 200 in 11ms (next.js: 3ms, application-code: 8ms)
 GET /api/chat/messages 200 in 8ms (next.js: 4ms, application-code: 4ms)
 GET /api/chat/messages 200 in 7ms (next.js: 1.9ms, application-code: 5ms)
 GET /admin/gps?phone=0554290454 200 in 79ms (next.js: 5ms, application-code: 74ms)
 GET /api/gps/telemetry 200 in 10ms (next.js: 7ms, application-code: 3ms)
 GET /api/gps/telemetry?phone=0554290454 200 in 22ms (next.js: 13ms, application-code: 9ms)
 GET /api/gps/telemetry?phone=0554290454 200 in 30ms (next.js: 27ms, application-code: 4ms)
 GET /api/chat/messages 200 in 40ms (next.js: 34ms, application-code: 6ms)
 GET /api/gps/telemetry 200 in 10ms (next.js: 8ms, application-code: 2ms)
 GET /api/gps/telemetry 200 in 16ms (next.js: 7ms, application-code: 9ms)
 GET /api/chat/messages 200 in 8ms (next.js: 6ms, application-code: 2ms)
 GET /api/chat/messages 200 in 7ms (next.js: 4ms, application-code: 3ms)
 GET /api/chat/messages 200 in 7ms (next.js: 2ms, application-code: 5ms)
 GET /api/chat/messages 200 in 8ms (next.js: 5ms, application-code: 3ms)
 GET /api/chat/messages 200 in 7ms (next.js: 2ms, application-code: 5ms)
 GET /api/gps/telemetry 200 in 5ms (next.js: 1.7ms, application-code: 3ms)
 GET /api/chat/messages 200 in 5ms (next.js: 2ms, application-code: 3ms)
 GET /api/chat/messages 200 in 6ms (next.js: 2.0ms, application-code: 4ms)
 GET /api/chat/messages 200 in 8ms (next.js: 2ms, application-code: 5ms)
 GET /api/chat/messages 200 in 6ms (next.js: 1.7ms, application-code: 4ms)
 GET /api/chat/messages 200 in 8ms (next.js: 4ms, application-code: 4ms)
 GET /api/chat/messages 200 in 7ms (next.js: 2ms, application-code: 5ms)
 GET /api/gps/telemetry 200 in 5ms (next.js: 1.9ms, application-code: 3ms)
 GET /api/chat/messages 200 in 11ms (next.js: 3ms, application-code: 8ms)
 GET /api/chat/messages 200 in 6ms (next.js: 2ms, application-code: 4ms)
 GET /api/chat/messages 200 in 8ms (next.js: 4ms, application-code: 4ms)
 GET /api/chat/messages 200 in 9ms (next.js: 1.8ms, application-code: 7ms)
 GET /api/chat/messages 200 in 8ms (next.js: 1.6ms, application-code: 7ms)
 GET /api/gps/telemetry 200 in 23ms (next.js: 6ms, application-code: 17ms)
 GET /api/chat/messages 200 in 10ms (next.js: 3ms, application-code: 8ms)
 GET /api/chat/messages 200 in 5ms (next.js: 1.8ms, application-code: 3ms)
 GET /api/chat/messages 200 in 5ms (next.js: 1.7ms, application-code: 4ms)
 GET /api/chat/messages 200 in 5ms (next.js: 1.4ms, application-code: 3ms)
 GET /api/gps/telemetry 200 in 6ms (next.js: 1.6ms, application-code: 4ms)
 GET /api/gps/telemetry 200 in 5ms (next.js: 2.0ms, application-code: 3ms)
 GET /api/chat/messages 200 in 6ms (next.js: 2ms, application-code: 3ms)
 GET /api/gps/telemetry 200 in 6ms (next.js: 2ms, application-code: 4ms)
 GET /api/gps/telemetry 200 in 5ms (next.js: 2ms, application-code: 3ms)
 GET /api/chat/messages 200 in 5ms (next.js: 3ms, application-code: 3ms)
 GET /api/gps/telemetry 200 in 9ms (next.js: 7ms, application-code: 2ms)
 GET /api/gps/telemetry 200 in 5ms (next.js: 1.9ms, application-code: 3ms)
 GET /api/gps/telemetry 200 in 6ms (next.js: 1.9ms, application-code: 4ms)
 GET /api/chat/messages 200 in 9ms (next.js: 7ms, application-code: 2ms)
 GET /api/gps/telemetry 200 in 7ms (next.js: 3ms, application-code: 4ms)
 GET /api/gps/telemetry 200 in 6ms (next.js: 2.0ms, application-code: 4ms)
 GET /api/gps/telemetry 200 in 5ms (next.js: 2ms, application-code: 3ms)
 GET /api/chat/messages 200 in 11ms (next.js: 9ms, application-code: 3ms)
 GET /admin/gps?phone=0554290454 200 in 589ms (next.js: 263ms, application-code: 326ms)
 GET /admin/gps?phone=0554290454 200 in 593ms (next.js: 311ms, application-code: 282ms)
 GET /admin/gps?phone=0554290454 200 in 597ms (next.js: 352ms, application-code: 245ms)
 GET /admin/gps?phone=0554290454 200 in 600ms (next.js: 448ms, application-code: 153ms)
 GET /admin/gps?phone=0554290454 200 in 604ms (next.js: 499ms, application-code: 105ms)
 GET /admin/gps?phone=0554290454 200 in 607ms (next.js: 545ms, application-code: 62ms)
 GET /admin/gps?phone=0554290454 200 in 166ms (next.js: 8ms, application-code: 158ms)
 GET /admin/gps?phone=0554290454 200 in 166ms (next.js: 56ms, application-code: 110ms)
 GET /admin/gps?phone=0554290454 200 in 167ms (next.js: 31ms, application-code: 136ms)
 GET /admin/gps?phone=0554290454 200 in 167ms (next.js: 89ms, application-code: 78ms)
 GET /admin/gps?phone=0554290454 200 in 163ms (next.js: 129ms, application-code: 34ms)
 GET /admin/gps?phone=0554290454 200 in 170ms (next.js: 116ms, application-code: 53ms)
 GET /admin/gps?phone=0554290454 200 in 132ms (next.js: 10ms, application-code: 122ms)
 GET /admin/gps?phone=0554290454 200 in 128ms (next.js: 38ms, application-code: 89ms)
 GET /admin/gps?phone=0554290454 200 in 129ms (next.js: 22ms, application-code: 106ms)
 GET /admin/gps?phone=0554290454 200 in 129ms (next.js: 57ms, application-code: 72ms)
 GET /admin/gps?phone=0554290454 200 in 113ms (next.js: 59ms, application-code: 54ms)
 GET /admin/gps?phone=0554290454 200 in 114ms (next.js: 76ms, application-code: 38ms)
 GET /admin/gps?phone=0554290454 200 in 163ms (next.js: 16ms, application-code: 147ms)
 GET /admin/gps?phone=0554290454 200 in 134ms (next.js: 7ms, application-code: 127ms)
 GET /admin/gps?phone=0554290454 200 in 133ms (next.js: 38ms, application-code: 95ms)
 GET /admin/gps?phone=0554290454 200 in 136ms (next.js: 22ms, application-code: 114ms)
 GET /admin/gps?phone=0554290454 200 in 137ms (next.js: 82ms, application-code: 55ms)
 GET /admin/gps?phone=0554290454 200 in 142ms (next.js: 62ms, application-code: 79ms)
 GET /admin/gps?phone=0554290454 200 in 205ms (next.js: 9ms, application-code: 196ms)
 GET /admin/gps?phone=0554290454 200 in 147ms (next.js: 11ms, application-code: 137ms)
 GET /admin/gps?phone=0554290454 200 in 144ms (next.js: 86ms, application-code: 58ms)
 GET /admin/gps?phone=0554290454 200 in 146ms (next.js: 50ms, application-code: 96ms)
 GET /admin/gps?phone=0554290454 200 in 144ms (next.js: 107ms, application-code: 37ms)
 GET /admin/gps?phone=0554290454 200 in 148ms (next.js: 30ms, application-code: 118ms)
 GET /admin/gps?phone=0554290454 200 in 163ms (next.js: 41ms, application-code: 121ms)
 GET /admin/gps?phone=0554290454 200 in 164ms (next.js: 15ms, application-code: 149ms)
 GET /admin/gps?phone=0554290454 200 in 166ms (next.js: 66ms, application-code: 99ms)
 GET /admin/gps?phone=0554290454 200 in 167ms (next.js: 95ms, application-code: 71ms)
 GET /admin/gps?phone=0554290454 200 in 168ms (next.js: 111ms, application-code: 57ms)
 GET /admin/gps?phone=0554290454 200 in 179ms (next.js: 138ms, application-code: 41ms)
 GET /admin/gps?phone=0554290454 200 in 121ms (next.js: 8ms, application-code: 113ms)
 GET /admin/gps?phone=0554290454 200 in 121ms (next.js: 38ms, application-code: 83ms)
 GET /admin/gps?phone=0554290454 200 in 122ms (next.js: 22ms, application-code: 101ms)
 GET /admin/gps?phone=0554290454 200 in 124ms (next.js: 76ms, application-code: 48ms)
 GET /admin/gps?phone=0554290454 200 in 129ms (next.js: 61ms, application-code: 68ms)
 GET /admin/gps?phone=0554290454 200 in 62ms (next.js: 22ms, application-code: 40ms)
 GET /admin/gps?phone=0554290454 200 in 145ms (next.js: 7ms, application-code: 138ms)
 GET /admin/gps?phone=0554290454 200 in 141ms (next.js: 41ms, application-code: 101ms)
 GET /admin/gps?phone=0554290454 200 in 141ms (next.js: 74ms, application-code: 66ms)
 GET /admin/gps?phone=0554290454 200 in 119ms (next.js: 70ms, application-code: 49ms)
 GET /admin/gps?phone=0554290454 200 in 142ms (next.js: 58ms, application-code: 84ms)
 GET /admin/gps?phone=0554290454 200 in 36ms (next.js: 4ms, application-code: 32ms)
 GET /admin/gps?phone=0554290454 200 in 84ms (next.js: 7ms, application-code: 77ms)
 GET /admin/gps?phone=0554290454 200 in 65ms (next.js: 3ms, application-code: 61ms)
 GET /admin/gps?phone=0554290454 200 in 64ms (next.js: 40ms, application-code: 24ms)
 GET /admin/gps?phone=0554290454 200 in 66ms (next.js: 21ms, application-code: 45ms)
 GET /admin/gps?phone=0554290454 200 in 30ms (next.js: 6ms, application-code: 24ms)
✓ Compiled in 628ms
 GET /admin/gps?phone=0554290454 200 in 34ms (next.js: 3ms, application-code: 30ms)
 GET /api/gps/telemetry 200 in 85ms (next.js: 67ms, application-code: 19ms)
 GET /admin/gps?phone=0554290454 200 in 27ms (next.js: 2ms, application-code: 25ms)
 GET /api/gps/telemetry 200 in 36ms (next.js: 13ms, application-code: 23ms)
 GET /admin/gps?phone=0554290454 200 in 78ms (next.js: 16ms, application-code: 62ms)
 GET /api/chat/messages 200 in 174ms (next.js: 140ms, application-code: 34ms)
 GET /api/chat/messages 200 in 6ms (next.js: 3ms, application-code: 3ms)
 GET /api/chat/messages 200 in 4ms (next.js: 1.4ms, application-code: 3ms)
 GET /admin/gps?phone=0554290454 200 in 308ms (next.js: 3ms, application-code: 305ms)
 GET /api/gps/telemetry?phone=0554290454 200 in 7ms (next.js: 3ms, application-code: 4ms)
 GET /api/gps/telemetry 200 in 20ms (next.js: 15ms, application-code: 4ms)
 GET /api/chat/messages 200 in 6ms (next.js: 3ms, application-code: 3ms)
 GET /api/gps/telemetry?phone=0554290454 200 in 5ms (next.js: 1.9ms, application-code: 3ms)
 GET /api/gps/telemetry 200 in 8ms (next.js: 6ms, application-code: 3ms)
 GET /api/gps/telemetry 200 in 17ms (next.js: 13ms, application-code: 5ms)
 GET /api/chat/messages 200 in 7ms (next.js: 4ms, application-code: 3ms)
 GET /api/chat/messages 200 in 11ms (next.js: 3ms, application-code: 8ms)
 GET /api/chat/messages 200 in 7ms (next.js: 3ms, application-code: 4ms)
 GET /api/chat/messages 200 in 6ms (next.js: 1.9ms, application-code: 4ms)
 GET /api/chat/messages 200 in 5ms (next.js: 1.8ms, application-code: 3ms)
 GET /api/gps/telemetry 200 in 5ms (next.js: 3ms, application-code: 2ms)
 GET /api/chat/messages 200 in 6ms (next.js: 1.4ms, application-code: 4ms)
 GET /api/chat/messages 200 in 5ms (next.js: 1.7ms, application-code: 4ms)
 GET /api/chat/messages 200 in 5ms (next.js: 1.6ms, application-code: 3ms)
 GET /api/chat/messages 200 in 9ms (next.js: 3ms, application-code: 6ms)
 GET /admin/tco 200 in 873ms (next.js: 816ms, application-code: 57ms)
 GET /admin/tco 200 in 2.2s (next.js: 2.1s, application-code: 36ms)
 GET /admin/tco 200 in 27ms (next.js: 3ms, application-code: 25ms)
 GET /api/chat/messages 200 in 5ms (next.js: 1.5ms, application-code: 4ms)
 GET /api/chat/messages 200 in 10ms (next.js: 3ms, application-code: 7ms)
 GET /api/chat/messages 200 in 5ms (next.js: 2ms, application-code: 3ms)
 GET /api/chat/messages 200 in 7ms (next.js: 1.7ms, application-code: 5ms)
 GET /api/chat/messages 200 in 9ms (next.js: 6ms, application-code: 3ms)
 GET /api/chat/messages 200 in 5ms (next.js: 1.8ms, application-code: 3ms)
 GET /api/chat/messages 200 in 5ms (next.js: 2.0ms, application-code: 3ms)
 GET /api/chat/messages 200 in 5ms (next.js: 1.8ms, application-code: 3ms)
 GET /api/chat/messages 200 in 4ms (next.js: 1.9ms, application-code: 3ms)
 GET /api/chat/messages 200 in 5ms (next.js: 1.8ms, application-code: 3ms)
 GET /api/chat/messages 200 in 5ms (next.js: 1.9ms, application-code: 4ms)
 GET /api/chat/messages 200 in 8ms (next.js: 1.9ms, application-code: 6ms)
 GET /api/chat/messages 200 in 6ms (next.js: 3ms, application-code: 3ms)
 GET /api/chat/messages 200 in 7ms (next.js: 3ms, application-code: 5ms)
 GET /api/chat/messages 200 in 5ms (next.js: 1.9ms, application-code: 3ms)
 GET /api/chat/messages 200 in 5ms (next.js: 1.9ms, application-code: 3ms)
 GET /api/chat/messages 200 in 5ms (next.js: 2.0ms, application-code: 3ms)
 GET /api/chat/messages 200 in 5ms (next.js: 2ms, application-code: 3ms)
 GET /api/chat/messages 200 in 11ms (next.js: 5ms, application-code: 6ms)
 GET /api/chat/messages 200 in 5ms (next.js: 2.0ms, application-code: 3ms)
 GET /api/chat/messages 200 in 6ms (next.js: 1.6ms, application-code: 4ms)
 GET /api/chat/messages 200 in 7ms (next.js: 1.8ms, application-code: 5ms)
 GET /api/chat/messages 200 in 18ms (next.js: 15ms, application-code: 3ms)
 GET /api/chat/messages 200 in 5ms (next.js: 2ms, application-code: 3ms)
 GET /api/chat/messages 200 in 6ms (next.js: 3ms, application-code: 3ms)
 GET /admin/financials 200 in 73ms (next.js: 45ms, application-code: 27ms)
 GET /api/chat/messages 200 in 7ms (next.js: 1.6ms, application-code: 5ms)
 GET /api/chat/messages 200 in 6ms (next.js: 2ms, application-code: 4ms)
 GET /api/chat/messages 200 in 5ms (next.js: 1.8ms, application-code: 3ms)
 GET /api/chat/messages 200 in 7ms (next.js: 3ms, application-code: 5ms)
 GET /api/chat/messages 200 in 4ms (next.js: 1.6ms, application-code: 3ms)
 GET /api/chat/messages 200 in 6ms (next.js: 1.9ms, application-code: 4ms)
 GET /api/chat/messages 200 in 8ms (next.js: 4ms, application-code: 4ms)
 GET /api/chat/messages 200 in 9ms (next.js: 5ms, application-code: 3ms)
 GET /api/chat/messages 200 in 6ms (next.js: 3ms, application-code: 3ms)
 GET /api/chat/messages 200 in 5ms (next.js: 1.8ms, application-code: 3ms)
 GET /admin/tco 200 in 75ms (next.js: 55ms, application-code: 20ms)
 GET /api/chat/messages 200 in 7ms (next.js: 2ms, application-code: 5ms)
 GET /api/chat/messages 200 in 6ms (next.js: 3ms, application-code: 3ms)
 GET /api/chat/messages 200 in 5ms (next.js: 2ms, application-code: 3ms)
 GET /api/chat/messages 200 in 5ms (next.js: 1.9ms, application-code: 3ms)
 GET /api/chat/messages 200 in 5ms (next.js: 1.9ms, application-code: 3ms)
 GET /api/chat/messages 200 in 5ms (next.js: 1.8ms, application-code: 3ms)
 GET /api/chat/messages 200 in 5ms (next.js: 1.9ms, application-code: 3ms)
 GET /api/chat/messages 200 in 5ms (next.js: 1.8ms, application-code: 3ms)
 GET /api/chat/messages 200 in 6ms (next.js: 3ms, application-code: 3ms)
 GET /api/chat/messages 200 in 6ms (next.js: 1.9ms, application-code: 4ms)
 GET /api/chat/messages 200 in 5ms (next.js: 1.9ms, application-code: 3ms)
 GET /api/chat/messages 200 in 8ms (next.js: 3ms, application-code: 5ms)
 GET /api/chat/messages 200 in 5ms (next.js: 1.8ms, application-code: 3ms)
 GET /api/chat/messages 200 in 5ms (next.js: 1.9ms, application-code: 3ms)
 GET /api/chat/messages 200 in 5ms (next.js: 2ms, application-code: 3ms)
 GET /api/chat/messages 200 in 5ms (next.js: 1.8ms, application-code: 3ms)
 GET /api/chat/messages 200 in 6ms (next.js: 3ms, application-code: 3ms)
 GET /api/chat/messages 200 in 6ms (next.js: 3ms, application-code: 3ms)
 GET /api/chat/messages 200 in 5ms (next.js: 1.8ms, application-code: 3ms)
 GET /api/chat/messages 200 in 6ms (next.js: 2.0ms, application-code: 4ms)
 GET /api/chat/messages 200 in 5ms (next.js: 1.8ms, application-code: 3ms)
 GET /api/chat/messages 200 in 10ms (next.js: 4ms, application-code: 6ms)
 GET /api/chat/messages 200 in 5ms (next.js: 2ms, application-code: 3ms)
 GET /api/chat/messages 200 in 5ms (next.js: 2.0ms, application-code: 3ms)
 GET /api/chat/messages 200 in 6ms (next.js: 3ms, application-code: 3ms)
 GET /api/chat/messages 200 in 7ms (next.js: 3ms, application-code: 3ms)
 GET /api/chat/messages 200 in 9ms (next.js: 6ms, application-code: 4ms)
 GET /api/chat/messages 200 in 5ms (next.js: 2ms, application-code: 3ms)
 GET /api/chat/messages 200 in 5ms (next.js: 2.0ms, application-code: 3ms)
 GET /api/chat/messages 200 in 6ms (next.js: 2ms, application-code: 4ms)
 GET /api/chat/messages 200 in 5ms (next.js: 2.0ms, application-code: 3ms)
 GET /api/chat/messages 200 in 5ms (next.js: 1.8ms, application-code: 3ms)
 GET /api/chat/messages 200 in 5ms (next.js: 2ms, application-code: 3ms)
 GET /api/chat/messages 200 in 6ms (next.js: 2ms, application-code: 4ms)
 GET /api/chat/messages 200 in 5ms (next.js: 1.9ms, application-code: 3ms)
 GET /api/chat/messages 200 in 5ms (next.js: 2ms, application-code: 3ms)
 GET /api/chat/messages 200 in 6ms (next.js: 3ms, application-code: 3ms)
 GET /api/chat/messages 200 in 6ms (next.js: 1.8ms, application-code: 4ms)
 GET /api/chat/messages 200 in 5ms (next.js: 1.9ms, application-code: 3ms)
 GET /api/chat/messages 200 in 5ms (next.js: 1.9ms, application-code: 3ms)
 GET /api/chat/messages 200 in 4ms (next.js: 1.7ms, application-code: 3ms)
 GET /api/chat/messages 200 in 7ms (next.js: 3ms, application-code: 4ms)
 GET /api/chat/messages 200 in 5ms (next.js: 1.9ms, application-code: 3ms)
 GET /api/chat/messages 200 in 6ms (next.js: 1.9ms, application-code: 4ms)
 GET /api/chat/messages 200 in 5ms (next.js: 1.9ms, application-code: 3ms)
 GET /api/chat/messages 200 in 5ms (next.js: 2ms, application-code: 3ms)
 GET /api/chat/messages 200 in 5ms (next.js: 2ms, application-code: 3ms)
 GET /api/chat/messages 200 in 5ms (next.js: 1.9ms, application-code: 3ms)
 GET /api/chat/messages 200 in 5ms (next.js: 2ms, application-code: 3ms)
 GET /api/chat/messages 200 in 7ms (next.js: 4ms, application-code: 3ms)
 GET /api/chat/messages 200 in 6ms (next.js: 3ms, application-code: 3ms)
 GET /api/chat/messages 200 in 5ms (next.js: 1.8ms, application-code: 3ms)
 GET /api/chat/messages 200 in 5ms (next.js: 1.8ms, application-code: 3ms)
 GET /api/chat/messages 200 in 4ms (next.js: 1.7ms, application-code: 3ms)
 GET /api/chat/messages 200 in 6ms (next.js: 2ms, application-code: 4ms)
 GET /api/chat/messages 200 in 5ms (next.js: 1.8ms, application-code: 3ms)
 GET /api/chat/messages 200 in 5ms (next.js: 2.0ms, application-code: 3ms)
 GET /api/chat/messages 200 in 5ms (next.js: 1.7ms, application-code: 3ms)
 GET /api/chat/messages 200 in 6ms (next.js: 2ms, application-code: 4ms)
 GET /api/chat/messages 200 in 6ms (next.js: 2ms, application-code: 4ms)
 GET /api/chat/messages 200 in 6ms (next.js: 1.9ms, application-code: 4ms)
 GET /api/chat/messages 200 in 8ms (next.js: 3ms, application-code: 5ms)
 GET /api/chat/messages 200 in 6ms (next.js: 1.9ms, application-code: 5ms)
 GET /api/chat/messages 200 in 4ms (next.js: 1.6ms, application-code: 3ms)
 GET /api/chat/messages 200 in 5ms (next.js: 1.9ms, application-code: 3ms)
 GET /api/chat/messages 200 in 5ms (next.js: 1.8ms, application-code: 3ms)
 GET /api/chat/messages 200 in 6ms (next.js: 2ms, application-code: 4ms)
 GET /api/chat/messages 200 in 5ms (next.js: 1.9ms, application-code: 3ms)
 GET /api/chat/messages 200 in 5ms (next.js: 1.9ms, application-code: 3ms)
 GET /api/chat/messages 200 in 5ms (next.js: 1.9ms, application-code: 3ms)
 GET /api/chat/messages 200 in 7ms (next.js: 2ms, application-code: 5ms)
 GET /api/chat/messages 200 in 5ms (next.js: 1.8ms, application-code: 4ms)
 GET /api/chat/messages 200 in 5ms (next.js: 1.9ms, application-code: 3ms)
 GET /api/chat/messages 200 in 4ms (next.js: 1.4ms, application-code: 3ms)
 GET /api/chat/messages 200 in 6ms (next.js: 3ms, application-code: 3ms)
 GET /api/chat/messages 200 in 7ms (next.js: 2ms, application-code: 5ms)
 GET /api/chat/messages 200 in 5ms (next.js: 1.9ms, application-code: 3ms)
 GET /api/chat/messages 200 in 5ms (next.js: 1.8ms, application-code: 3ms)
 GET /api/chat/messages 200 in 6ms (next.js: 3ms, application-code: 3ms)
 GET /api/chat/messages 200 in 6ms (next.js: 1.8ms, application-code: 4ms)
 GET /api/chat/messages 200 in 5ms (next.js: 1.9ms, application-code: 3ms)
 GET /api/chat/messages 200 in 5ms (next.js: 1.9ms, application-code: 3ms)
 GET /api/chat/messages 200 in 6ms (next.js: 3ms, application-code: 3ms)
 GET /api/chat/messages 200 in 6ms (next.js: 2ms, application-code: 4ms)
 GET /api/chat/messages 200 in 5ms (next.js: 1.8ms, application-code: 3ms)
 GET /api/chat/messages 200 in 5ms (next.js: 1.9ms, application-code: 3ms)
 GET /api/chat/messages 200 in 6ms (next.js: 3ms, application-code: 3ms)
 GET /api/chat/messages 200 in 7ms (next.js: 1.9ms, application-code: 5ms)
 GET /api/chat/messages 200 in 6ms (next.js: 3ms, application-code: 4ms)
 GET /api/chat/messages 200 in 5ms (next.js: 2ms, application-code: 3ms)
 GET /api/chat/messages 200 in 5ms (next.js: 1.9ms, application-code: 3ms)
 GET /api/chat/messages 200 in 6ms (next.js: 3ms, application-code: 3ms)
 GET /api/chat/messages 200 in 7ms (next.js: 2ms, application-code: 5ms)
 GET /api/chat/messages 200 in 5ms (next.js: 2.0ms, application-code: 3ms)
 GET /api/chat/messages 200 in 5ms (next.js: 1.7ms, application-code: 3ms)
 GET /api/chat/messages 200 in 5ms (next.js: 1.8ms, application-code: 3ms)
 GET /api/chat/messages 200 in 7ms (next.js: 2ms, application-code: 5ms)
 GET /api/chat/messages 200 in 5ms (next.js: 2.0ms, application-code: 3ms)
 GET /api/chat/messages 200 in 5ms (next.js: 1.9ms, application-code: 3ms)
 GET /api/chat/messages 200 in 5ms (next.js: 1.9ms, application-code: 3ms)
 GET /api/chat/messages 200 in 7ms (next.js: 2ms, application-code: 5ms)
 GET /api/chat/messages 200 in 5ms (next.js: 1.9ms, application-code: 3ms)
 GET /api/chat/messages 200 in 5ms (next.js: 1.9ms, application-code: 3ms)
 GET /api/chat/messages 200 in 5ms (next.js: 2ms, application-code: 3ms)
 GET /api/chat/messages 200 in 7ms (next.js: 1.9ms, application-code: 5ms)
 GET /api/chat/messages 200 in 5ms (next.js: 1.9ms, application-code: 3ms)
 GET /api/chat/messages 200 in 6ms (next.js: 3ms, application-code: 3ms)
 GET /api/chat/messages 200 in 6ms (next.js: 3ms, application-code: 3ms)
 GET /api/chat/messages 200 in 6ms (next.js: 1.9ms, application-code: 4ms)
 GET /api/chat/messages 200 in 5ms (next.js: 1.7ms, application-code: 3ms)
 GET /api/chat/messages 200 in 6ms (next.js: 3ms, application-code: 3ms)
 GET /api/chat/messages 200 in 5ms (next.js: 1.9ms, application-code: 4ms)
 GET /api/chat/messages 200 in 6ms (next.js: 1.8ms, application-code: 4ms)
 GET /api/chat/messages 200 in 5ms (next.js: 1.7ms, application-code: 3ms)
 GET /api/chat/messages 200 in 5ms (next.js: 2.0ms, application-code: 3ms)
 GET /api/chat/messages 200 in 5ms (next.js: 1.7ms, application-code: 4ms)
 GET /api/chat/messages 200 in 6ms (next.js: 1.9ms, application-code: 4ms)
 GET /api/chat/messages 200 in 6ms (next.js: 2ms, application-code: 4ms)
 GET /api/chat/messages 200 in 7ms (next.js: 1.9ms, application-code: 5ms)
 GET /api/chat/messages 200 in 5ms (next.js: 2.0ms, application-code: 3ms)
 GET /api/chat/messages 200 in 5ms (next.js: 1.8ms, application-code: 3ms)
 GET /api/chat/messages 200 in 6ms (next.js: 3ms, application-code: 3ms)
 GET /api/chat/messages 200 in 5ms (next.js: 1.9ms, application-code: 4ms)
 GET /api/chat/messages 200 in 5ms (next.js: 1.9ms, application-code: 3ms)
 GET /api/chat/messages 200 in 5ms (next.js: 2ms, application-code: 3ms)
 GET /api/chat/messages 200 in 6ms (next.js: 3ms, application-code: 3ms)
 GET /api/chat/messages 200 in 6ms (next.js: 2ms, application-code: 4ms)
 GET /api/chat/messages 200 in 5ms (next.js: 2.0ms, application-code: 3ms)
 GET /api/chat/messages 200 in 5ms (next.js: 1.9ms, application-code: 3ms)
 GET /api/chat/messages 200 in 5ms (next.js: 1.7ms, application-code: 3ms)
 GET /api/chat/messages 200 in 5ms (next.js: 1.7ms, application-code: 4ms)
 GET /api/chat/messages 200 in 5ms (next.js: 1.8ms, application-code: 3ms)
 GET /api/chat/messages 200 in 4ms (next.js: 1.9ms, application-code: 3ms)
 GET /api/chat/messages 200 in 5ms (next.js: 1.8ms, application-code: 3ms)
 GET /api/chat/messages 200 in 7ms (next.js: 2ms, application-code: 4ms)
 GET /api/chat/messages 200 in 5ms (next.js: 2ms, application-code: 3ms)
 GET /api/chat/messages 200 in 5ms (next.js: 1.8ms, application-code: 3ms)
 GET /api/chat/messages 200 in 5ms (next.js: 1.7ms, application-code: 4ms)
 GET /api/chat/messages 200 in 8ms (next.js: 2ms, application-code: 5ms)
 GET /api/chat/messages 200 in 5ms (next.js: 1.7ms, application-code: 3ms)
 GET /api/chat/messages 200 in 9ms (next.js: 7ms, application-code: 3ms)
 GET /api/chat/messages 200 in 5ms (next.js: 1.8ms, application-code: 3ms)
 GET /api/chat/messages 200 in 10ms (next.js: 4ms, application-code: 6ms)
 GET /api/chat/messages 200 in 5ms (next.js: 1.5ms, application-code: 3ms)
 GET /api/chat/messages 200 in 5ms (next.js: 2ms, application-code: 3ms)
 GET /api/chat/messages 200 in 5ms (next.js: 2ms, application-code: 3ms)
 GET /api/chat/messages 200 in 7ms (next.js: 1.8ms, application-code: 5ms)
 GET /api/chat/messages 200 in 6ms (next.js: 1.9ms, application-code: 4ms)
 GET /api/chat/messages 200 in 5ms (next.js: 1.7ms, application-code: 3ms)
 GET /api/chat/messages 200 in 6ms (next.js: 3ms, application-code: 3ms)
 GET /api/chat/messages 200 in 6ms (next.js: 1.9ms, application-code: 5ms)
 GET /api/chat/messages 200 in 5ms (next.js: 1.9ms, application-code: 3ms)
 GET /api/chat/messages 200 in 5ms (next.js: 1.7ms, application-code: 4ms)
 GET /api/chat/messages 200 in 7ms (next.js: 4ms, application-code: 3ms)
 GET /api/chat/messages 200 in 7ms (next.js: 1.9ms, application-code: 5ms)
 GET /api/chat/messages 200 in 5ms (next.js: 1.9ms, application-code: 3ms)
 GET /api/chat/messages 200 in 5ms (next.js: 1.9ms, application-code: 3ms)
 GET /api/chat/messages 200 in 5ms (next.js: 1.8ms, application-code: 3ms)
 GET /api/chat/messages 200 in 7ms (next.js: 2ms, application-code: 4ms)
 GET /api/chat/messages 200 in 6ms (next.js: 2ms, application-code: 4ms)
 GET /api/chat/messages 200 in 5ms (next.js: 2ms, application-code: 3ms)
 GET /api/chat/messages 200 in 8ms (next.js: 3ms, application-code: 4ms)
 GET /api/chat/messages 200 in 7ms (next.js: 3ms, application-code: 4ms)
 GET /api/chat/messages 200 in 5ms (next.js: 1.8ms, application-code: 3ms)
 GET /api/chat/messages 200 in 5ms (next.js: 2.0ms, application-code: 3ms)
 GET /api/chat/messages 200 in 4ms (next.js: 1.7ms, application-code: 3ms)
 GET /api/chat/messages 200 in 6ms (next.js: 2ms, application-code: 4ms)
 GET /api/chat/messages 200 in 5ms (next.js: 1.6ms, application-code: 3ms)
 GET /api/chat/messages 200 in 4ms (next.js: 2.0ms, application-code: 2ms)
 GET /api/chat/messages 200 in 6ms (next.js: 3ms, application-code: 3ms)
 GET /api/chat/messages 200 in 5ms (next.js: 1.9ms, application-code: 4ms)
 GET /api/chat/messages 200 in 6ms (next.js: 2ms, application-code: 3ms)
 GET /api/chat/messages 200 in 6ms (next.js: 2ms, application-code: 4ms)
 GET /api/chat/messages 200 in 7ms (next.js: 2ms, application-code: 5ms)
 GET /api/chat/messages 200 in 6ms (next.js: 1.9ms, application-code: 4ms)
 GET /api/chat/messages 200 in 5ms (next.js: 2ms, application-code: 3ms)
 GET /api/chat/messages 200 in 5ms (next.js: 1.9ms, application-code: 3ms)
 GET /api/chat/messages 200 in 4ms (next.js: 1.7ms, application-code: 3ms)
 GET /api/chat/messages 200 in 6ms (next.js: 1.9ms, application-code: 4ms)
 GET /api/chat/messages 200 in 4ms (next.js: 1.6ms, application-code: 3ms)
 GET /api/chat/messages 200 in 5ms (next.js: 1.8ms, application-code: 3ms)
 GET /api/chat/messages 200 in 4ms (next.js: 1.8ms, application-code: 3ms)
 GET /api/chat/messages 200 in 6ms (next.js: 2ms, application-code: 3ms)
 GET /api/chat/messages 200 in 5ms (next.js: 2ms, application-code: 3ms)
 GET /api/chat/messages 200 in 5ms (next.js: 1.7ms, application-code: 3ms)
 GET /api/chat/messages 200 in 5ms (next.js: 1.7ms, application-code: 3ms)
 GET /api/chat/messages 200 in 6ms (next.js: 2ms, application-code: 4ms)
 GET /api/chat/messages 200 in 4ms (next.js: 1.8ms, application-code: 3ms)
 GET /api/chat/messages 200 in 5ms (next.js: 1.9ms, application-code: 3ms)
 GET /api/chat/messages 200 in 4ms (next.js: 1.9ms, application-code: 3ms)
 GET /api/chat/messages 200 in 7ms (next.js: 3ms, application-code: 4ms)
 GET /api/chat/messages 200 in 5ms (next.js: 1.8ms, application-code: 3ms)
 GET /api/chat/messages 200 in 5ms (next.js: 2ms, application-code: 3ms)
 GET /api/chat/messages 200 in 5ms (next.js: 2.0ms, application-code: 3ms)
 GET /api/chat/messages 200 in 6ms (next.js: 2ms, application-code: 4ms)
 GET /api/chat/messages 200 in 5ms (next.js: 1.8ms, application-code: 3ms)
 GET /api/chat/messages 200 in 5ms (next.js: 2ms, application-code: 3ms)
 GET /api/chat/messages 200 in 5ms (next.js: 1.9ms, application-code: 3ms)
 GET /api/chat/messages 200 in 6ms (next.js: 2ms, application-code: 4ms)
 GET /api/chat/messages 200 in 6ms (next.js: 2ms, application-code: 3ms)
 GET /api/chat/messages 200 in 5ms (next.js: 1.9ms, application-code: 3ms)
 GET /api/chat/messages 200 in 9ms (next.js: 5ms, application-code: 4ms)
 GET /api/chat/messages 200 in 6ms (next.js: 2ms, application-code: 4ms)
 GET /api/chat/messages 200 in 94ms (next.js: 49ms, application-code: 46ms)
 GET /api/chat/messages 200 in 13ms (next.js: 5ms, application-code: 8ms)
 GET /api/chat/messages 200 in 9ms (next.js: 5ms, application-code: 4ms)
 GET /api/chat/messages 200 in 10ms (next.js: 3ms, application-code: 8ms)
 GET /api/chat/messages 200 in 6ms (next.js: 3ms, application-code: 4ms)
 GET /api/chat/messages 200 in 8ms (next.js: 3ms, application-code: 5ms)
 GET /api/chat/messages 200 in 14ms (next.js: 4ms, application-code: 10ms)
 GET /api/chat/messages 200 in 7ms (next.js: 2ms, application-code: 5ms)
 GET /admin/financials 200 in 77ms (next.js: 14ms, application-code: 63ms)
 GET /api/chat/messages 200 in 31ms (next.js: 10ms, application-code: 20ms)
 GET /api/chat/messages 200 in 19ms (next.js: 3ms, application-code: 16ms)
 GET /api/chat/messages 200 in 8ms (next.js: 4ms, application-code: 4ms)
 GET /api/chat/messages 200 in 11ms (next.js: 2ms, application-code: 9ms)
 GET /api/chat/messages 200 in 6ms (next.js: 2ms, application-code: 3ms)
 GET /api/chat/messages 200 in 10ms (next.js: 2ms, application-code: 8ms)
 GET /api/chat/messages 200 in 9ms (next.js: 3ms, application-code: 5ms)
 GET /api/chat/messages 200 in 12ms (next.js: 1.9ms, application-code: 10ms)
 GET /api/chat/messages 200 in 7ms (next.js: 1.9ms, application-code: 5ms)
 GET /api/chat/messages 200 in 31ms (next.js: 16ms, application-code: 15ms)
 GET /api/chat/messages 200 in 13ms (next.js: 8ms, application-code: 5ms)
 GET /api/chat/messages 200 in 7ms (next.js: 1.9ms, application-code: 5ms)
 GET /api/chat/messages 200 in 7ms (next.js: 1.8ms, application-code: 6ms)
 GET /api/chat/messages 200 in 6ms (next.js: 2ms, application-code: 3ms)
 GET /api/chat/messages 200 in 7ms (next.js: 4ms, application-code: 4ms)
 GET /api/chat/messages 200 in 5ms (next.js: 1.9ms, application-code: 3ms)
 GET /api/chat/messages 200 in 6ms (next.js: 2ms, application-code: 4ms)
 GET /api/chat/messages 200 in 9ms (next.js: 6ms, application-code: 3ms)
 GET /api/chat/messages 200 in 17ms (next.js: 10ms, application-code: 7ms)
 GET /api/chat/messages 200 in 7ms (next.js: 4ms, application-code: 3ms)
 GET /api/chat/messages 200 in 7ms (next.js: 1.8ms, application-code: 5ms)
 GET /api/chat/messages 200 in 7ms (next.js: 2ms, application-code: 5ms)
 GET /api/chat/messages 200 in 11ms (next.js: 1.9ms, application-code: 9ms)
 GET /api/chat/messages 200 in 5ms (next.js: 2.0ms, application-code: 3ms)
 GET /api/chat/messages 200 in 7ms (next.js: 2ms, application-code: 5ms)
 GET /api/chat/messages 200 in 5ms (next.js: 1.8ms, application-code: 3ms)
 GET /api/chat/messages 200 in 10ms (next.js: 2ms, application-code: 8ms)
 GET /api/chat/messages 200 in 5ms (next.js: 2.0ms, application-code: 3ms)
 GET /api/chat/messages 200 in 5ms (next.js: 1.9ms, application-code: 3ms)
 GET /api/chat/messages 200 in 6ms (next.js: 2ms, application-code: 4ms)
 GET /api/chat/messages 200 in 9ms (next.js: 3ms, application-code: 6ms)
 GET /api/chat/messages 200 in 7ms (next.js: 1.9ms, application-code: 5ms)
 GET /api/chat/messages 200 in 7ms (next.js: 3ms, application-code: 4ms)
 GET /api/chat/messages 200 in 14ms (next.js: 4ms, application-code: 10ms)
 GET /api/chat/messages 200 in 10ms (next.js: 3ms, application-code: 7ms)
 GET /api/chat/messages 200 in 24ms (next.js: 18ms, application-code: 6ms)
 GET /api/chat/messages 200 in 10ms (next.js: 6ms, application-code: 4ms)
 GET /api/chat/messages 200 in 9ms (next.js: 5ms, application-code: 5ms)
 GET /api/chat/messages 200 in 11ms (next.js: 2ms, application-code: 8ms)
 GET /api/chat/messages 200 in 12ms (next.js: 5ms, application-code: 8ms)
 GET /api/chat/messages 200 in 10ms (next.js: 2ms, application-code: 7ms)
 GET /api/chat/messages 200 in 7ms (next.js: 3ms, application-code: 4ms)
 GET /api/chat/messages 200 in 10ms (next.js: 2ms, application-code: 8ms)
 GET /api/chat/messages 200 in 7ms (next.js: 2.0ms, application-code: 5ms)
 GET /api/chat/messages 200 in 5ms (next.js: 2ms, application-code: 3ms)
 GET /api/chat/messages 200 in 5ms (next.js: 1.9ms, application-code: 4ms)
 GET /api/chat/messages 200 in 6ms (next.js: 2ms, application-code: 4ms)
 GET /api/chat/messages 200 in 6ms (next.js: 2ms, application-code: 4ms)
 GET /api/chat/messages 200 in 5ms (next.js: 1.8ms, application-code: 3ms)
 GET /api/chat/messages 200 in 6ms (next.js: 3ms, application-code: 3ms)
 GET /api/chat/messages 200 in 9ms (next.js: 2ms, application-code: 7ms)
 GET /api/chat/messages 200 in 5ms (next.js: 2.0ms, application-code: 3ms)
 GET /api/chat/messages 200 in 5ms (next.js: 2ms, application-code: 3ms)
 GET /api/chat/messages 200 in 6ms (next.js: 3ms, application-code: 3ms)
 GET /api/chat/messages 200 in 7ms (next.js: 3ms, application-code: 4ms)
 GET /api/chat/messages 200 in 5ms (next.js: 2.0ms, application-code: 3ms)
 GET /api/chat/messages 200 in 5ms (next.js: 1.9ms, application-code: 4ms)
 GET /api/chat/messages 200 in 6ms (next.js: 3ms, application-code: 4ms)
 GET /api/chat/messages 200 in 6ms (next.js: 2ms, application-code: 4ms)
 GET /api/chat/messages 200 in 5ms (next.js: 2ms, application-code: 3ms)
 GET /api/chat/messages 200 in 5ms (next.js: 1.9ms, application-code: 3ms)
 GET /api/chat/messages 200 in 6ms (next.js: 3ms, application-code: 3ms)
 GET /api/chat/messages 200 in 6ms (next.js: 2ms, application-code: 4ms)
 GET /api/chat/messages 200 in 5ms (next.js: 1.9ms, application-code: 3ms)
 GET /api/chat/messages 200 in 5ms (next.js: 2.0ms, application-code: 3ms)
 GET /api/chat/messages 200 in 6ms (next.js: 3ms, application-code: 3ms)
 GET /api/chat/messages 200 in 8ms (next.js: 2ms, application-code: 6ms)
 GET /api/chat/messages 200 in 6ms (next.js: 1.9ms, application-code: 4ms)
 GET /api/chat/messages 200 in 6ms (next.js: 3ms, application-code: 3ms)
 GET /api/chat/messages 200 in 6ms (next.js: 2ms, application-code: 4ms)
 GET /api/chat/messages 200 in 7ms (next.js: 2ms, application-code: 4ms)
 GET /api/chat/messages 200 in 5ms (next.js: 2ms, application-code: 3ms)
 GET /api/chat/messages 200 in 5ms (next.js: 2.0ms, application-code: 3ms)
 GET /api/chat/messages 200 in 6ms (next.js: 2ms, application-code: 4ms)
 GET /api/chat/messages 200 in 6ms (next.js: 1.9ms, application-code: 4ms)
 GET /api/chat/messages 200 in 6ms (next.js: 3ms, application-code: 4ms)
 GET /api/chat/messages 200 in 7ms (next.js: 4ms, application-code: 3ms)
 GET /api/chat/messages 200 in 6ms (next.js: 2ms, application-code: 4ms)
 GET /api/chat/messages 200 in 6ms (next.js: 2ms, application-code: 4ms)
 GET /api/chat/messages 200 in 5ms (next.js: 1.8ms, application-code: 3ms)
 GET /api/chat/messages 200 in 7ms (next.js: 2ms, application-code: 5ms)
 GET /api/chat/messages 200 in 6ms (next.js: 3ms, application-code: 3ms)
 GET /api/chat/messages 200 in 7ms (next.js: 2ms, application-code: 5ms)
 GET /api/chat/messages 200 in 7ms (next.js: 2ms, application-code: 5ms)
 GET /api/chat/messages 200 in 6ms (next.js: 2ms, application-code: 3ms)
 GET /api/chat/messages 200 in 19ms (next.js: 7ms, application-code: 12ms)
 GET /api/chat/messages 200 in 16ms (next.js: 5ms, application-code: 11ms)
 GET /api/chat/messages 200 in 8ms (next.js: 3ms, application-code: 5ms)
 GET /api/chat/messages 200 in 5ms (next.js: 1.8ms, application-code: 3ms)
 GET /api/chat/messages 200 in 7ms (next.js: 3ms, application-code: 3ms)
 GET /api/chat/messages 200 in 15ms (next.js: 6ms, application-code: 9ms)
 GET /api/chat/messages 200 in 8ms (next.js: 2ms, application-code: 6ms)
 GET /api/chat/messages 200 in 7ms (next.js: 3ms, application-code: 4ms)
 GET /api/chat/messages 200 in 5ms (next.js: 1.9ms, application-code: 3ms)
 GET /api/chat/messages 200 in 8ms (next.js: 3ms, application-code: 6ms)
 GET /api/chat/messages 200 in 6ms (next.js: 2ms, application-code: 4ms)
 GET /api/chat/messages 200 in 5ms (next.js: 2ms, application-code: 3ms)
 GET /api/chat/messages 200 in 5ms (next.js: 1.9ms, application-code: 3ms)
 GET /api/chat/messages 200 in 6ms (next.js: 3ms, application-code: 3ms)
 GET /api/chat/messages 200 in 9ms (next.js: 4ms, application-code: 6ms)
 GET /api/chat/messages 200 in 7ms (next.js: 1.7ms, application-code: 5ms)
 GET /api/chat/messages 200 in 7ms (next.js: 3ms, application-code: 4ms)
 GET /api/chat/messages 200 in 8ms (next.js: 5ms, application-code: 3ms)
 GET /api/chat/messages 200 in 8ms (next.js: 1.8ms, application-code: 7ms)
 GET /api/chat/messages 200 in 7ms (next.js: 1.7ms, application-code: 5ms)
 GET /api/chat/messages 200 in 7ms (next.js: 2ms, application-code: 5ms)
 GET /api/chat/messages 200 in 6ms (next.js: 2ms, application-code: 4ms)
 GET /api/chat/messages 200 in 7ms (next.js: 2ms, application-code: 5ms)
 GET /api/chat/messages 200 in 5ms (next.js: 2.0ms, application-code: 4ms)
 GET /api/chat/messages 200 in 6ms (next.js: 2ms, application-code: 4ms)
 GET /api/chat/messages 200 in 14ms (next.js: 8ms, application-code: 6ms)
 GET /api/chat/messages 200 in 11ms (next.js: 4ms, application-code: 7ms)
 GET /api/chat/messages 200 in 7ms (next.js: 1.8ms, application-code: 5ms)
 GET /api/chat/messages 200 in 7ms (next.js: 4ms, application-code: 3ms)
 GET /api/chat/messages 200 in 6ms (next.js: 3ms, application-code: 3ms)
 GET /api/chat/messages 200 in 6ms (next.js: 2.0ms, application-code: 4ms)
 GET /api/chat/messages 200 in 12ms (next.js: 5ms, application-code: 7ms)
 GET /api/chat/messages 200 in 5ms (next.js: 2.0ms, application-code: 3ms)
 GET /api/chat/messages 200 in 10ms (next.js: 1.7ms, application-code: 9ms)
 GET /api/chat/messages 200 in 9ms (next.js: 3ms, application-code: 6ms)
 GET /api/chat/messages 200 in 7ms (next.js: 2ms, application-code: 5ms)
 GET /api/chat/messages 200 in 9ms (next.js: 2ms, application-code: 7ms)
 GET /api/chat/messages 200 in 8ms (next.js: 1.8ms, application-code: 6ms)
 GET /api/chat/messages 200 in 9ms (next.js: 3ms, application-code: 6ms)
 GET /api/chat/messages 200 in 8ms (next.js: 3ms, application-code: 5ms)
 GET /api/chat/messages 200 in 6ms (next.js: 3ms, application-code: 3ms)
 GET /api/chat/messages 200 in 7ms (next.js: 2ms, application-code: 5ms)
 GET /api/chat/messages 200 in 6ms (next.js: 2ms, application-code: 3ms)
 GET /api/chat/messages 200 in 8ms (next.js: 5ms, application-code: 4ms)
 GET /api/chat/messages 200 in 7ms (next.js: 1.8ms, application-code: 6ms)
 GET /api/chat/messages 200 in 5ms (next.js: 1.8ms, application-code: 3ms)
 GET /api/chat/messages 200 in 21ms (next.js: 9ms, application-code: 13ms)
 GET /api/chat/messages 200 in 9ms (next.js: 2.0ms, application-code: 7ms)
 GET /api/chat/messages 200 in 7ms (next.js: 4ms, application-code: 3ms)
 GET /api/chat/messages 200 in 7ms (next.js: 1.8ms, application-code: 5ms)
 GET /api/chat/messages 200 in 7ms (next.js: 2ms, application-code: 5ms)
 GET /api/chat/messages 200 in 8ms (next.js: 4ms, application-code: 4ms)
 GET /api/chat/messages 200 in 8ms (next.js: 1.8ms, application-code: 6ms)
 GET /api/chat/messages 200 in 5ms (next.js: 1.8ms, application-code: 3ms)
 GET /api/chat/messages 200 in 7ms (next.js: 3ms, application-code: 3ms)
 GET /api/chat/messages 200 in 9ms (next.js: 3ms, application-code: 6ms)
 GET /api/chat/messages 200 in 10ms (next.js: 4ms, application-code: 6ms)
 GET /api/chat/messages 200 in 7ms (next.js: 3ms, application-code: 4ms)
 GET /api/chat/messages 200 in 7ms (next.js: 2ms, application-code: 5ms)
 GET /api/chat/messages 200 in 13ms (next.js: 8ms, application-code: 5ms)
 GET /api/chat/messages 200 in 9ms (next.js: 4ms, application-code: 5ms)
 GET /api/chat/messages 200 in 16ms (next.js: 6ms, application-code: 10ms)
 GET /api/chat/messages 200 in 5ms (next.js: 1.8ms, application-code: 3ms)
 GET /api/chat/messages 200 in 6ms (next.js: 2ms, application-code: 3ms)
 GET /api/chat/messages 200 in 6ms (next.js: 1.8ms, application-code: 4ms)
 GET /api/chat/messages 200 in 5ms (next.js: 1.8ms, application-code: 3ms)
 GET /api/chat/messages 200 in 5ms (next.js: 2ms, application-code: 3ms)
 GET /api/chat/messages 200 in 6ms (next.js: 3ms, application-code: 4ms)
 GET /api/chat/messages 200 in 6ms (next.js: 1.8ms, application-code: 4ms)
 GET /api/chat/messages 200 in 5ms (next.js: 1.8ms, application-code: 3ms)
 GET /api/chat/messages 200 in 5ms (next.js: 1.8ms, application-code: 3ms)
 GET /api/chat/messages 200 in 6ms (next.js: 3ms, application-code: 3ms)
 GET /api/chat/messages 200 in 7ms (next.js: 2ms, application-code: 4ms)
 GET /api/chat/messages 200 in 5ms (next.js: 1.9ms, application-code: 3ms)
 GET /api/chat/messages 200 in 5ms (next.js: 1.9ms, application-code: 3ms)
 GET /api/chat/messages 200 in 6ms (next.js: 3ms, application-code: 4ms)
 GET /api/chat/messages 200 in 6ms (next.js: 1.9ms, application-code: 4ms)
 GET /api/chat/messages 200 in 5ms (next.js: 1.8ms, application-code: 3ms)
 GET /api/chat/messages 200 in 5ms (next.js: 1.9ms, application-code: 3ms)
 GET /api/chat/messages 200 in 6ms (next.js: 3ms, application-code: 3ms)
 GET /api/chat/messages 200 in 6ms (next.js: 2.0ms, application-code: 4ms)
 GET /api/chat/messages 200 in 5ms (next.js: 1.9ms, application-code: 3ms)
 GET /api/chat/messages 200 in 5ms (next.js: 2.0ms, application-code: 3ms)
 GET /api/chat/messages 200 in 6ms (next.js: 3ms, application-code: 3ms)
 GET /api/chat/messages 200 in 7ms (next.js: 2ms, application-code: 5ms)
 GET /api/chat/messages 200 in 5ms (next.js: 1.9ms, application-code: 3ms)
 GET /api/chat/messages 200 in 5ms (next.js: 2.0ms, application-code: 3ms)
 GET /api/chat/messages 200 in 5ms (next.js: 1.9ms, application-code: 3ms)
 GET /api/chat/messages 200 in 7ms (next.js: 1.9ms, application-code: 5ms)
 GET /api/chat/messages 200 in 11ms (next.js: 1.9ms, application-code: 9ms)
 GET /api/chat/messages 200 in 5ms (next.js: 1.7ms, application-code: 3ms)
 GET /api/chat/messages 200 in 5ms (next.js: 3ms, application-code: 3ms)
 GET /api/chat/messages 200 in 6ms (next.js: 1.9ms, application-code: 4ms)
 GET /api/chat/messages 200 in 5ms (next.js: 2.0ms, application-code: 3ms)
 GET /api/chat/messages 200 in 5ms (next.js: 1.9ms, application-code: 3ms)
 GET /api/chat/messages 200 in 6ms (next.js: 3ms, application-code: 3ms)
 GET /api/chat/messages 200 in 7ms (next.js: 3ms, application-code: 4ms)
 GET /api/chat/messages 200 in 5ms (next.js: 1.9ms, application-code: 3ms)
 GET /api/chat/messages 200 in 5ms (next.js: 1.9ms, application-code: 3ms)
 GET /api/chat/messages 200 in 6ms (next.js: 3ms, application-code: 3ms)
 GET /api/chat/messages 200 in 6ms (next.js: 1.9ms, application-code: 5ms)
 GET /api/chat/messages 200 in 5ms (next.js: 2ms, application-code: 3ms)
 GET /api/chat/messages 200 in 5ms (next.js: 1.9ms, application-code: 3ms)
 GET /api/chat/messages 200 in 6ms (next.js: 3ms, application-code: 3ms)
 GET /api/chat/messages 200 in 7ms (next.js: 2.0ms, application-code: 5ms)
 GET /api/chat/messages 200 in 6ms (next.js: 2ms, application-code: 4ms)
 GET /api/chat/messages 200 in 6ms (next.js: 2ms, application-code: 4ms)
 GET /api/chat/messages 200 in 5ms (next.js: 1.9ms, application-code: 3ms)
 GET /api/chat/messages 200 in 5ms (next.js: 1.8ms, application-code: 3ms)
 GET /api/chat/messages 200 in 5ms (next.js: 1.9ms, application-code: 3ms)
 GET /api/chat/messages 200 in 5ms (next.js: 2ms, application-code: 3ms)
 GET /api/chat/messages 200 in 5ms (next.js: 1.8ms, application-code: 3ms)
 GET /api/chat/messages 200 in 5ms (next.js: 1.8ms, application-code: 3ms)
 GET /api/chat/messages 200 in 7ms (next.js: 2ms, application-code: 5ms)
 GET /api/chat/messages 200 in 10ms (next.js: 5ms, application-code: 5ms)
 GET /api/chat/messages 200 in 6ms (next.js: 2ms, application-code: 4ms)
 GET /api/chat/messages 200 in 5ms (next.js: 1.8ms, application-code: 3ms)
 GET /api/chat/messages 200 in 6ms (next.js: 3ms, application-code: 3ms)
 GET /api/chat/messages 200 in 6ms (next.js: 2ms, application-code: 4ms)
 GET /api/chat/messages 200 in 6ms (next.js: 2ms, application-code: 4ms)
 GET /api/chat/messages 200 in 5ms (next.js: 1.9ms, application-code: 3ms)
 GET /api/chat/messages 200 in 6ms (next.js: 3ms, application-code: 3ms)
 GET /api/chat/messages 200 in 7ms (next.js: 2ms, application-code: 4ms)
 GET /api/chat/messages 200 in 5ms (next.js: 1.9ms, application-code: 3ms)
 GET /api/chat/messages 200 in 5ms (next.js: 1.9ms, application-code: 3ms)
 GET /api/chat/messages 200 in 6ms (next.js: 3ms, application-code: 3ms)
 GET /api/chat/messages 200 in 6ms (next.js: 1.8ms, application-code: 5ms)
 GET /api/chat/messages 200 in 5ms (next.js: 1.9ms, application-code: 3ms)
 GET /api/chat/messages 200 in 5ms (next.js: 1.8ms, application-code: 3ms)
 GET /api/chat/messages 200 in 6ms (next.js: 2.0ms, application-code: 4ms)
 GET /api/chat/messages 200 in 22ms (next.js: 9ms, application-code: 13ms)
 GET /api/chat/messages 200 in 23ms (next.js: 7ms, application-code: 15ms)
 GET /api/chat/messages 200 in 7ms (next.js: 4ms, application-code: 3ms)
 GET /api/chat/messages 200 in 10ms (next.js: 5ms, application-code: 5ms)
 GET /api/chat/messages 200 in 16ms (next.js: 4ms, application-code: 12ms)
 GET /api/chat/messages 200 in 7ms (next.js: 4ms, application-code: 3ms)
 GET /api/chat/messages 200 in 6ms (next.js: 1.9ms, application-code: 4ms)
 GET /api/chat/messages 200 in 8ms (next.js: 1.8ms, application-code: 7ms)
 GET /api/chat/messages 200 in 7ms (next.js: 2ms, application-code: 4ms)
 GET /admin/tco 200 in 38ms (next.js: 7ms, application-code: 32ms)
 GET /api/chat/messages 200 in 6ms (next.js: 2ms, application-code: 4ms)
 GET /api/chat/messages 200 in 5ms (next.js: 1.8ms, application-code: 4ms)
 GET /api/chat/messages 200 in 6ms (next.js: 1.9ms, application-code: 4ms)
 GET /admin/financials 200 in 42ms (next.js: 11ms, application-code: 31ms)
 GET /api/chat/messages 200 in 27ms (next.js: 17ms, application-code: 9ms)
 GET /api/chat/messages 200 in 7ms (next.js: 3ms, application-code: 3ms)
 GET /api/chat/messages 200 in 9ms (next.js: 3ms, application-code: 6ms)
 GET /api/chat/messages 200 in 6ms (next.js: 3ms, application-code: 4ms)
 GET /api/chat/messages 200 in 5ms (next.js: 1.9ms, application-code: 3ms)
 GET /api/chat/messages 200 in 5ms (next.js: 1.8ms, application-code: 3ms)
 GET /api/chat/messages 200 in 8ms (next.js: 4ms, application-code: 4ms)
 GET /api/chat/messages 200 in 9ms (next.js: 5ms, application-code: 4ms)
 GET /api/chat/messages 200 in 17ms (next.js: 5ms, application-code: 11ms)
 GET /api/chat/messages 200 in 11ms (next.js: 5ms, application-code: 6ms)
 GET /api/chat/messages 200 in 5ms (next.js: 1.9ms, application-code: 3ms)
 GET /api/chat/messages 200 in 5ms (next.js: 1.8ms, application-code: 3ms)
 GET /api/chat/messages 200 in 14ms (next.js: 7ms, application-code: 7ms)
 GET /api/chat/messages 200 in 8ms (next.js: 3ms, application-code: 5ms)
 GET /api/chat/messages 200 in 7ms (next.js: 1.8ms, application-code: 5ms)
 GET /api/chat/messages 200 in 5ms (next.js: 2.0ms, application-code: 3ms)
 GET /api/chat/messages 200 in 10ms (next.js: 1.8ms, application-code: 8ms)
 GET /api/chat/messages 200 in 7ms (next.js: 2ms, application-code: 5ms)
 GET /api/chat/messages 200 in 5ms (next.js: 1.9ms, application-code: 3ms)
 GET /api/chat/messages 200 in 7ms (next.js: 3ms, application-code: 4ms)
 GET /api/chat/messages 200 in 7ms (next.js: 3ms, application-code: 3ms)
 GET /api/chat/messages 200 in 8ms (next.js: 2ms, application-code: 5ms)
 GET /api/chat/messages 200 in 8ms (next.js: 3ms, application-code: 5ms)
 GET /api/chat/messages 200 in 30ms (next.js: 15ms, application-code: 15ms)
 GET /api/chat/messages 200 in 6ms (next.js: 1.9ms, application-code: 4ms)
 GET /api/chat/messages 200 in 5ms (next.js: 1.9ms, application-code: 3ms)
 GET /api/chat/messages 200 in 7ms (next.js: 1.8ms, application-code: 5ms)
 GET /api/chat/messages 200 in 9ms (next.js: 1.7ms, application-code: 7ms)
 GET /api/chat/messages 200 in 6ms (next.js: 1.9ms, application-code: 4ms)
 GET /api/chat/messages 200 in 12ms (next.js: 7ms, application-code: 5ms)
 GET /api/chat/messages 200 in 5ms (next.js: 1.7ms, application-code: 3ms)
 GET /api/chat/messages 200 in 6ms (next.js: 1.8ms, application-code: 4ms)
 GET /api/chat/messages 200 in 5ms (next.js: 2ms, application-code: 3ms)
 GET /api/chat/messages 200 in 5ms (next.js: 1.9ms, application-code: 3ms)
 GET /api/chat/messages 200 in 6ms (next.js: 3ms, application-code: 3ms)
 GET /api/chat/messages 200 in 6ms (next.js: 1.8ms, application-code: 4ms)
 GET /api/chat/messages 200 in 5ms (next.js: 1.7ms, application-code: 3ms)
 GET /api/chat/messages 200 in 5ms (next.js: 1.8ms, application-code: 3ms)
 GET /api/chat/messages 200 in 5ms (next.js: 2ms, application-code: 3ms)
 GET /api/chat/messages 200 in 6ms (next.js: 1.9ms, application-code: 4ms)
 GET /api/chat/messages 200 in 5ms (next.js: 1.8ms, application-code: 3ms)
 GET /api/chat/messages 200 in 5ms (next.js: 2ms, application-code: 3ms)
 GET /api/chat/messages 200 in 5ms (next.js: 1.9ms, application-code: 3ms)
 GET /api/chat/messages 200 in 6ms (next.js: 1.9ms, application-code: 4ms)
 GET /api/chat/messages 200 in 5ms (next.js: 3ms, application-code: 3ms)
 GET /api/chat/messages 200 in 5ms (next.js: 1.7ms, application-code: 3ms)
 GET /api/chat/messages 200 in 5ms (next.js: 3ms, application-code: 3ms)
 GET /api/chat/messages 200 in 6ms (next.js: 1.9ms, application-code: 4ms)
 GET /api/chat/messages 200 in 6ms (next.js: 1.8ms, application-code: 4ms)
 GET /api/chat/messages 200 in 5ms (next.js: 1.8ms, application-code: 3ms)
 GET /api/chat/messages 200 in 6ms (next.js: 3ms, application-code: 3ms)
 GET /api/chat/messages 200 in 6ms (next.js: 1.9ms, application-code: 4ms)
 GET /api/chat/messages 200 in 5ms (next.js: 1.9ms, application-code: 3ms)
 GET /api/chat/messages 200 in 5ms (next.js: 1.9ms, application-code: 3ms)
 GET /api/chat/messages 200 in 6ms (next.js: 3ms, application-code: 3ms)
 GET /api/chat/messages 200 in 6ms (next.js: 2ms, application-code: 4ms)
 GET /api/chat/messages 200 in 5ms (next.js: 1.8ms, application-code: 3ms)
 GET /api/chat/messages 200 in 5ms (next.js: 1.8ms, application-code: 3ms)
 GET /api/chat/messages 200 in 5ms (next.js: 3ms, application-code: 3ms)
 GET /api/chat/messages 200 in 6ms (next.js: 1.8ms, application-code: 4ms)
 GET /api/chat/messages 200 in 5ms (next.js: 1.9ms, application-code: 3ms)
 GET /api/chat/messages 200 in 5ms (next.js: 2.0ms, application-code: 3ms)
 GET /api/chat/messages 200 in 5ms (next.js: 2ms, application-code: 3ms)
 GET /api/chat/messages 200 in 6ms (next.js: 1.8ms, application-code: 4ms)
 GET /api/chat/messages 200 in 5ms (next.js: 2.0ms, application-code: 3ms)
 GET /api/chat/messages 200 in 5ms (next.js: 2ms, application-code: 3ms)
 GET /api/chat/messages 200 in 6ms (next.js: 3ms, application-code: 3ms)
 GET /api/chat/messages 200 in 7ms (next.js: 2ms, application-code: 5ms)
 GET /api/chat/messages 200 in 9ms (next.js: 5ms, application-code: 4ms)
 GET /api/chat/messages 200 in 5ms (next.js: 1.9ms, application-code: 3ms)
 GET /api/chat/messages 200 in 6ms (next.js: 3ms, application-code: 3ms)
 GET /api/chat/messages 200 in 6ms (next.js: 1.8ms, application-code: 4ms)
 GET /api/chat/messages 200 in 5ms (next.js: 1.9ms, application-code: 3ms)
 GET /api/chat/messages 200 in 5ms (next.js: 1.8ms, application-code: 3ms)
 GET /api/chat/messages 200 in 6ms (next.js: 3ms, application-code: 3ms)
 GET /api/chat/messages 200 in 6ms (next.js: 1.8ms, application-code: 4ms)
 GET /api/chat/messages 200 in 5ms (next.js: 1.8ms, application-code: 3ms)
 GET /api/chat/messages 200 in 6ms (next.js: 2ms, application-code: 4ms)
 GET /api/chat/messages 200 in 6ms (next.js: 1.8ms, application-code: 4ms)
 GET /api/chat/messages 200 in 8ms (next.js: 2ms, application-code: 5ms)
 GET /api/chat/messages 200 in 5ms (next.js: 2.0ms, application-code: 3ms)
 GET /api/chat/messages 200 in 7ms (next.js: 2.0ms, application-code: 5ms)
 GET /api/chat/messages 200 in 6ms (next.js: 2ms, application-code: 4ms)
 GET /api/chat/messages 200 in 5ms (next.js: 1.8ms, application-code: 3ms)
 GET /api/chat/messages 200 in 5ms (next.js: 1.8ms, application-code: 3ms)
 GET /api/chat/messages 200 in 6ms (next.js: 1.9ms, application-code: 4ms)
 GET /api/chat/messages 200 in 6ms (next.js: 2ms, application-code: 4ms)
 GET /api/chat/messages 200 in 5ms (next.js: 1.7ms, application-code: 4ms)
 GET /api/chat/messages 200 in 5ms (next.js: 2ms, application-code: 3ms)
 GET /api/chat/messages 200 in 6ms (next.js: 1.8ms, application-code: 4ms)
 GET /api/chat/messages 200 in 5ms (next.js: 1.9ms, application-code: 3ms)
 GET /api/chat/messages 200 in 5ms (next.js: 1.8ms, application-code: 3ms)
 GET /api/chat/messages 200 in 5ms (next.js: 1.9ms, application-code: 4ms)
 GET /api/chat/messages 200 in 7ms (next.js: 1.9ms, application-code: 5ms)
 GET /api/chat/messages 200 in 5ms (next.js: 1.8ms, application-code: 3ms)
 GET /api/chat/messages 200 in 5ms (next.js: 1.9ms, application-code: 3ms)
 GET /api/chat/messages 200 in 6ms (next.js: 3ms, application-code: 3ms)
 GET /api/chat/messages 200 in 7ms (next.js: 2ms, application-code: 5ms)
 GET /api/chat/messages 200 in 5ms (next.js: 1.9ms, application-code: 3ms)
 GET /api/chat/messages 200 in 5ms (next.js: 1.9ms, application-code: 3ms)
 GET /api/chat/messages 200 in 7ms (next.js: 3ms, application-code: 3ms)
 GET /api/chat/messages 200 in 6ms (next.js: 1.8ms, application-code: 4ms)
 GET /api/chat/messages 200 in 5ms (next.js: 1.8ms, application-code: 3ms)
 GET /api/chat/messages 200 in 5ms (next.js: 1.8ms, application-code: 3ms)
 GET /api/chat/messages 200 in 6ms (next.js: 3ms, application-code: 4ms)
 GET /api/chat/messages 200 in 6ms (next.js: 1.9ms, application-code: 5ms)
 GET /api/chat/messages 200 in 5ms (next.js: 1.8ms, application-code: 3ms)
 GET /api/chat/messages 200 in 5ms (next.js: 1.8ms, application-code: 3ms)
 GET /api/chat/messages 200 in 6ms (next.js: 3ms, application-code: 3ms)
 GET /api/chat/messages 200 in 7ms (next.js: 1.9ms, application-code: 5ms)
 GET /api/chat/messages 200 in 5ms (next.js: 1.9ms, application-code: 3ms)
 GET /api/chat/messages 200 in 5ms (next.js: 1.9ms, application-code: 3ms)
 GET /api/chat/messages 200 in 6ms (next.js: 3ms, application-code: 3ms)
 GET /api/chat/messages 200 in 6ms (next.js: 1.9ms, application-code: 4ms)
 GET /api/chat/messages 200 in 5ms (next.js: 1.8ms, application-code: 3ms)
 GET /api/chat/messages 200 in 5ms (next.js: 1.9ms, application-code: 3ms)
 GET /api/chat/messages 200 in 6ms (next.js: 3ms, application-code: 3ms)
 GET /api/chat/messages 200 in 6ms (next.js: 2ms, application-code: 4ms)
 GET /api/chat/messages 200 in 5ms (next.js: 1.8ms, application-code: 3ms)
 GET /api/chat/messages 200 in 5ms (next.js: 1.8ms, application-code: 3ms)
 GET /api/chat/messages 200 in 5ms (next.js: 1.9ms, application-code: 3ms)
 GET /api/chat/messages 200 in 6ms (next.js: 1.9ms, application-code: 4ms)
 GET /api/chat/messages 200 in 5ms (next.js: 1.9ms, application-code: 3ms)
 GET /api/chat/messages 200 in 5ms (next.js: 1.8ms, application-code: 3ms)
 GET /api/chat/messages 200 in 7ms (next.js: 4ms, application-code: 3ms)
 GET /api/chat/messages 200 in 6ms (next.js: 1.9ms, application-code: 4ms)
 GET /api/chat/messages 200 in 5ms (next.js: 1.9ms, application-code: 3ms)
 GET /api/chat/messages 200 in 5ms (next.js: 1.9ms, application-code: 3ms)
 GET /api/chat/messages 200 in 6ms (next.js: 3ms, application-code: 3ms)
 GET /api/chat/messages 200 in 7ms (next.js: 2ms, application-code: 5ms)
 GET /api/chat/messages 200 in 5ms (next.js: 1.8ms, application-code: 3ms)
 GET /api/chat/messages 200 in 5ms (next.js: 1.9ms, application-code: 3ms)
 GET /api/chat/messages 200 in 6ms (next.js: 3ms, application-code: 3ms)
 GET /api/chat/messages 200 in 6ms (next.js: 1.9ms, application-code: 4ms)
 GET /api/chat/messages 200 in 7ms (next.js: 2ms, application-code: 5ms)
 GET /api/chat/messages 200 in 6ms (next.js: 1.8ms, application-code: 4ms)
 GET /api/chat/messages 200 in 5ms (next.js: 1.8ms, application-code: 4ms)
 GET /api/chat/messages 200 in 5ms (next.js: 2.0ms, application-code: 3ms)
 GET /api/chat/messages 200 in 6ms (next.js: 3ms, application-code: 3ms)
 GET /api/chat/messages 200 in 6ms (next.js: 1.7ms, application-code: 4ms)
 GET /api/chat/messages 200 in 5ms (next.js: 1.9ms, application-code: 3ms)
 GET /api/chat/messages 200 in 5ms (next.js: 1.9ms, application-code: 3ms)
 GET /api/chat/messages 200 in 6ms (next.js: 3ms, application-code: 3ms)
 GET /api/chat/messages 200 in 6ms (next.js: 2ms, application-code: 4ms)
 GET /api/chat/messages 200 in 5ms (next.js: 1.9ms, application-code: 3ms)
 GET /api/chat/messages 200 in 5ms (next.js: 1.9ms, application-code: 3ms)
 GET /api/chat/messages 200 in 5ms (next.js: 3ms, application-code: 3ms)
 GET /api/chat/messages 200 in 6ms (next.js: 1.8ms, application-code: 4ms)
 GET /api/chat/messages 200 in 5ms (next.js: 1.9ms, application-code: 3ms)
 GET /api/chat/messages 200 in 5ms (next.js: 2.0ms, application-code: 3ms)
 GET /api/chat/messages 200 in 6ms (next.js: 3ms, application-code: 3ms)
 GET /api/chat/messages 200 in 6ms (next.js: 1.9ms, application-code: 4ms)
 GET /api/chat/messages 200 in 5ms (next.js: 2.0ms, application-code: 3ms)
 GET /api/chat/messages 200 in 5ms (next.js: 1.9ms, application-code: 3ms)
 GET /api/chat/messages 200 in 6ms (next.js: 3ms, application-code: 3ms)
 GET /api/chat/messages 200 in 6ms (next.js: 2ms, application-code: 4ms)
 GET /api/chat/messages 200 in 5ms (next.js: 1.8ms, application-code: 3ms)
 GET /api/chat/messages 200 in 5ms (next.js: 1.8ms, application-code: 3ms)
 GET /api/chat/messages 200 in 5ms (next.js: 3ms, application-code: 3ms)
 GET /api/chat/messages 200 in 6ms (next.js: 1.9ms, application-code: 4ms)
 GET /api/chat/messages 200 in 5ms (next.js: 1.9ms, application-code: 3ms)
 GET /api/chat/messages 200 in 5ms (next.js: 1.7ms, application-code: 3ms)
 GET /api/chat/messages 200 in 5ms (next.js: 2ms, application-code: 3ms)
 GET /api/chat/messages 200 in 6ms (next.js: 1.8ms, application-code: 4ms)
 GET /api/chat/messages 200 in 5ms (next.js: 1.8ms, application-code: 3ms)
 GET /api/chat/messages 200 in 5ms (next.js: 1.9ms, application-code: 3ms)
 GET /api/chat/messages 200 in 5ms (next.js: 3ms, application-code: 3ms)
 GET /api/chat/messages 200 in 6ms (next.js: 1.8ms, application-code: 4ms)
 GET /api/chat/messages 200 in 5ms (next.js: 1.9ms, application-code: 3ms)
 GET /api/chat/messages 200 in 11ms (next.js: 4ms, application-code: 7ms)
 GET /api/chat/messages 200 in 8ms (next.js: 4ms, application-code: 3ms)
 GET /api/chat/messages 200 in 8ms (next.js: 1.8ms, application-code: 6ms)
 GET /api/chat/messages 200 in 5ms (next.js: 1.7ms, application-code: 3ms)
 GET /api/chat/messages 200 in 6ms (next.js: 1.7ms, application-code: 5ms)
 GET /api/chat/messages 200 in 8ms (next.js: 3ms, application-code: 5ms)
 GET /api/chat/messages 200 in 8ms (next.js: 2ms, application-code: 6ms)
 GET /api/chat/messages 200 in 6ms (next.js: 1.7ms, application-code: 5ms)
 GET /api/chat/messages 200 in 5ms (next.js: 1.8ms, application-code: 3ms)
 GET /api/chat/messages 200 in 9ms (next.js: 3ms, application-code: 6ms)
 GET /api/chat/messages 200 in 14ms (next.js: 5ms, application-code: 9ms)
 GET /api/chat/messages 200 in 6ms (next.js: 2ms, application-code: 4ms)
 GET /api/chat/messages 200 in 6ms (next.js: 2ms, application-code: 3ms)
 GET /api/chat/messages 200 in 6ms (next.js: 3ms, application-code: 4ms)
 GET /api/chat/messages 200 in 6ms (next.js: 2ms, application-code: 4ms)
 GET /api/chat/messages 200 in 5ms (next.js: 1.9ms, application-code: 3ms)
 GET /api/chat/messages 200 in 6ms (next.js: 1.9ms, application-code: 4ms)
 GET /api/chat/messages 200 in 6ms (next.js: 3ms, application-code: 3ms)
 GET /api/chat/messages 200 in 12ms (next.js: 6ms, application-code: 6ms)
 GET /api/chat/messages 200 in 6ms (next.js: 2ms, application-code: 4ms)
 GET /api/chat/messages 200 in 8ms (next.js: 1.7ms, application-code: 6ms)
 GET /api/chat/messages 200 in 6ms (next.js: 3ms, application-code: 3ms)
 GET /api/chat/messages 200 in 9ms (next.js: 1.7ms, application-code: 8ms)
 GET /api/chat/messages 200 in 9ms (next.js: 6ms, application-code: 3ms)
 GET /api/chat/messages 200 in 14ms (next.js: 9ms, application-code: 5ms)
 GET /api/chat/messages 200 in 19ms (next.js: 2ms, application-code: 16ms)
 GET /api/chat/messages 200 in 14ms (next.js: 6ms, application-code: 9ms)
 GET /api/chat/messages 200 in 9ms (next.js: 2ms, application-code: 7ms)
 GET /admin/tco 200 in 35ms (next.js: 6ms, application-code: 29ms)
 GET /api/chat/messages 200 in 10ms (next.js: 6ms, application-code: 4ms)
 GET /api/chat/messages 200 in 5ms (next.js: 1.9ms, application-code: 3ms)
 GET /api/chat/messages 200 in 6ms (next.js: 2ms, application-code: 4ms)
 GET /api/chat/messages 200 in 10ms (next.js: 3ms, application-code: 7ms)
 GET /api/chat/messages 200 in 7ms (next.js: 1.8ms, application-code: 5ms)
 GET /api/chat/messages 200 in 7ms (next.js: 3ms, application-code: 3ms)
 GET /api/chat/messages 200 in 5ms (next.js: 1.9ms, application-code: 3ms)
 GET /api/chat/messages 200 in 7ms (next.js: 1.9ms, application-code: 5ms)
 GET /api/chat/messages 200 in 5ms (next.js: 2.0ms, application-code: 3ms)
 GET /api/chat/messages 200 in 8ms (next.js: 1.8ms, application-code: 6ms)
 GET /api/chat/messages 200 in 5ms (next.js: 1.9ms, application-code: 3ms)
 GET /api/chat/messages 200 in 5ms (next.js: 1.8ms, application-code: 3ms)
 GET /api/chat/messages 200 in 7ms (next.js: 2ms, application-code: 4ms)
 GET /api/chat/messages 200 in 7ms (next.js: 4ms, application-code: 3ms)
 GET /api/chat/messages 200 in 5ms (next.js: 2.0ms, application-code: 3ms)
 GET /api/chat/messages 200 in 8ms (next.js: 3ms, application-code: 4ms)
 GET /api/chat/messages 200 in 8ms (next.js: 3ms, application-code: 5ms)
 GET /api/chat/messages 200 in 24ms (next.js: 1.8ms, application-code: 22ms)
 GET /api/chat/messages 200 in 6ms (next.js: 2ms, application-code: 4ms)
 GET /api/chat/messages 200 in 7ms (next.js: 2ms, application-code: 5ms)
 GET /api/chat/messages 200 in 5ms (next.js: 1.8ms, application-code: 3ms)
 GET /api/chat/messages 200 in 15ms (next.js: 6ms, application-code: 9ms)
 GET /api/chat/messages 200 in 14ms (next.js: 5ms, application-code: 8ms)
 GET /api/chat/messages 200 in 50ms (next.js: 33ms, application-code: 17ms)
 GET /api/chat/messages 200 in 7ms (next.js: 3ms, application-code: 4ms)
 GET /api/chat/messages 200 in 6ms (next.js: 2ms, application-code: 4ms)
 GET /api/chat/messages 200 in 5ms (next.js: 2.0ms, application-code: 3ms)
 GET /api/chat/messages 200 in 5ms (next.js: 2ms, application-code: 3ms)
 GET /api/chat/messages 200 in 7ms (next.js: 3ms, application-code: 4ms)
 GET /api/chat/messages 200 in 8ms (next.js: 2ms, application-code: 5ms)
 GET /api/chat/messages 200 in 6ms (next.js: 2ms, application-code: 4ms)
 GET /api/chat/messages 200 in 8ms (next.js: 4ms, application-code: 3ms)
 GET /api/chat/messages 200 in 7ms (next.js: 4ms, application-code: 3ms)
 GET /api/chat/messages 200 in 17ms (next.js: 9ms, application-code: 8ms)
 GET /api/chat/messages 200 in 22ms (next.js: 2ms, application-code: 20ms)
 GET /api/chat/messages 200 in 6ms (next.js: 3ms, application-code: 3ms)
 GET /api/chat/messages 200 in 6ms (next.js: 3ms, application-code: 3ms)
 GET /api/chat/messages 200 in 7ms (next.js: 1.9ms, application-code: 5ms)
 GET /api/chat/messages 200 in 5ms (next.js: 2.0ms, application-code: 3ms)
 GET /api/chat/messages 200 in 5ms (next.js: 1.9ms, application-code: 4ms)
 GET /api/chat/messages 200 in 6ms (next.js: 3ms, application-code: 3ms)
 GET /api/chat/messages 200 in 7ms (next.js: 2ms, application-code: 5ms)
 GET /api/chat/messages 200 in 5ms (next.js: 2ms, application-code: 3ms)
 GET /api/chat/messages 200 in 9ms (next.js: 4ms, application-code: 5ms)
 GET /api/chat/messages 200 in 12ms (next.js: 7ms, application-code: 4ms)
 GET /api/chat/messages 200 in 37ms (next.js: 8ms, application-code: 29ms)
 GET /api/chat/messages 200 in 6ms (next.js: 1.9ms, application-code: 4ms)
 GET /api/chat/messages 200 in 12ms (next.js: 3ms, application-code: 9ms)
 GET /api/chat/messages 200 in 9ms (next.js: 3ms, application-code: 6ms)
 GET /api/chat/messages 200 in 8ms (next.js: 3ms, application-code: 5ms)
 GET /api/chat/messages 200 in 9ms (next.js: 3ms, application-code: 6ms)
 GET /api/chat/messages 200 in 7ms (next.js: 2ms, application-code: 5ms)
 GET /api/chat/messages 200 in 11ms (next.js: 5ms, application-code: 5ms)
 GET /api/chat/messages 200 in 11ms (next.js: 3ms, application-code: 8ms)
 GET /api/chat/messages 200 in 7ms (next.js: 3ms, application-code: 5ms)
 GET /api/chat/messages 200 in 14ms (next.js: 5ms, application-code: 9ms)
 GET /api/chat/messages 200 in 5ms (next.js: 1.8ms, application-code: 4ms)
 GET /api/chat/messages 200 in 5ms (next.js: 1.8ms, application-code: 3ms)
 GET /api/chat/messages 200 in 5ms (next.js: 1.9ms, application-code: 3ms)
 GET /api/chat/messages 200 in 5ms (next.js: 2ms, application-code: 3ms)
 GET /api/chat/messages 200 in 9ms (next.js: 2.0ms, application-code: 7ms)
 GET /api/chat/messages 200 in 7ms (next.js: 2ms, application-code: 5ms)
 GET /api/chat/messages 200 in 8ms (next.js: 3ms, application-code: 5ms)
 GET /api/chat/messages 200 in 8ms (next.js: 2ms, application-code: 6ms)
 GET /api/chat/messages 200 in 8ms (next.js: 2ms, application-code: 6ms)
 GET /api/chat/messages 200 in 6ms (next.js: 2ms, application-code: 3ms)
 GET /api/chat/messages 200 in 7ms (next.js: 3ms, application-code: 4ms)
 GET /api/chat/messages 200 in 9ms (next.js: 2.0ms, application-code: 7ms)
 GET /api/chat/messages 200 in 10ms (next.js: 3ms, application-code: 7ms)
 GET /api/chat/messages 200 in 8ms (next.js: 4ms, application-code: 3ms)
 GET /api/chat/messages 200 in 9ms (next.js: 5ms, application-code: 4ms)
 GET /api/chat/messages 200 in 19ms (next.js: 4ms, application-code: 15ms)
 GET /api/chat/messages 200 in 10ms (next.js: 3ms, application-code: 7ms)
 GET /api/chat/messages 200 in 7ms (next.js: 2ms, application-code: 5ms)
 GET /api/chat/messages 200 in 6ms (next.js: 3ms, application-code: 3ms)
 GET /api/chat/messages 200 in 7ms (next.js: 2ms, application-code: 4ms)
 GET /api/chat/messages 200 in 7ms (next.js: 1.8ms, application-code: 5ms)
 GET /api/chat/messages 200 in 6ms (next.js: 1.9ms, application-code: 5ms)
 GET /api/chat/messages 200 in 10ms (next.js: 3ms, application-code: 7ms)
 GET /api/chat/messages 200 in 8ms (next.js: 2ms, application-code: 6ms)
 GET /api/chat/messages 200 in 5ms (next.js: 2.0ms, application-code: 3ms)
 GET /api/chat/messages 200 in 7ms (next.js: 1.7ms, application-code: 5ms)
 GET /api/chat/messages 200 in 8ms (next.js: 4ms, application-code: 4ms)
 GET /api/chat/messages 200 in 6ms (next.js: 1.7ms, application-code: 5ms)
 GET /api/chat/messages 200 in 5ms (next.js: 1.9ms, application-code: 3ms)
 GET /api/chat/messages 200 in 5ms (next.js: 1.7ms, application-code: 3ms)
 GET /api/chat/messages 200 in 15ms (next.js: 12ms, application-code: 3ms)
 GET /api/chat/messages 200 in 10ms (next.js: 2ms, application-code: 7ms)
 GET /api/chat/messages 200 in 5ms (next.js: 1.9ms, application-code: 3ms)
 GET /api/chat/messages 200 in 7ms (next.js: 3ms, application-code: 3ms)
 GET /api/chat/messages 200 in 33ms (next.js: 15ms, application-code: 18ms)
 GET /api/chat/messages 200 in 11ms (next.js: 1.8ms, application-code: 10ms)
 GET /api/chat/messages 200 in 9ms (next.js: 5ms, application-code: 5ms)
 GET /api/chat/messages 200 in 9ms (next.js: 1.9ms, application-code: 7ms)
 GET /api/chat/messages 200 in 6ms (next.js: 3ms, application-code: 3ms)
 GET /api/chat/messages 200 in 9ms (next.js: 2ms, application-code: 6ms)
 GET /api/chat/messages 200 in 8ms (next.js: 1.9ms, application-code: 6ms)
 GET /api/chat/messages 200 in 8ms (next.js: 2ms, application-code: 6ms)
 GET /api/chat/messages 200 in 14ms (next.js: 8ms, application-code: 6ms)
 GET /api/chat/messages 200 in 18ms (next.js: 3ms, application-code: 15ms)
 GET /api/chat/messages 200 in 7ms (next.js: 4ms, application-code: 3ms)
 GET /api/chat/messages 200 in 7ms (next.js: 1.8ms, application-code: 5ms)
 GET /api/chat/messages 200 in 8ms (next.js: 2ms, application-code: 6ms)
 GET /api/chat/messages 200 in 9ms (next.js: 2ms, application-code: 7ms)
 GET /api/chat/messages 200 in 5ms (next.js: 1.9ms, application-code: 3ms)
 GET /api/chat/messages 200 in 5ms (next.js: 2.0ms, application-code: 3ms)
 GET /api/chat/messages 200 in 8ms (next.js: 5ms, application-code: 3ms)
 GET /api/chat/messages 200 in 8ms (next.js: 1.7ms, application-code: 6ms)
 GET /api/chat/messages 200 in 6ms (next.js: 2ms, application-code: 4ms)
 GET /api/chat/messages 200 in 9ms (next.js: 4ms, application-code: 5ms)
 GET /api/chat/messages 200 in 6ms (next.js: 1.9ms, application-code: 5ms)
 GET /api/chat/messages 200 in 7ms (next.js: 1.9ms, application-code: 5ms)
 GET /api/chat/messages 200 in 7ms (next.js: 1.8ms, application-code: 5ms)
 GET /api/chat/messages 200 in 10ms (next.js: 3ms, application-code: 7ms)
 GET /api/chat/messages 200 in 7ms (next.js: 2ms, application-code: 5ms)
 GET /api/chat/messages 200 in 7ms (next.js: 1.8ms, application-code: 5ms)
 GET /api/chat/messages 200 in 7ms (next.js: 1.9ms, application-code: 5ms)
 GET /api/chat/messages 200 in 8ms (next.js: 2ms, application-code: 6ms)
 GET /api/chat/messages 200 in 10ms (next.js: 3ms, application-code: 7ms)
 GET /api/chat/messages 200 in 9ms (next.js: 2ms, application-code: 7ms)
 GET /api/chat/messages 200 in 8ms (next.js: 2ms, application-code: 6ms)
 GET /api/chat/messages 200 in 7ms (next.js: 1.7ms, application-code: 5ms)
 GET /api/chat/messages 200 in 5ms (next.js: 1.7ms, application-code: 3ms)
 GET /api/chat/messages 200 in 9ms (next.js: 1.8ms, application-code: 8ms)
 GET /api/chat/messages 200 in 7ms (next.js: 2ms, application-code: 5ms)
 GET /api/chat/messages 200 in 7ms (next.js: 1.8ms, application-code: 5ms)
 GET /api/chat/messages 200 in 7ms (next.js: 2.0ms, application-code: 5ms)
 GET /api/chat/messages 200 in 6ms (next.js: 2ms, application-code: 4ms)
 GET /api/chat/messages 200 in 5ms (next.js: 2ms, application-code: 3ms)
 GET /api/chat/messages 200 in 6ms (next.js: 2ms, application-code: 4ms)
 GET /api/chat/messages 200 in 8ms (next.js: 1.9ms, application-code: 6ms)
 GET /api/chat/messages 200 in 7ms (next.js: 2ms, application-code: 5ms)
 GET /api/chat/messages 200 in 5ms (next.js: 1.8ms, application-code: 3ms)
 GET /api/chat/messages 200 in 5ms (next.js: 1.9ms, application-code: 3ms)
 GET /api/chat/messages 200 in 5ms (next.js: 1.9ms, application-code: 3ms)
 GET /api/chat/messages 200 in 6ms (next.js: 2.0ms, application-code: 4ms)
 GET /api/chat/messages 200 in 5ms (next.js: 1.9ms, application-code: 3ms)
 GET /api/chat/messages 200 in 5ms (next.js: 1.9ms, application-code: 3ms)
 GET /api/chat/messages 200 in 6ms (next.js: 2ms, application-code: 4ms)
 GET /api/chat/messages 200 in 7ms (next.js: 2ms, application-code: 4ms)
 GET /api/chat/messages 200 in 5ms (next.js: 1.9ms, application-code: 3ms)
 GET /api/chat/messages 200 in 7ms (next.js: 2ms, application-code: 4ms)
 GET /api/chat/messages 200 in 16ms (next.js: 3ms, application-code: 13ms)
 GET /api/chat/messages 200 in 8ms (next.js: 2ms, application-code: 6ms)
 GET /api/chat/messages 200 in 10ms (next.js: 5ms, application-code: 5ms)
 GET /api/chat/messages 200 in 6ms (next.js: 2ms, application-code: 4ms)
 GET /api/chat/messages 200 in 7ms (next.js: 3ms, application-code: 3ms)
 GET /api/chat/messages 200 in 14ms (next.js: 3ms, application-code: 11ms)
 GET /api/chat/messages 200 in 14ms (next.js: 1.9ms, application-code: 12ms)
 GET /api/chat/messages 200 in 7ms (next.js: 1.8ms, application-code: 5ms)
 GET /api/chat/messages 200 in 6ms (next.js: 3ms, application-code: 4ms)
 GET /api/chat/messages 200 in 10ms (next.js: 4ms, application-code: 6ms)
 GET /api/chat/messages 200 in 5ms (next.js: 1.9ms, application-code: 3ms)
 GET /api/chat/messages 200 in 5ms (next.js: 1.9ms, application-code: 3ms)
 GET /api/chat/messages 200 in 6ms (next.js: 3ms, application-code: 3ms)
 GET /api/chat/messages 200 in 9ms (next.js: 1.9ms, application-code: 7ms)
 GET /api/chat/messages 200 in 5ms (next.js: 1.9ms, application-code: 3ms)
 GET /api/chat/messages 200 in 7ms (next.js: 2ms, application-code: 4ms)
 GET /api/chat/messages 200 in 9ms (next.js: 3ms, application-code: 6ms)
 GET /api/chat/messages 200 in 6ms (next.js: 2.0ms, application-code: 4ms)
 GET /api/chat/messages 200 in 5ms (next.js: 1.8ms, application-code: 3ms)
 GET /api/chat/messages 200 in 5ms (next.js: 1.9ms, application-code: 3ms)
 GET /api/chat/messages 200 in 6ms (next.js: 3ms, application-code: 4ms)
 GET /api/chat/messages 200 in 7ms (next.js: 3ms, application-code: 4ms)
 GET /api/chat/messages 200 in 5ms (next.js: 2ms, application-code: 3ms)
 GET /api/chat/messages 200 in 5ms (next.js: 1.9ms, application-code: 4ms)
 GET /api/chat/messages 200 in 12ms (next.js: 6ms, application-code: 7ms)
 GET /api/chat/messages 200 in 6ms (next.js: 1.7ms, application-code: 5ms)
 GET /api/chat/messages 200 in 16ms (next.js: 1.9ms, application-code: 14ms)
 GET /api/chat/messages 200 in 7ms (next.js: 1.8ms, application-code: 5ms)
 GET /api/chat/messages 200 in 44ms (next.js: 7ms, application-code: 37ms)
 GET /api/chat/messages 200 in 9ms (next.js: 2ms, application-code: 7ms)
 GET /api/chat/messages 200 in 17ms (next.js: 5ms, application-code: 13ms)
 GET /api/chat/messages 200 in 11ms (next.js: 3ms, application-code: 9ms)
 GET /api/chat/messages 200 in 25ms (next.js: 7ms, application-code: 18ms)
 GET /api/chat/messages 200 in 6ms (next.js: 2ms, application-code: 4ms)
 GET /api/chat/messages 200 in 5ms (next.js: 1.9ms, application-code: 3ms)
 GET /api/chat/messages 200 in 6ms (next.js: 3ms, application-code: 3ms)
 GET /api/chat/messages 200 in 7ms (next.js: 2ms, application-code: 5ms)
 GET /api/chat/messages 200 in 5ms (next.js: 2ms, application-code: 3ms)
 GET /api/chat/messages 200 in 5ms (next.js: 1.8ms, application-code: 3ms)
 GET /api/chat/messages 200 in 7ms (next.js: 3ms, application-code: 4ms)
 GET /api/chat/messages 200 in 7ms (next.js: 2ms, application-code: 4ms)
 GET /api/chat/messages 200 in 5ms (next.js: 1.9ms, application-code: 3ms)
 GET /api/chat/messages 200 in 6ms (next.js: 2ms, application-code: 3ms)
 GET /api/chat/messages 200 in 5ms (next.js: 2.0ms, application-code: 4ms)
 GET /api/chat/messages 200 in 6ms (next.js: 1.9ms, application-code: 4ms)
 GET /api/chat/messages 200 in 5ms (next.js: 1.9ms, application-code: 3ms)
 GET /api/chat/messages 200 in 5ms (next.js: 1.8ms, application-code: 3ms)
 GET /api/chat/messages 200 in 23ms (next.js: 3ms, application-code: 20ms)
 GET /api/chat/messages 200 in 8ms (next.js: 4ms, application-code: 4ms)
 GET /api/chat/messages 200 in 7ms (next.js: 2ms, application-code: 5ms)
 GET /api/chat/messages 200 in 10ms (next.js: 6ms, application-code: 4ms)
 GET /api/chat/messages 200 in 11ms (next.js: 4ms, application-code: 7ms)
 GET /api/chat/messages 200 in 9ms (next.js: 5ms, application-code: 3ms)
 GET /api/chat/messages 200 in 8ms (next.js: 2.0ms, application-code: 6ms)
 GET /api/chat/messages 200 in 6ms (next.js: 3ms, application-code: 4ms)
 GET /api/chat/messages 200 in 11ms (next.js: 1.9ms, application-code: 9ms)
 GET /api/chat/messages 200 in 7ms (next.js: 1.8ms, application-code: 5ms)
 GET /api/chat/messages 200 in 5ms (next.js: 1.7ms, application-code: 3ms)
 GET /api/chat/messages 200 in 7ms (next.js: 3ms, application-code: 4ms)
 GET /api/chat/messages 200 in 9ms (next.js: 2ms, application-code: 6ms)
 GET /api/chat/messages 200 in 7ms (next.js: 1.7ms, application-code: 5ms)
 GET /api/chat/messages 200 in 7ms (next.js: 2ms, application-code: 5ms)
 GET /api/chat/messages 200 in 8ms (next.js: 3ms, application-code: 5ms)
 GET /api/chat/messages 200 in 9ms (next.js: 4ms, application-code: 5ms)
 GET /api/chat/messages 200 in 7ms (next.js: 1.9ms, application-code: 5ms)
 GET /api/chat/messages 200 in 5ms (next.js: 1.9ms, application-code: 3ms)
 GET /api/chat/messages 200 in 8ms (next.js: 5ms, application-code: 3ms)
 GET /api/chat/messages 200 in 11ms (next.js: 4ms, application-code: 8ms)
 GET /api/chat/messages 200 in 5ms (next.js: 1.9ms, application-code: 3ms)
 GET /api/chat/messages 200 in 5ms (next.js: 1.9ms, application-code: 3ms)
 GET /api/chat/messages 200 in 6ms (next.js: 3ms, application-code: 3ms)
 GET /api/chat/messages 200 in 10ms (next.js: 4ms, application-code: 6ms)
 GET /api/chat/messages 200 in 15ms (next.js: 2ms, application-code: 13ms)
 GET /api/chat/messages 200 in 8ms (next.js: 1.8ms, application-code: 6ms)
 GET /admin/reports 200 in 366ms (next.js: 326ms, application-code: 40ms)
 GET /api/chat/messages 200 in 63ms (next.js: 60ms, application-code: 3ms)
 GET /api/chat/messages 200 in 7ms (next.js: 4ms, application-code: 3ms)
 GET /api/chat/messages 200 in 6ms (next.js: 2ms, application-code: 3ms)
 GET /api/chat/messages 200 in 5ms (next.js: 2.0ms, application-code: 3ms)
 GET /api/chat/messages 200 in 8ms (next.js: 2.0ms, application-code: 6ms)
 GET /api/chat/messages 200 in 5ms (next.js: 1.8ms, application-code: 3ms)
 GET /api/chat/messages 200 in 9ms (next.js: 5ms, application-code: 4ms)
 GET /api/chat/messages 200 in 5ms (next.js: 1.8ms, application-code: 3ms)
 GET /api/chat/messages 200 in 5ms (next.js: 2ms, application-code: 3ms)
 GET /admin/tco 200 in 37ms (next.js: 8ms, application-code: 28ms)
 GET /api/chat/messages 200 in 11ms (next.js: 8ms, application-code: 3ms)
 GET /api/chat/messages 200 in 5ms (next.js: 2ms, application-code: 3ms)
 GET /api/chat/messages 200 in 6ms (next.js: 2ms, application-code: 4ms)
 GET /api/chat/messages 200 in 8ms (next.js: 2ms, application-code: 6ms)
 GET /api/chat/messages 200 in 7ms (next.js: 2ms, application-code: 5ms)
 GET /api/chat/messages 200 in 6ms (next.js: 2ms, application-code: 4ms)
 GET /api/chat/messages 200 in 7ms (next.js: 1.8ms, application-code: 5ms)
 GET /api/chat/messages 200 in 6ms (next.js: 1.9ms, application-code: 4ms)
 GET /api/chat/messages 200 in 7ms (next.js: 2ms, application-code: 5ms)
 GET /api/chat/messages 200 in 7ms (next.js: 1.7ms, application-code: 6ms)
 GET /api/chat/messages 200 in 5ms (next.js: 2.0ms, application-code: 3ms)
 GET /api/chat/messages 200 in 6ms (next.js: 3ms, application-code: 3ms)
 GET /api/chat/messages 200 in 6ms (next.js: 2ms, application-code: 4ms)
 GET /api/chat/messages 200 in 5ms (next.js: 1.9ms, application-code: 3ms)
 GET /api/chat/messages 200 in 33ms (next.js: 2ms, application-code: 31ms)
 GET /api/chat/messages 200 in 6ms (next.js: 2ms, application-code: 4ms)
 GET /api/chat/messages 200 in 9ms (next.js: 1.9ms, application-code: 7ms)
 GET /api/chat/messages 200 in 7ms (next.js: 3ms, application-code: 3ms)
 GET /api/chat/messages 200 in 5ms (next.js: 2ms, application-code: 3ms)
 GET /api/chat/messages 200 in 5ms (next.js: 1.9ms, application-code: 3ms)
 GET /api/chat/messages 200 in 7ms (next.js: 1.9ms, application-code: 5ms)
 GET /api/chat/messages 200 in 5ms (next.js: 1.7ms, application-code: 3ms)
 GET /api/chat/messages 200 in 5ms (next.js: 1.9ms, application-code: 3ms)
 GET /api/chat/messages 200 in 5ms (next.js: 1.8ms, application-code: 3ms)
 GET /api/chat/messages 200 in 25ms (next.js: 14ms, application-code: 12ms)
 GET /api/chat/messages 200 in 6ms (next.js: 1.9ms, application-code: 4ms)
 GET /api/chat/messages 200 in 7ms (next.js: 2.0ms, application-code: 5ms)
 GET /api/chat/messages 200 in 9ms (next.js: 3ms, application-code: 5ms)
 GET /api/chat/messages 200 in 15ms (next.js: 4ms, application-code: 10ms)
 GET /api/chat/messages 200 in 6ms (next.js: 2.0ms, application-code: 4ms)
 GET /api/chat/messages 200 in 5ms (next.js: 2.0ms, application-code: 3ms)
 GET /api/chat/messages 200 in 6ms (next.js: 3ms, application-code: 3ms)
 GET /api/chat/messages 200 in 8ms (next.js: 2ms, application-code: 6ms)
 GET /api/chat/messages 200 in 5ms (next.js: 2ms, application-code: 3ms)
 GET /api/chat/messages 200 in 9ms (next.js: 5ms, application-code: 3ms)
 GET /api/chat/messages 200 in 10ms (next.js: 4ms, application-code: 6ms)
 GET /api/chat/messages 200 in 6ms (next.js: 1.8ms, application-code: 4ms)
 GET /api/chat/messages 200 in 5ms (next.js: 2ms, application-code: 3ms)
 GET /api/chat/messages 200 in 5ms (next.js: 2ms, application-code: 3ms)
 GET /api/chat/messages 200 in 6ms (next.js: 3ms, application-code: 3ms)
 GET /api/chat/messages 200 in 6ms (next.js: 1.8ms, application-code: 4ms)
 GET /api/chat/messages 200 in 6ms (next.js: 2ms, application-code: 3ms)
 GET /api/chat/messages 200 in 5ms (next.js: 2ms, application-code: 3ms)
 GET /api/chat/messages 200 in 5ms (next.js: 1.9ms, application-code: 3ms)
 GET /api/chat/messages 200 in 6ms (next.js: 2ms, application-code: 4ms)
 GET /api/chat/messages 200 in 5ms (next.js: 1.9ms, application-code: 3ms)
 GET /api/chat/messages 200 in 6ms (next.js: 1.9ms, application-code: 4ms)
 GET /api/chat/messages 200 in 5ms (next.js: 1.9ms, application-code: 3ms)
 GET /api/chat/messages 200 in 7ms (next.js: 3ms, application-code: 4ms)
 GET /api/chat/messages 200 in 5ms (next.js: 1.9ms, application-code: 3ms)
 GET /api/chat/messages 200 in 6ms (next.js: 1.9ms, application-code: 4ms)
 GET /api/chat/messages 200 in 5ms (next.js: 1.7ms, application-code: 3ms)
 GET /api/chat/messages 200 in 6ms (next.js: 2ms, application-code: 4ms)
 GET /api/chat/messages 200 in 6ms (next.js: 2ms, application-code: 3ms)
 GET /api/chat/messages 200 in 5ms (next.js: 1.7ms, application-code: 3ms)
 GET /api/chat/messages 200 in 5ms (next.js: 2.0ms, application-code: 3ms)
 GET /api/chat/messages 200 in 6ms (next.js: 1.9ms, application-code: 4ms)
 GET /api/chat/messages 200 in 6ms (next.js: 1.9ms, application-code: 4ms)
 GET /api/chat/messages 200 in 6ms (next.js: 2.0ms, application-code: 4ms)
 GET /api/chat/messages 200 in 7ms (next.js: 3ms, application-code: 4ms)
 GET /api/chat/messages 200 in 6ms (next.js: 1.9ms, application-code: 4ms)
 GET /api/chat/messages 200 in 5ms (next.js: 1.8ms, application-code: 3ms)
 GET /api/chat/messages 200 in 5ms (next.js: 1.9ms, application-code: 3ms)
 GET /api/chat/messages 200 in 6ms (next.js: 3ms, application-code: 3ms)
 GET /api/chat/messages 200 in 6ms (next.js: 1.8ms, application-code: 4ms)
 GET /api/chat/messages 200 in 5ms (next.js: 1.9ms, application-code: 3ms)
 GET /api/chat/messages 200 in 5ms (next.js: 1.8ms, application-code: 3ms)
 GET /api/chat/messages 200 in 6ms (next.js: 3ms, application-code: 3ms)
 GET /api/chat/messages 200 in 6ms (next.js: 2ms, application-code: 4ms)
 GET /api/chat/messages 200 in 5ms (next.js: 2ms, application-code: 3ms)
 GET /api/chat/messages 200 in 5ms (next.js: 2.0ms, application-code: 3ms)
 GET /api/chat/messages 200 in 5ms (next.js: 3ms, application-code: 3ms)
 GET /api/chat/messages 200 in 6ms (next.js: 1.9ms, application-code: 4ms)
 GET /api/chat/messages 200 in 5ms (next.js: 1.9ms, application-code: 3ms)
 GET /api/chat/messages 200 in 5ms (next.js: 1.9ms, application-code: 3ms)
 GET /api/chat/messages 200 in 5ms (next.js: 3ms, application-code: 3ms)
 GET /api/chat/messages 200 in 6ms (next.js: 1.8ms, application-code: 4ms)
 GET /api/chat/messages 200 in 5ms (next.js: 1.8ms, application-code: 3ms)
 GET /api/chat/messages 200 in 5ms (next.js: 1.9ms, application-code: 3ms)
 GET /api/chat/messages 200 in 6ms (next.js: 3ms, application-code: 3ms)
 GET /api/chat/messages 200 in 7ms (next.js: 2ms, application-code: 5ms)
 GET /api/chat/messages 200 in 5ms (next.js: 1.9ms, application-code: 3ms)
 GET /api/chat/messages 200 in 5ms (next.js: 1.7ms, application-code: 3ms)
 GET /api/chat/messages 200 in 6ms (next.js: 3ms, application-code: 3ms)
 GET /api/chat/messages 200 in 7ms (next.js: 2ms, application-code: 5ms)
 GET /api/chat/messages 200 in 5ms (next.js: 1.8ms, application-code: 3ms)
 GET /api/chat/messages 200 in 5ms (next.js: 1.9ms, application-code: 3ms)
 GET /api/chat/messages 200 in 6ms (next.js: 3ms, application-code: 3ms)
 GET /api/chat/messages 200 in 6ms (next.js: 2ms, application-code: 4ms)
 GET /api/chat/messages 200 in 5ms (next.js: 2.0ms, application-code: 3ms)
 GET /api/chat/messages 200 in 5ms (next.js: 2ms, application-code: 3ms)
 GET /api/chat/messages 200 in 5ms (next.js: 2.0ms, application-code: 3ms)
 GET /api/chat/messages 200 in 6ms (next.js: 1.8ms, application-code: 4ms)
 GET /api/chat/messages 200 in 5ms (next.js: 2ms, application-code: 3ms)
 GET /api/chat/messages 200 in 5ms (next.js: 1.9ms, application-code: 3ms)
 GET /api/chat/messages 200 in 6ms (next.js: 3ms, application-code: 3ms)
 GET /api/chat/messages 200 in 6ms (next.js: 2.0ms, application-code: 4ms)
 GET /api/chat/messages 200 in 5ms (next.js: 1.9ms, application-code: 3ms)
 GET /api/chat/messages 200 in 5ms (next.js: 1.7ms, application-code: 3ms)
 GET /api/chat/messages 200 in 6ms (next.js: 3ms, application-code: 3ms)
 GET /api/chat/messages 200 in 6ms (next.js: 1.9ms, application-code: 5ms)
 GET /api/chat/messages 200 in 5ms (next.js: 1.9ms, application-code: 3ms)
 GET /api/chat/messages 200 in 5ms (next.js: 1.8ms, application-code: 3ms)
 GET /api/chat/messages 200 in 6ms (next.js: 3ms, application-code: 4ms)
 GET /api/chat/messages 200 in 7ms (next.js: 3ms, application-code: 4ms)
 GET /api/chat/messages 200 in 5ms (next.js: 2.0ms, application-code: 3ms)
 GET /api/chat/messages 200 in 6ms (next.js: 3ms, application-code: 4ms)
 GET /api/chat/messages 200 in 6ms (next.js: 3ms, application-code: 4ms)
 GET /api/chat/messages 200 in 10ms (next.js: 5ms, application-code: 5ms)
 GET /api/chat/messages 200 in 11ms (next.js: 3ms, application-code: 7ms)
 GET /api/chat/messages 200 in 5ms (next.js: 2.0ms, application-code: 3ms)
 GET /api/chat/messages 200 in 6ms (next.js: 3ms, application-code: 3ms)
 GET /api/chat/messages 200 in 6ms (next.js: 1.9ms, application-code: 4ms)
 GET /api/chat/messages 200 in 5ms (next.js: 1.8ms, application-code: 3ms)
 GET /api/chat/messages 200 in 5ms (next.js: 2ms, application-code: 3ms)
 GET /api/chat/messages 200 in 6ms (next.js: 3ms, application-code: 3ms)
 GET /api/chat/messages 200 in 6ms (next.js: 1.9ms, application-code: 4ms)
 GET /api/chat/messages 200 in 6ms (next.js: 1.9ms, application-code: 4ms)
 GET /api/chat/messages 200 in 6ms (next.js: 1.8ms, application-code: 4ms)
 GET /api/chat/messages 200 in 8ms (next.js: 2ms, application-code: 6ms)
 GET /api/chat/messages 200 in 7ms (next.js: 2ms, application-code: 5ms)
 GET /api/chat/messages 200 in 6ms (next.js: 2ms, application-code: 4ms)
 GET /api/chat/messages 200 in 5ms (next.js: 2ms, application-code: 3ms)
 GET /api/chat/messages 200 in 6ms (next.js: 3ms, application-code: 3ms)
 GET /api/chat/messages 200 in 7ms (next.js: 2ms, application-code: 5ms)
 GET /api/chat/messages 200 in 5ms (next.js: 1.8ms, application-code: 3ms)
 GET /api/chat/messages 200 in 5ms (next.js: 1.8ms, application-code: 3ms)
 GET /api/chat/messages 200 in 6ms (next.js: 3ms, application-code: 3ms)
 GET /api/chat/messages 200 in 7ms (next.js: 2ms, application-code: 4ms)
 GET /api/chat/messages 200 in 5ms (next.js: 2ms, application-code: 3ms)
 GET /api/chat/messages 200 in 5ms (next.js: 1.9ms, application-code: 3ms)
 GET /api/chat/messages 200 in 6ms (next.js: 1.9ms, application-code: 4ms)
 GET /api/chat/messages 200 in 6ms (next.js: 2ms, application-code: 4ms)
 GET /api/chat/messages 200 in 5ms (next.js: 1.8ms, application-code: 4ms)
 GET /api/chat/messages 200 in 5ms (next.js: 1.9ms, application-code: 3ms)
 GET /api/chat/messages 200 in 5ms (next.js: 1.9ms, application-code: 3ms)
 GET /api/chat/messages 200 in 6ms (next.js: 1.8ms, application-code: 4ms)
 GET /api/chat/messages 200 in 5ms (next.js: 2ms, application-code: 3ms)
 GET /api/chat/messages 200 in 5ms (next.js: 1.9ms, application-code: 3ms)
 GET /api/chat/messages 200 in 6ms (next.js: 3ms, application-code: 3ms)
 GET /api/chat/messages 200 in 7ms (next.js: 2ms, application-code: 4ms)
 GET /api/chat/messages 200 in 6ms (next.js: 1.9ms, application-code: 4ms)
 GET /api/chat/messages 200 in 5ms (next.js: 2.0ms, application-code: 3ms)
 GET /api/chat/messages 200 in 5ms (next.js: 1.8ms, application-code: 3ms)
 GET /api/chat/messages 200 in 7ms (next.js: 2ms, application-code: 5ms)
 GET /api/chat/messages 200 in 6ms (next.js: 1.9ms, application-code: 4ms)
 GET /api/chat/messages 200 in 6ms (next.js: 2.0ms, application-code: 4ms)
 GET /api/chat/messages 200 in 6ms (next.js: 3ms, application-code: 3ms)
 GET /api/chat/messages 200 in 7ms (next.js: 2.0ms, application-code: 5ms)
 GET /api/chat/messages 200 in 6ms (next.js: 2ms, application-code: 3ms)
 GET /api/chat/messages 200 in 5ms (next.js: 1.9ms, application-code: 3ms)
 GET /api/chat/messages 200 in 6ms (next.js: 3ms, application-code: 3ms)
 GET /api/chat/messages 200 in 6ms (next.js: 2ms, application-code: 4ms)
 GET /api/chat/messages 200 in 6ms (next.js: 2ms, application-code: 4ms)
 GET /api/chat/messages 200 in 5ms (next.js: 1.9ms, application-code: 3ms)
 GET /api/chat/messages 200 in 5ms (next.js: 1.8ms, application-code: 3ms)
 GET /api/chat/messages 200 in 7ms (next.js: 2.0ms, application-code: 5ms)
 GET /api/chat/messages 200 in 5ms (next.js: 1.9ms, application-code: 3ms)
 GET /api/chat/messages 200 in 5ms (next.js: 1.9ms, application-code: 3ms)
 GET /api/chat/messages 200 in 5ms (next.js: 2.0ms, application-code: 3ms)
 GET /api/chat/messages 200 in 6ms (next.js: 1.9ms, application-code: 4ms)
 GET /api/chat/messages 200 in 5ms (next.js: 1.8ms, application-code: 4ms)
 GET /api/chat/messages 200 in 5ms (next.js: 1.9ms, application-code: 3ms)
 GET /api/chat/messages 200 in 6ms (next.js: 3ms, application-code: 3ms)
 GET /api/chat/messages 200 in 8ms (next.js: 4ms, application-code: 4ms)
 GET /api/chat/messages 200 in 5ms (next.js: 2ms, application-code: 3ms)
 GET /api/chat/messages 200 in 6ms (next.js: 1.9ms, application-code: 4ms)
 GET /api/chat/messages 200 in 6ms (next.js: 3ms, application-code: 3ms)
 GET /api/chat/messages 200 in 7ms (next.js: 1.9ms, application-code: 5ms)
 GET /api/chat/messages 200 in 5ms (next.js: 2.0ms, application-code: 3ms)
 GET /api/chat/messages 200 in 5ms (next.js: 1.9ms, application-code: 3ms)
 GET /api/chat/messages 200 in 6ms (next.js: 3ms, application-code: 4ms)
 GET /api/chat/messages 200 in 6ms (next.js: 1.9ms, application-code: 4ms)
 GET /api/chat/messages 200 in 6ms (next.js: 1.9ms, application-code: 4ms)
 GET /api/chat/messages 200 in 6ms (next.js: 2.0ms, application-code: 4ms)
 GET /api/chat/messages 200 in 11ms (next.js: 6ms, application-code: 5ms)
 GET /api/chat/messages 200 in 5ms (next.js: 2ms, application-code: 3ms)
 GET /api/chat/messages 200 in 10ms (next.js: 4ms, application-code: 6ms)
 GET /api/chat/messages 200 in 5ms (next.js: 2.0ms, application-code: 3ms)
 GET /api/chat/messages 200 in 5ms (next.js: 2ms, application-code: 3ms)
 GET /api/chat/messages 200 in 6ms (next.js: 3ms, application-code: 3ms)
 GET /api/chat/messages 200 in 7ms (next.js: 2ms, application-code: 5ms)
 GET /api/chat/messages 200 in 5ms (next.js: 2ms, application-code: 3ms)
 GET /api/chat/messages 200 in 5ms (next.js: 1.9ms, application-code: 3ms)
 GET /api/chat/messages 200 in 6ms (next.js: 3ms, application-code: 3ms)
 GET /api/chat/messages 200 in 7ms (next.js: 2ms, application-code: 5ms)
 GET /api/chat/messages 200 in 5ms (next.js: 1.8ms, application-code: 3ms)
 GET /api/chat/messages 200 in 5ms (next.js: 1.8ms, application-code: 3ms)
 GET /api/chat/messages 200 in 6ms (next.js: 3ms, application-code: 3ms)
 GET /api/chat/messages 200 in 6ms (next.js: 2.0ms, application-code: 4ms)
 GET /api/chat/messages 200 in 6ms (next.js: 1.9ms, application-code: 4ms)
 GET /api/chat/messages 200 in 6ms (next.js: 2ms, application-code: 3ms)
 GET /api/chat/messages 200 in 5ms (next.js: 2.0ms, application-code: 3ms)
 GET /api/chat/messages 200 in 6ms (next.js: 1.9ms, application-code: 4ms)
 GET /api/chat/messages 200 in 5ms (next.js: 1.9ms, application-code: 3ms)
 GET /api/chat/messages 200 in 5ms (next.js: 1.9ms, application-code: 4ms)
 GET /api/chat/messages 200 in 5ms (next.js: 2ms, application-code: 3ms)
 GET /api/chat/messages 200 in 6ms (next.js: 1.9ms, application-code: 4ms)
 GET /api/chat/messages 200 in 5ms (next.js: 1.9ms, application-code: 4ms)
 GET /api/chat/messages 200 in 5ms (next.js: 2ms, application-code: 3ms)
 GET /api/chat/messages 200 in 7ms (next.js: 3ms, application-code: 4ms)
 GET /api/chat/messages 200 in 6ms (next.js: 1.9ms, application-code: 4ms)
 GET /api/chat/messages 200 in 6ms (next.js: 2ms, application-code: 4ms)
 GET /api/chat/messages 200 in 5ms (next.js: 2ms, application-code: 3ms)
 GET /api/chat/messages 200 in 5ms (next.js: 1.9ms, application-code: 3ms)
 GET /api/chat/messages 200 in 6ms (next.js: 1.9ms, application-code: 4ms)
 GET /admin/financials 200 in 37ms (next.js: 7ms, application-code: 30ms)
 GET /api/chat/messages 200 in 12ms (next.js: 2ms, application-code: 9ms)
 GET /api/chat/messages 200 in 11ms (next.js: 6ms, application-code: 6ms)
 GET /api/chat/messages 200 in 6ms (next.js: 1.9ms, application-code: 4ms)
 GET /api/chat/messages 200 in 5ms (next.js: 2ms, application-code: 3ms)
 GET /api/chat/messages 200 in 5ms (next.js: 1.9ms, application-code: 3ms)
 GET /api/chat/messages 200 in 6ms (next.js: 3ms, application-code: 3ms)
 GET /api/chat/messages 200 in 6ms (next.js: 1.8ms, application-code: 5ms)
 GET /api/chat/messages 200 in 6ms (next.js: 3ms, application-code: 3ms)
 GET /api/chat/messages 200 in 6ms (next.js: 3ms, application-code: 3ms)
 GET /api/chat/messages 200 in 6ms (next.js: 3ms, application-code: 3ms)
 GET /api/chat/messages 200 in 7ms (next.js: 1.9ms, application-code: 5ms)
 GET /api/chat/messages 200 in 6ms (next.js: 2ms, application-code: 3ms)
 GET /api/chat/messages 200 in 6ms (next.js: 1.9ms, application-code: 4ms)
 GET /api/chat/messages 200 in 15ms (next.js: 10ms, application-code: 5ms)
 GET /api/chat/messages 200 in 7ms (next.js: 1.9ms, application-code: 5ms)
 GET /api/chat/messages 200 in 6ms (next.js: 2ms, application-code: 3ms)
 GET /api/chat/messages 200 in 5ms (next.js: 1.9ms, application-code: 3ms)
 GET /api/chat/messages 200 in 6ms (next.js: 3ms, application-code: 3ms)
 GET /api/chat/messages 200 in 11ms (next.js: 1.9ms, application-code: 9ms)
 GET /api/chat/messages 200 in 5ms (next.js: 1.8ms, application-code: 3ms)
 GET /api/chat/messages 200 in 5ms (next.js: 2ms, application-code: 3ms)
 GET /api/chat/messages 200 in 7ms (next.js: 3ms, application-code: 4ms)
 GET /api/chat/messages 200 in 7ms (next.js: 3ms, application-code: 4ms)
 GET /admin/sales 200 in 316ms (next.js: 206ms, application-code: 110ms)
 GET /api/chat/messages 200 in 43ms (next.js: 35ms, application-code: 8ms)
 GET /api/chat/messages 200 in 5ms (next.js: 1.8ms, application-code: 3ms)
 GET /api/chat/messages 200 in 6ms (next.js: 1.7ms, application-code: 5ms)
 GET /api/chat/messages 200 in 5ms (next.js: 2ms, application-code: 3ms)
 GET /api/chat/messages 200 in 5ms (next.js: 2ms, application-code: 3ms)
 GET /api/chat/messages 200 in 6ms (next.js: 2.0ms, application-code: 4ms)
 GET /api/chat/messages 200 in 5ms (next.js: 1.8ms, application-code: 3ms)
 GET /api/chat/messages 200 in 5ms (next.js: 1.9ms, application-code: 3ms)
 GET /api/chat/messages 200 in 22ms (next.js: 11ms, application-code: 11ms)
 GET /api/chat/messages 200 in 10ms (next.js: 2ms, application-code: 7ms)
 GET /api/chat/messages 200 in 14ms (next.js: 5ms, application-code: 9ms)
 GET /api/chat/messages 200 in 8ms (next.js: 2ms, application-code: 5ms)
 GET /api/chat/messages 200 in 6ms (next.js: 2ms, application-code: 4ms)
 GET /api/chat/messages 200 in 8ms (next.js: 1.9ms, application-code: 6ms)
 GET /api/chat/messages 200 in 7ms (next.js: 1.9ms, application-code: 5ms)
 GET /api/chat/messages 200 in 7ms (next.js: 4ms, application-code: 3ms)
 GET /api/chat/messages 200 in 6ms (next.js: 3ms, application-code: 3ms)
 GET /api/chat/messages 200 in 5ms (next.js: 2.0ms, application-code: 3ms)
 GET /api/chat/messages 200 in 7ms (next.js: 2ms, application-code: 5ms)
 GET /api/chat/messages 200 in 5ms (next.js: 1.9ms, application-code: 3ms)
 GET /api/chat/messages 200 in 7ms (next.js: 1.8ms, application-code: 5ms)
 GET /api/chat/messages 200 in 6ms (next.js: 1.9ms, application-code: 4ms)
 GET /api/chat/messages 200 in 7ms (next.js: 4ms, application-code: 4ms)
 GET /api/chat/messages 200 in 7ms (next.js: 2ms, application-code: 5ms)
 GET /api/chat/messages 200 in 8ms (next.js: 1.8ms, application-code: 7ms)
 GET /api/chat/messages 200 in 8ms (next.js: 2ms, application-code: 5ms)
 GET /api/chat/messages 200 in 7ms (next.js: 3ms, application-code: 3ms)
 GET /api/chat/messages 200 in 5ms (next.js: 1.8ms, application-code: 3ms)
 GET /api/chat/messages 200 in 8ms (next.js: 1.8ms, application-code: 6ms)
 GET /api/chat/messages 200 in 6ms (next.js: 3ms, application-code: 4ms)
 GET /api/chat/messages 200 in 5ms (next.js: 2ms, application-code: 3ms)
 GET /api/chat/messages 200 in 5ms (next.js: 1.8ms, application-code: 3ms)
 GET /api/chat/messages 200 in 6ms (next.js: 1.9ms, application-code: 4ms)
 GET /api/chat/messages 200 in 7ms (next.js: 2ms, application-code: 5ms)
 GET /api/chat/messages 200 in 15ms (next.js: 3ms, application-code: 13ms)
 GET /api/chat/messages 200 in 8ms (next.js: 2ms, application-code: 6ms)
 GET /api/chat/messages 200 in 7ms (next.js: 2ms, application-code: 5ms)
 GET /api/chat/messages 200 in 6ms (next.js: 2ms, application-code: 4ms)
 GET /api/chat/messages 200 in 5ms (next.js: 1.9ms, application-code: 3ms)
 GET /api/chat/messages 200 in 7ms (next.js: 3ms, application-code: 3ms)
 GET /api/chat/messages 200 in 5ms (next.js: 1.8ms, application-code: 3ms)
 GET /api/chat/messages 200 in 6ms (next.js: 2ms, application-code: 4ms)
 GET /api/chat/messages 200 in 6ms (next.js: 1.9ms, application-code: 4ms)
 GET /api/chat/messages 200 in 7ms (next.js: 4ms, application-code: 3ms)
 GET /api/chat/messages 200 in 5ms (next.js: 1.8ms, application-code: 3ms)
 GET /api/chat/messages 200 in 11ms (next.js: 1.9ms, application-code: 9ms)
 GET /api/chat/messages 200 in 5ms (next.js: 1.8ms, application-code: 3ms)
 GET /api/chat/messages 200 in 5ms (next.js: 2ms, application-code: 3ms)
 GET /api/chat/messages 200 in 5ms (next.js: 1.9ms, application-code: 3ms)
 GET /api/chat/messages 200 in 13ms (next.js: 2ms, application-code: 11ms)
 GET /api/chat/messages 200 in 7ms (next.js: 1.9ms, application-code: 5ms)
 GET /api/chat/messages 200 in 5ms (next.js: 2ms, application-code: 3ms)
 GET /admin/parts 200 in 168ms (next.js: 140ms, application-code: 28ms)
 GET /admin/parts 200 in 50ms (next.js: 17ms, application-code: 33ms)
 GET /api/chat/messages 200 in 5ms (next.js: 1.9ms, application-code: 3ms)
 GET /api/chat/messages 200 in 15ms (next.js: 3ms, application-code: 12ms)
 GET /api/chat/messages 200 in 24ms (next.js: 14ms, application-code: 10ms)
 GET /api/chat/messages 200 in 32ms (next.js: 29ms, application-code: 3ms)
 GET /api/chat/messages 200 in 8ms (next.js: 2ms, application-code: 6ms)
 GET /api/chat/messages 200 in 5ms (next.js: 2ms, application-code: 3ms)
 GET /api/chat/messages 200 in 11ms (next.js: 7ms, application-code: 4ms)
 GET /api/chat/messages 200 in 6ms (next.js: 2ms, application-code: 4ms)
 GET /api/chat/messages 200 in 9ms (next.js: 2ms, application-code: 7ms)
 GET /api/chat/messages 200 in 25ms (next.js: 17ms, application-code: 8ms)
 GET /api/chat/messages 200 in 12ms (next.js: 5ms, application-code: 7ms)
 GET /api/chat/messages 200 in 15ms (next.js: 8ms, application-code: 7ms)
 GET /api/chat/messages 200 in 8ms (next.js: 1.9ms, application-code: 6ms)
 GET /api/chat/messages 200 in 23ms (next.js: 17ms, application-code: 6ms)
 GET /api/chat/messages 200 in 8ms (next.js: 2ms, application-code: 6ms)
 GET /api/chat/messages 200 in 18ms (next.js: 12ms, application-code: 6ms)
 GET /api/chat/messages 200 in 15ms (next.js: 6ms, application-code: 10ms)
 GET /api/chat/messages 200 in 6ms (next.js: 3ms, application-code: 3ms)
 GET /api/chat/messages 200 in 32ms (next.js: 11ms, application-code: 21ms)
 GET /api/chat/messages 200 in 8ms (next.js: 1.8ms, application-code: 6ms)
 GET /api/chat/messages 200 in 10ms (next.js: 6ms, application-code: 4ms)
 GET /api/chat/messages 200 in 9ms (next.js: 4ms, application-code: 6ms)
 GET /api/chat/messages 200 in 7ms (next.js: 2ms, application-code: 5ms)
 GET /api/chat/messages 200 in 29ms (next.js: 2ms, application-code: 27ms)
 GET /api/chat/messages 200 in 5ms (next.js: 2ms, application-code: 3ms)
 GET /api/chat/messages 200 in 6ms (next.js: 2ms, application-code: 4ms)
 GET /api/chat/messages 200 in 6ms (next.js: 1.9ms, application-code: 4ms)
 GET /api/chat/messages 200 in 5ms (next.js: 1.8ms, application-code: 3ms)
 GET /api/chat/messages 200 in 5ms (next.js: 2ms, application-code: 3ms)
 GET /api/chat/messages 200 in 6ms (next.js: 2ms, application-code: 3ms)
 GET /api/chat/messages 200 in 6ms (next.js: 3ms, application-code: 3ms)
 GET /api/chat/messages 200 in 7ms (next.js: 1.8ms, application-code: 5ms)
 GET /api/chat/messages 200 in 5ms (next.js: 1.9ms, application-code: 3ms)
 GET /api/chat/messages 200 in 5ms (next.js: 1.8ms, application-code: 3ms)
 GET /api/chat/messages 200 in 6ms (next.js: 3ms, application-code: 3ms)
 GET /api/chat/messages 200 in 7ms (next.js: 1.9ms, application-code: 5ms)
 GET /api/chat/messages 200 in 5ms (next.js: 2ms, application-code: 3ms)
 GET /api/chat/messages 200 in 5ms (next.js: 2.0ms, application-code: 3ms)
 GET /api/chat/messages 200 in 6ms (next.js: 3ms, application-code: 3ms)
 GET /api/chat/messages 200 in 6ms (next.js: 1.9ms, application-code: 4ms)
 GET /api/chat/messages 200 in 5ms (next.js: 1.8ms, application-code: 3ms)
 GET /api/chat/messages 200 in 5ms (next.js: 1.8ms, application-code: 3ms)
 GET /api/chat/messages 200 in 6ms (next.js: 3ms, application-code: 3ms)
 GET /api/chat/messages 200 in 6ms (next.js: 2ms, application-code: 4ms)
 GET /api/chat/messages 200 in 5ms (next.js: 1.9ms, application-code: 3ms)
 GET /api/chat/messages 200 in 5ms (next.js: 2ms, application-code: 3ms)
 GET /api/chat/messages 200 in 6ms (next.js: 3ms, application-code: 3ms)
 GET /api/chat/messages 200 in 6ms (next.js: 2ms, application-code: 4ms)
 GET /api/chat/messages 200 in 10ms (next.js: 2ms, application-code: 8ms)
 GET /api/chat/messages 200 in 6ms (next.js: 1.7ms, application-code: 4ms)
 GET /api/chat/messages 200 in 6ms (next.js: 3ms, application-code: 3ms)
 GET /api/chat/messages 200 in 6ms (next.js: 2ms, application-code: 4ms)
 GET /api/chat/messages 200 in 5ms (next.js: 1.8ms, application-code: 3ms)
 GET /api/chat/messages 200 in 6ms (next.js: 2ms, application-code: 4ms)
 GET /api/chat/messages 200 in 5ms (next.js: 2ms, application-code: 3ms)
 GET /api/chat/messages 200 in 5ms (next.js: 2ms, application-code: 3ms)
 GET /api/chat/messages 200 in 5ms (next.js: 1.8ms, application-code: 3ms)
 GET /api/chat/messages 200 in 5ms (next.js: 1.8ms, application-code: 3ms)
 GET /api/chat/messages 200 in 6ms (next.js: 3ms, application-code: 3ms)
 GET /api/chat/messages 200 in 6ms (next.js: 1.9ms, application-code: 4ms)
 GET /api/chat/messages 200 in 5ms (next.js: 1.9ms, application-code: 3ms)
 GET /api/chat/messages 200 in 5ms (next.js: 2ms, application-code: 3ms)
 GET /api/chat/messages 200 in 6ms (next.js: 3ms, application-code: 3ms)
 GET /api/chat/messages 200 in 6ms (next.js: 1.9ms, application-code: 4ms)
 GET /api/chat/messages 200 in 5ms (next.js: 2.0ms, application-code: 3ms)
 GET /api/chat/messages 200 in 5ms (next.js: 2ms, application-code: 3ms)
 GET /api/chat/messages 200 in 6ms (next.js: 3ms, application-code: 3ms)
 GET /api/chat/messages 200 in 8ms (next.js: 1.9ms, application-code: 6ms)
 GET /api/chat/messages 200 in 5ms (next.js: 2ms, application-code: 3ms)
 GET /api/chat/messages 200 in 6ms (next.js: 1.9ms, application-code: 4ms)
 GET /api/chat/messages 200 in 6ms (next.js: 2ms, application-code: 4ms)
 GET /api/chat/messages 200 in 8ms (next.js: 2ms, application-code: 6ms)
 GET /api/chat/messages 200 in 7ms (next.js: 2ms, application-code: 5ms)
 GET /api/chat/messages 200 in 10ms (next.js: 4ms, application-code: 6ms)
 GET /api/chat/messages 200 in 5ms (next.js: 2ms, application-code: 3ms)
 GET /api/chat/messages 200 in 6ms (next.js: 1.9ms, application-code: 4ms)
 GET /api/chat/messages 200 in 6ms (next.js: 3ms, application-code: 3ms)
 GET /api/chat/messages 200 in 6ms (next.js: 2.0ms, application-code: 4ms)
 GET /api/chat/messages 200 in 6ms (next.js: 2ms, application-code: 4ms)
 GET /api/chat/messages 200 in 6ms (next.js: 2ms, application-code: 4ms)
 GET /api/chat/messages 200 in 5ms (next.js: 1.9ms, application-code: 3ms)
 GET /api/chat/messages 200 in 6ms (next.js: 2.0ms, application-code: 4ms)
 GET /api/chat/messages 200 in 6ms (next.js: 1.9ms, application-code: 4ms)
 GET /api/chat/messages 200 in 5ms (next.js: 1.9ms, application-code: 3ms)
 GET /api/chat/messages 200 in 5ms (next.js: 1.8ms, application-code: 3ms)
 GET /api/chat/messages 200 in 6ms (next.js: 2.0ms, application-code: 4ms)
 GET /api/chat/messages 200 in 5ms (next.js: 1.9ms, application-code: 4ms)
 GET /api/chat/messages 200 in 6ms (next.js: 1.9ms, application-code: 4ms)
 GET /api/chat/messages 200 in 5ms (next.js: 1.8ms, application-code: 3ms)
 GET /api/chat/messages 200 in 6ms (next.js: 1.9ms, application-code: 4ms)
 GET /api/chat/messages 200 in 6ms (next.js: 2ms, application-code: 4ms)
 GET /api/chat/messages 200 in 5ms (next.js: 1.9ms, application-code: 3ms)
 GET /api/chat/messages 200 in 6ms (next.js: 2ms, application-code: 4ms)
 GET /api/chat/messages 200 in 6ms (next.js: 2.0ms, application-code: 4ms)
 GET /api/chat/messages 200 in 5ms (next.js: 2.0ms, application-code: 4ms)
 GET /api/chat/messages 200 in 5ms (next.js: 1.8ms, application-code: 3ms)
 GET /api/chat/messages 200 in 6ms (next.js: 3ms, application-code: 4ms)
 GET /api/chat/messages 200 in 6ms (next.js: 1.9ms, application-code: 5ms)
 GET /api/chat/messages 200 in 5ms (next.js: 2ms, application-code: 3ms)
 GET /api/chat/messages 200 in 5ms (next.js: 1.8ms, application-code: 3ms)
 GET /api/chat/messages 200 in 5ms (next.js: 2ms, application-code: 3ms)
 GET /api/chat/messages 200 in 6ms (next.js: 2.0ms, application-code: 4ms)
 GET /api/chat/messages 200 in 5ms (next.js: 1.8ms, application-code: 3ms)
 GET /api/chat/messages 200 in 5ms (next.js: 1.9ms, application-code: 3ms)
 GET /api/chat/messages 200 in 7ms (next.js: 3ms, application-code: 4ms)
 GET /api/chat/messages 200 in 6ms (next.js: 2.0ms, application-code: 5ms)
 GET /api/chat/messages 200 in 5ms (next.js: 1.9ms, application-code: 3ms)
 GET /api/chat/messages 200 in 5ms (next.js: 2.0ms, application-code: 3ms)
 GET /api/chat/messages 200 in 6ms (next.js: 3ms, application-code: 3ms)
 GET /api/chat/messages 200 in 6ms (next.js: 1.8ms, application-code: 4ms)
 GET /api/chat/messages 200 in 6ms (next.js: 3ms, application-code: 3ms)
 GET /api/chat/messages 200 in 5ms (next.js: 1.9ms, application-code: 3ms)
 GET /api/chat/messages 200 in 5ms (next.js: 2.0ms, application-code: 3ms)
 GET /api/chat/messages 200 in 6ms (next.js: 1.9ms, application-code: 4ms)
 GET /api/chat/messages 200 in 5ms (next.js: 1.9ms, application-code: 4ms)
 GET /api/chat/messages 200 in 5ms (next.js: 2.0ms, application-code: 3ms)
 GET /api/chat/messages 200 in 6ms (next.js: 3ms, application-code: 3ms)
 GET /api/chat/messages 200 in 6ms (next.js: 2.0ms, application-code: 4ms)
 GET /api/chat/messages 200 in 6ms (next.js: 1.9ms, application-code: 4ms)
 GET /api/chat/messages 200 in 6ms (next.js: 3ms, application-code: 3ms)
 GET /api/chat/messages 200 in 5ms (next.js: 1.9ms, application-code: 3ms)
 GET /api/chat/messages 200 in 6ms (next.js: 2.0ms, application-code: 4ms)
 GET /api/chat/messages 200 in 5ms (next.js: 2ms, application-code: 3ms)
 GET /api/chat/messages 200 in 5ms (next.js: 1.9ms, application-code: 3ms)
 GET /api/chat/messages 200 in 6ms (next.js: 3ms, application-code: 3ms)
 GET /api/chat/messages 200 in 7ms (next.js: 2.0ms, application-code: 5ms)
 GET /api/chat/messages 200 in 5ms (next.js: 2.0ms, application-code: 3ms)
 GET /api/chat/messages 200 in 6ms (next.js: 2ms, application-code: 4ms)
 GET /api/chat/messages 200 in 6ms (next.js: 1.8ms, application-code: 4ms)
 GET /api/chat/messages 200 in 5ms (next.js: 1.9ms, application-code: 4ms)
 GET /api/chat/messages 200 in 5ms (next.js: 2ms, application-code: 3ms)
 GET /api/chat/messages 200 in 6ms (next.js: 2ms, application-code: 4ms)
 GET /api/chat/messages 200 in 6ms (next.js: 2.0ms, application-code: 4ms)
 GET /api/chat/messages 200 in 5ms (next.js: 2ms, application-code: 3ms)
 GET /api/chat/messages 200 in 5ms (next.js: 1.9ms, application-code: 3ms)
 GET /api/chat/messages 200 in 6ms (next.js: 3ms, application-code: 3ms)
 GET /api/chat/messages 200 in 6ms (next.js: 2ms, application-code: 4ms)
 GET /api/chat/messages 200 in 5ms (next.js: 2ms, application-code: 3ms)
 GET /api/chat/messages 200 in 4ms (next.js: 1.7ms, application-code: 3ms)
 GET /api/chat/messages 200 in 5ms (next.js: 3ms, application-code: 3ms)
 GET /api/chat/messages 200 in 6ms (next.js: 2ms, application-code: 4ms)
 GET /api/chat/messages 200 in 5ms (next.js: 2.0ms, application-code: 3ms)
 GET /api/chat/messages 200 in 5ms (next.js: 1.8ms, application-code: 3ms)
 GET /api/chat/messages 200 in 6ms (next.js: 3ms, application-code: 3ms)
 GET /api/chat/messages 200 in 6ms (next.js: 1.8ms, application-code: 4ms)
 GET /api/chat/messages 200 in 5ms (next.js: 2ms, application-code: 3ms)
 GET /api/chat/messages 200 in 5ms (next.js: 1.7ms, application-code: 3ms)
 GET /api/chat/messages 200 in 6ms (next.js: 3ms, application-code: 3ms)
 GET /api/chat/messages 200 in 6ms (next.js: 2ms, application-code: 4ms)
 GET /api/chat/messages 200 in 5ms (next.js: 1.9ms, application-code: 3ms)
 GET /api/chat/messages 200 in 5ms (next.js: 1.9ms, application-code: 3ms)
 GET /api/chat/messages 200 in 5ms (next.js: 2ms, application-code: 3ms)
 GET /api/chat/messages 200 in 6ms (next.js: 1.8ms, application-code: 4ms)
 GET /api/chat/messages 200 in 5ms (next.js: 2ms, application-code: 3ms)
 GET /api/chat/messages 200 in 5ms (next.js: 2.0ms, application-code: 3ms)
 GET /api/chat/messages 200 in 9ms (next.js: 3ms, application-code: 6ms)
 GET /api/chat/messages 200 in 6ms (next.js: 1.9ms, application-code: 4ms)
 GET /api/chat/messages 200 in 5ms (next.js: 1.8ms, application-code: 3ms)
 GET /api/chat/messages 200 in 5ms (next.js: 1.9ms, application-code: 3ms)
 GET /api/chat/messages 200 in 6ms (next.js: 3ms, application-code: 3ms)
 GET /api/chat/messages 200 in 6ms (next.js: 2.0ms, application-code: 4ms)
 GET /api/chat/messages 200 in 5ms (next.js: 2ms, application-code: 3ms)
 GET /api/chat/messages 200 in 6ms (next.js: 1.8ms, application-code: 5ms)
 GET /api/chat/messages 200 in 6ms (next.js: 3ms, application-code: 3ms)
 GET /api/chat/messages 200 in 7ms (next.js: 2ms, application-code: 5ms)
 GET /api/chat/messages 200 in 5ms (next.js: 2ms, application-code: 3ms)
 GET /api/chat/messages 200 in 5ms (next.js: 1.8ms, application-code: 3ms)
 GET /api/chat/messages 200 in 6ms (next.js: 3ms, application-code: 3ms)
 GET /api/chat/messages 200 in 6ms (next.js: 1.8ms, application-code: 4ms)
 GET /api/chat/messages 200 in 5ms (next.js: 2.0ms, application-code: 3ms)
 GET /api/chat/messages 200 in 5ms (next.js: 1.8ms, application-code: 3ms)
 GET /api/chat/messages 200 in 8ms (next.js: 3ms, application-code: 5ms)
 GET /api/chat/messages 200 in 9ms (next.js: 3ms, application-code: 6ms)
 GET /api/chat/messages 200 in 5ms (next.js: 2ms, application-code: 3ms)
 GET /api/chat/messages 200 in 5ms (next.js: 1.9ms, application-code: 3ms)
 GET /api/chat/messages 200 in 21ms (next.js: 15ms, application-code: 5ms)
 GET /api/chat/messages 200 in 7ms (next.js: 2ms, application-code: 4ms)
 GET /api/chat/messages 200 in 7ms (next.js: 1.7ms, application-code: 5ms)
 GET /api/chat/messages 200 in 5ms (next.js: 1.9ms, application-code: 3ms)
 GET /api/chat/messages 200 in 9ms (next.js: 5ms, application-code: 4ms)
 GET /api/chat/messages 200 in 6ms (next.js: 1.9ms, application-code: 4ms)
 GET /api/chat/messages 200 in 5ms (next.js: 1.9ms, application-code: 3ms)
 GET /api/chat/messages 200 in 7ms (next.js: 2ms, application-code: 4ms)
 GET /api/chat/messages 200 in 6ms (next.js: 1.9ms, application-code: 4ms)
 GET /api/chat/messages 200 in 5ms (next.js: 2.0ms, application-code: 3ms)
 GET /api/chat/messages 200 in 5ms (next.js: 1.9ms, application-code: 3ms)
 GET /api/chat/messages 200 in 6ms (next.js: 3ms, application-code: 3ms)
 GET /api/chat/messages 200 in 6ms (next.js: 2.0ms, application-code: 4ms)
 GET /api/chat/messages 200 in 6ms (next.js: 1.7ms, application-code: 5ms)
 GET /api/chat/messages 200 in 5ms (next.js: 2.0ms, application-code: 3ms)
 GET /api/chat/messages 200 in 6ms (next.js: 2ms, application-code: 4ms)
 GET /api/chat/messages 200 in 7ms (next.js: 2ms, application-code: 5ms)
 GET /api/chat/messages 200 in 7ms (next.js: 2ms, application-code: 5ms)
 GET /api/chat/messages 200 in 5ms (next.js: 2.0ms, application-code: 3ms)
 GET /api/chat/messages 200 in 5ms (next.js: 2ms, application-code: 3ms)
 GET /api/chat/messages 200 in 5ms (next.js: 1.7ms, application-code: 3ms)
 GET /api/chat/messages 200 in 7ms (next.js: 2ms, application-code: 5ms)
 GET /api/chat/messages 200 in 5ms (next.js: 2ms, application-code: 3ms)
 GET /api/chat/messages 200 in 5ms (next.js: 2ms, application-code: 3ms)
 GET /api/chat/messages 200 in 6ms (next.js: 3ms, application-code: 3ms)
 GET /api/chat/messages 200 in 7ms (next.js: 2ms, application-code: 4ms)
 GET /api/chat/messages 200 in 5ms (next.js: 2.0ms, application-code: 3ms)
 GET /api/chat/messages 200 in 5ms (next.js: 2.0ms, application-code: 3ms)
 GET /api/chat/messages 200 in 5ms (next.js: 1.8ms, application-code: 3ms)
 GET /api/chat/messages 200 in 7ms (next.js: 2ms, application-code: 5ms)
 GET /api/chat/messages 200 in 5ms (next.js: 2ms, application-code: 3ms)
 GET /api/chat/messages 200 in 8ms (next.js: 2ms, application-code: 6ms)
 GET /api/chat/messages 200 in 6ms (next.js: 2ms, application-code: 3ms)
 GET /api/chat/messages 200 in 6ms (next.js: 1.8ms, application-code: 4ms)
 GET /api/chat/messages 200 in 6ms (next.js: 2ms, application-code: 3ms)
 GET /api/chat/messages 200 in 5ms (next.js: 1.8ms, application-code: 3ms)
 GET /api/chat/messages 200 in 6ms (next.js: 3ms, application-code: 3ms)
 GET /api/chat/messages 200 in 7ms (next.js: 3ms, application-code: 4ms)
 GET /api/chat/messages 200 in 5ms (next.js: 2.0ms, application-code: 3ms)
 GET /api/chat/messages 200 in 5ms (next.js: 1.9ms, application-code: 3ms)
 GET /api/chat/messages 200 in 6ms (next.js: 1.8ms, application-code: 4ms)
 GET /api/chat/messages 200 in 6ms (next.js: 2ms, application-code: 4ms)
 GET /api/chat/messages 200 in 5ms (next.js: 2.0ms, application-code: 3ms)
 GET /api/chat/messages 200 in 5ms (next.js: 1.9ms, application-code: 3ms)
 GET /api/chat/messages 200 in 5ms (next.js: 1.9ms, application-code: 3ms)
 GET /api/chat/messages 200 in 6ms (next.js: 2ms, application-code: 4ms)
 GET /api/chat/messages 200 in 5ms (next.js: 1.9ms, application-code: 3ms)
 GET /api/chat/messages 200 in 5ms (next.js: 1.9ms, application-code: 3ms)
 GET /api/chat/messages 200 in 5ms (next.js: 1.9ms, application-code: 3ms)
 GET /api/chat/messages 200 in 6ms (next.js: 2.0ms, application-code: 4ms)
 GET /api/chat/messages 200 in 5ms (next.js: 1.9ms, application-code: 3ms)
 GET /api/chat/messages 200 in 5ms (next.js: 1.9ms, application-code: 3ms)
 GET /api/chat/messages 200 in 5ms (next.js: 1.8ms, application-code: 3ms)
 GET /api/chat/messages 200 in 7ms (next.js: 2ms, application-code: 5ms)
 GET /api/chat/messages 200 in 5ms (next.js: 2ms, application-code: 3ms)
 GET /api/chat/messages 200 in 5ms (next.js: 1.9ms, application-code: 3ms)
 GET /api/chat/messages 200 in 7ms (next.js: 4ms, application-code: 3ms)
 GET /api/chat/messages 200 in 6ms (next.js: 1.9ms, application-code: 4ms)
 GET /api/chat/messages 200 in 5ms (next.js: 2.0ms, application-code: 3ms)
 GET /api/chat/messages 200 in 5ms (next.js: 1.9ms, application-code: 3ms)
 GET /api/chat/messages 200 in 5ms (next.js: 1.9ms, application-code: 3ms)
 GET /api/chat/messages 200 in 7ms (next.js: 3ms, application-code: 4ms)
 GET /api/chat/messages 200 in 5ms (next.js: 1.8ms, application-code: 3ms)
 GET /api/chat/messages 200 in 5ms (next.js: 1.8ms, application-code: 3ms)
 GET /api/chat/messages 200 in 8ms (next.js: 3ms, application-code: 5ms)
 GET /api/chat/messages 200 in 6ms (next.js: 1.8ms, application-code: 4ms)
 GET /api/chat/messages 200 in 5ms (next.js: 2ms, application-code: 3ms)
 GET /api/chat/messages 200 in 5ms (next.js: 1.9ms, application-code: 3ms)
 GET /api/chat/messages 200 in 5ms (next.js: 1.8ms, application-code: 3ms)
 GET /api/chat/messages 200 in 6ms (next.js: 2ms, application-code: 4ms)
 GET /api/chat/messages 200 in 5ms (next.js: 1.9ms, application-code: 3ms)
 GET /api/chat/messages 200 in 6ms (next.js: 2ms, application-code: 3ms)
 GET /api/chat/messages 200 in 5ms (next.js: 1.8ms, application-code: 3ms)
 GET /api/chat/messages 200 in 7ms (next.js: 2ms, application-code: 5ms)
 GET /api/chat/messages 200 in 6ms (next.js: 1.9ms, application-code: 4ms)
 GET /api/chat/messages 200 in 5ms (next.js: 1.9ms, application-code: 3ms)
 GET /api/chat/messages 200 in 5ms (next.js: 2.0ms, application-code: 3ms)
 GET /api/chat/messages 200 in 5ms (next.js: 3ms, application-code: 3ms)
 GET /api/chat/messages 200 in 6ms (next.js: 1.8ms, application-code: 4ms)
 GET /api/chat/messages 200 in 5ms (next.js: 1.9ms, application-code: 3ms)
 GET /api/chat/messages 200 in 5ms (next.js: 1.9ms, application-code: 3ms)
 GET /api/chat/messages 200 in 6ms (next.js: 3ms, application-code: 3ms)
 GET /api/chat/messages 200 in 6ms (next.js: 2ms, application-code: 4ms)
 GET /api/chat/messages 200 in 5ms (next.js: 1.9ms, application-code: 3ms)
 GET /api/chat/messages 200 in 5ms (next.js: 1.9ms, application-code: 3ms)
 GET /api/chat/messages 200 in 5ms (next.js: 3ms, application-code: 3ms)
 GET /api/chat/messages 200 in 6ms (next.js: 1.9ms, application-code: 4ms)
 GET /api/chat/messages 200 in 5ms (next.js: 1.9ms, application-code: 3ms)
 GET /api/chat/messages 200 in 5ms (next.js: 1.8ms, application-code: 3ms)
 GET /api/chat/messages 200 in 5ms (next.js: 3ms, application-code: 3ms)
 GET /api/chat/messages 200 in 6ms (next.js: 1.8ms, application-code: 4ms)
 GET /api/chat/messages 200 in 5ms (next.js: 1.8ms, application-code: 3ms)
 GET /api/chat/messages 200 in 5ms (next.js: 2ms, application-code: 3ms)
 GET /api/chat/messages 200 in 5ms (next.js: 1.8ms, application-code: 3ms)
 GET /api/chat/messages 200 in 6ms (next.js: 2ms, application-code: 4ms)
 GET /api/chat/messages 200 in 5ms (next.js: 1.8ms, application-code: 3ms)
 GET /api/chat/messages 200 in 5ms (next.js: 2ms, application-code: 3ms)
 GET /api/chat/messages 200 in 5ms (next.js: 1.7ms, application-code: 3ms)
 GET /api/chat/messages 200 in 6ms (next.js: 1.9ms, application-code: 4ms)
 GET /api/chat/messages 200 in 5ms (next.js: 2.0ms, application-code: 3ms)
 GET /api/chat/messages 200 in 5ms (next.js: 1.9ms, application-code: 3ms)
 GET /api/chat/messages 200 in 5ms (next.js: 2.0ms, application-code: 3ms)
 GET /api/chat/messages 200 in 6ms (next.js: 1.9ms, application-code: 4ms)
 GET /api/chat/messages 200 in 5ms (next.js: 2ms, application-code: 3ms)
 GET /api/chat/messages 200 in 5ms (next.js: 1.9ms, application-code: 3ms)
 GET /api/chat/messages 200 in 6ms (next.js: 3ms, application-code: 3ms)
 GET /api/chat/messages 200 in 6ms (next.js: 1.8ms, application-code: 4ms)
 GET /api/chat/messages 200 in 5ms (next.js: 1.8ms, application-code: 3ms)
 GET /api/chat/messages 200 in 5ms (next.js: 1.9ms, application-code: 3ms)
 GET /api/chat/messages 200 in 10ms (next.js: 4ms, application-code: 5ms)
 GET /api/chat/messages 200 in 6ms (next.js: 1.9ms, application-code: 4ms)
 GET /api/chat/messages 200 in 5ms (next.js: 2ms, application-code: 3ms)
 GET /api/chat/messages 200 in 5ms (next.js: 1.9ms, application-code: 3ms)
 GET /api/chat/messages 200 in 5ms (next.js: 3ms, application-code: 3ms)
 GET /api/chat/messages 200 in 6ms (next.js: 2ms, application-code: 4ms)
 GET /api/chat/messages 200 in 5ms (next.js: 1.8ms, application-code: 3ms)
 GET /api/chat/messages 200 in 5ms (next.js: 1.9ms, application-code: 3ms)
 GET /api/chat/messages 200 in 5ms (next.js: 1.8ms, application-code: 3ms)
 GET /api/chat/messages 200 in 7ms (next.js: 3ms, application-code: 4ms)
 GET /api/chat/messages 200 in 5ms (next.js: 1.8ms, application-code: 3ms)
 GET /api/chat/messages 200 in 5ms (next.js: 1.8ms, application-code: 3ms)
 GET /api/chat/messages 200 in 5ms (next.js: 1.8ms, application-code: 3ms)
 GET /api/chat/messages 200 in 6ms (next.js: 2ms, application-code: 4ms)
 GET /api/chat/messages 200 in 5ms (next.js: 1.9ms, application-code: 3ms)
 GET /api/chat/messages 200 in 5ms (next.js: 1.7ms, application-code: 3ms)
 GET /api/chat/messages 200 in 6ms (next.js: 3ms, application-code: 3ms)
 GET /api/chat/messages 200 in 6ms (next.js: 1.8ms, application-code: 4ms)
 GET /api/chat/messages 200 in 5ms (next.js: 2.0ms, application-code: 3ms)
 GET /api/chat/messages 200 in 6ms (next.js: 2ms, application-code: 4ms)
 GET /api/chat/messages 200 in 6ms (next.js: 2ms, application-code: 4ms)
 GET /api/chat/messages 200 in 8ms (next.js: 2ms, application-code: 6ms)
 GET /api/chat/messages 200 in 7ms (next.js: 2ms, application-code: 5ms)
 GET /api/chat/messages 200 in 7ms (next.js: 2ms, application-code: 5ms)
 GET /api/chat/messages 200 in 8ms (next.js: 1.9ms, application-code: 6ms)
 GET /api/chat/messages 200 in 5ms (next.js: 1.9ms, application-code: 3ms)
 GET /api/chat/messages 200 in 6ms (next.js: 3ms, application-code: 3ms)
 GET /api/chat/messages 200 in 7ms (next.js: 2ms, application-code: 5ms)
 GET /api/chat/messages 200 in 6ms (next.js: 2ms, application-code: 4ms)
 GET /api/chat/messages 200 in 5ms (next.js: 1.8ms, application-code: 3ms)
 GET /api/chat/messages 200 in 5ms (next.js: 1.9ms, application-code: 3ms)
 GET /api/chat/messages 200 in 6ms (next.js: 1.9ms, application-code: 4ms)
 GET /api/chat/messages 200 in 6ms (next.js: 2ms, application-code: 4ms)
 GET /api/chat/messages 200 in 5ms (next.js: 2ms, application-code: 3ms)
 GET /api/chat/messages 200 in 5ms (next.js: 1.9ms, application-code: 3ms)
 GET /api/chat/messages 200 in 6ms (next.js: 1.9ms, application-code: 4ms)
 GET /api/chat/messages 200 in 6ms (next.js: 1.8ms, application-code: 4ms)
 GET /api/chat/messages 200 in 5ms (next.js: 1.9ms, application-code: 3ms)
 GET /api/chat/messages 200 in 5ms (next.js: 1.8ms, application-code: 3ms)
 GET /api/chat/messages 200 in 6ms (next.js: 1.9ms, application-code: 4ms)
 GET /api/chat/messages 200 in 5ms (next.js: 2ms, application-code: 3ms)
 GET /api/chat/messages 200 in 5ms (next.js: 2.0ms, application-code: 3ms)
 GET /api/chat/messages 200 in 6ms (next.js: 3ms, application-code: 3ms)
 GET /api/chat/messages 200 in 6ms (next.js: 1.8ms, application-code: 4ms)
 GET /api/chat/messages 200 in 5ms (next.js: 1.9ms, application-code: 3ms)
 GET /api/chat/messages 200 in 5ms (next.js: 2ms, application-code: 3ms)
 GET /api/chat/messages 200 in 5ms (next.js: 1.9ms, application-code: 3ms)
 GET /api/chat/messages 200 in 6ms (next.js: 2.0ms, application-code: 4ms)
 GET /api/chat/messages 200 in 6ms (next.js: 2ms, application-code: 3ms)
 GET /api/chat/messages 200 in 5ms (next.js: 1.8ms, application-code: 3ms)
 GET /api/chat/messages 200 in 5ms (next.js: 1.9ms, application-code: 3ms)
 GET /api/chat/messages 200 in 7ms (next.js: 2.0ms, application-code: 5ms)
 GET /api/chat/messages 200 in 6ms (next.js: 1.9ms, application-code: 4ms)
 GET /api/chat/messages 200 in 5ms (next.js: 1.9ms, application-code: 3ms)
 GET /api/chat/messages 200 in 5ms (next.js: 1.9ms, application-code: 3ms)
 GET /api/chat/messages 200 in 6ms (next.js: 1.9ms, application-code: 4ms)
 GET /api/chat/messages 200 in 5ms (next.js: 1.8ms, application-code: 3ms)
 GET /api/chat/messages 200 in 5ms (next.js: 1.9ms, application-code: 3ms)
 GET /api/chat/messages 200 in 5ms (next.js: 1.8ms, application-code: 3ms)
 GET /api/chat/messages 200 in 6ms (next.js: 1.9ms, application-code: 4ms)
 GET /api/chat/messages 200 in 5ms (next.js: 1.9ms, application-code: 3ms)
 GET /api/chat/messages 200 in 5ms (next.js: 1.8ms, application-code: 3ms)
 GET /api/chat/messages 200 in 6ms (next.js: 3ms, application-code: 3ms)
 GET /api/chat/messages 200 in 11ms (next.js: 3ms, application-code: 8ms)
 GET /api/chat/messages 200 in 5ms (next.js: 1.8ms, application-code: 3ms)
 GET /api/chat/messages 200 in 5ms (next.js: 2ms, application-code: 3ms)
 GET /api/chat/messages 200 in 6ms (next.js: 3ms, application-code: 3ms)
 GET /api/chat/messages 200 in 7ms (next.js: 1.8ms, application-code: 5ms)
 GET /api/chat/messages 200 in 5ms (next.js: 1.9ms, application-code: 3ms)
 GET /api/chat/messages 200 in 5ms (next.js: 1.9ms, application-code: 3ms)
 GET /api/chat/messages 200 in 5ms (next.js: 1.8ms, application-code: 3ms)
 GET /api/chat/messages 200 in 7ms (next.js: 2ms, application-code: 5ms)
 GET /api/chat/messages 200 in 5ms (next.js: 1.8ms, application-code: 3ms)
 GET /api/chat/messages 200 in 5ms (next.js: 2ms, application-code: 3ms)
 GET /api/chat/messages 200 in 5ms (next.js: 1.9ms, application-code: 3ms)
 GET /api/chat/messages 200 in 9ms (next.js: 1.7ms, application-code: 7ms)
 GET /api/chat/messages 200 in 5ms (next.js: 1.8ms, application-code: 3ms)
 GET /api/chat/messages 200 in 7ms (next.js: 2ms, application-code: 5ms)
 GET /api/chat/messages 200 in 6ms (next.js: 2.0ms, application-code: 4ms)
 GET /api/chat/messages 200 in 5ms (next.js: 1.9ms, application-code: 3ms)
 GET /api/chat/messages 200 in 5ms (next.js: 2.0ms, application-code: 3ms)
 GET /api/chat/messages 200 in 6ms (next.js: 3ms, application-code: 3ms)
 GET /api/chat/messages 200 in 6ms (next.js: 2ms, application-code: 4ms)
 GET /api/chat/messages 200 in 5ms (next.js: 2.0ms, application-code: 3ms)
 GET /api/chat/messages 200 in 5ms (next.js: 1.9ms, application-code: 3ms)
 GET /api/chat/messages 200 in 6ms (next.js: 3ms, application-code: 3ms)
 GET /api/chat/messages 200 in 8ms (next.js: 2ms, application-code: 6ms)
 GET /api/chat/messages 200 in 5ms (next.js: 2ms, application-code: 3ms)
 GET /api/chat/messages 200 in 5ms (next.js: 1.8ms, application-code: 3ms)
 GET /api/chat/messages 200 in 5ms (next.js: 1.8ms, application-code: 3ms)
 GET /api/chat/messages 200 in 6ms (next.js: 2ms, application-code: 4ms)
 GET /api/chat/messages 200 in 5ms (next.js: 1.9ms, application-code: 3ms)
 GET /api/chat/messages 200 in 6ms (next.js: 2ms, application-code: 3ms)
 GET /api/chat/messages 200 in 5ms (next.js: 1.8ms, application-code: 3ms)
 GET /api/chat/messages 200 in 6ms (next.js: 2ms, application-code: 4ms)
 GET /api/chat/messages 200 in 5ms (next.js: 1.9ms, application-code: 3ms)
 GET /api/chat/messages 200 in 5ms (next.js: 1.8ms, application-code: 3ms)
 GET /api/chat/messages 200 in 7ms (next.js: 3ms, application-code: 3ms)
 GET /api/chat/messages 200 in 6ms (next.js: 3ms, application-code: 4ms)
 GET /api/chat/messages 200 in 5ms (next.js: 1.7ms, application-code: 3ms)
 GET /api/chat/messages 200 in 5ms (next.js: 2.0ms, application-code: 3ms)
 GET /api/chat/messages 200 in 6ms (next.js: 3ms, application-code: 3ms)
 GET /api/chat/messages 200 in 6ms (next.js: 1.9ms, application-code: 4ms)
 GET /api/chat/messages 200 in 5ms (next.js: 1.9ms, application-code: 3ms)
 GET /api/chat/messages 200 in 5ms (next.js: 2ms, application-code: 3ms)
 GET /api/chat/messages 200 in 6ms (next.js: 3ms, application-code: 3ms)
 GET /api/chat/messages 200 in 6ms (next.js: 1.8ms, application-code: 4ms)
 GET /api/chat/messages 200 in 5ms (next.js: 2.0ms, application-code: 3ms)
 GET /api/chat/messages 200 in 5ms (next.js: 1.8ms, application-code: 3ms)
 GET /api/chat/messages 200 in 5ms (next.js: 3ms, application-code: 3ms)
 GET /api/chat/messages 200 in 9ms (next.js: 2ms, application-code: 7ms)
 GET /api/chat/messages 200 in 5ms (next.js: 1.9ms, application-code: 3ms)
 GET /api/chat/messages 200 in 5ms (next.js: 2.0ms, application-code: 3ms)
 GET /api/chat/messages 200 in 6ms (next.js: 3ms, application-code: 3ms)
 GET /api/chat/messages 200 in 6ms (next.js: 2.0ms, application-code: 4ms)
 GET /api/chat/messages 200 in 5ms (next.js: 1.9ms, application-code: 3ms)
 GET /api/chat/messages 200 in 5ms (next.js: 1.8ms, application-code: 3ms)
 GET /api/chat/messages 200 in 6ms (next.js: 3ms, application-code: 3ms)
 GET /api/chat/messages 200 in 6ms (next.js: 1.9ms, application-code: 4ms)
 GET /api/chat/messages 200 in 5ms (next.js: 1.8ms, application-code: 3ms)
 GET /api/chat/messages 200 in 5ms (next.js: 1.8ms, application-code: 3ms)
 GET /api/chat/messages 200 in 6ms (next.js: 3ms, application-code: 3ms)
 GET /api/chat/messages 200 in 7ms (next.js: 3ms, application-code: 4ms)
 GET /api/chat/messages 200 in 5ms (next.js: 1.8ms, application-code: 3ms)
 GET /api/chat/messages 200 in 5ms (next.js: 2.0ms, application-code: 3ms)
 GET /api/chat/messages 200 in 6ms (next.js: 3ms, application-code: 3ms)
 GET /api/chat/messages 200 in 6ms (next.js: 1.9ms, application-code: 4ms)
 GET /api/chat/messages 200 in 5ms (next.js: 1.8ms, application-code: 3ms)
 GET /api/chat/messages 200 in 5ms (next.js: 2.0ms, application-code: 3ms)
 GET /api/chat/messages 200 in 6ms (next.js: 3ms, application-code: 3ms)
 GET /api/chat/messages 200 in 6ms (next.js: 1.8ms, application-code: 4ms)
 GET /api/chat/messages 200 in 5ms (next.js: 2ms, application-code: 3ms)
 GET /api/chat/messages 200 in 6ms (next.js: 1.9ms, application-code: 4ms)
 GET /api/chat/messages 200 in 6ms (next.js: 1.9ms, application-code: 4ms)
 GET /api/chat/messages 200 in 5ms (next.js: 1.7ms, application-code: 3ms)
 GET /api/chat/messages 200 in 5ms (next.js: 1.8ms, application-code: 3ms)
 GET /api/chat/messages 200 in 5ms (next.js: 3ms, application-code: 3ms)
 GET /api/chat/messages 200 in 6ms (next.js: 1.9ms, application-code: 4ms)
 GET /api/chat/messages 200 in 5ms (next.js: 2ms, application-code: 3ms)
 GET /api/chat/messages 200 in 5ms (next.js: 1.8ms, application-code: 3ms)
 GET /api/chat/messages 200 in 23ms (next.js: 17ms, application-code: 6ms)
 GET /api/chat/messages 200 in 7ms (next.js: 2.0ms, application-code: 5ms)
 GET /api/chat/messages 200 in 5ms (next.js: 2ms, application-code: 3ms)
 GET /api/chat/messages 200 in 5ms (next.js: 2ms, application-code: 3ms)
 GET /api/chat/messages 200 in 6ms (next.js: 2ms, application-code: 4ms)
 GET /api/chat/messages 200 in 5ms (next.js: 1.9ms, application-code: 4ms)
 GET /api/chat/messages 200 in 6ms (next.js: 1.9ms, application-code: 4ms)
 GET /api/chat/messages 200 in 5ms (next.js: 1.7ms, application-code: 3ms)
 GET /api/chat/messages 200 in 8ms (next.js: 5ms, application-code: 3ms)
 GET /api/chat/messages 200 in 7ms (next.js: 3ms, application-code: 4ms)
 GET /api/chat/messages 200 in 5ms (next.js: 2ms, application-code: 3ms)
 GET /api/chat/messages 200 in 5ms (next.js: 1.9ms, application-code: 3ms)
 GET /api/chat/messages 200 in 5ms (next.js: 1.8ms, application-code: 3ms)
 GET /api/chat/messages 200 in 6ms (next.js: 2ms, application-code: 4ms)
 GET /api/chat/messages 200 in 5ms (next.js: 1.9ms, application-code: 3ms)
 GET /api/chat/messages 200 in 5ms (next.js: 2ms, application-code: 3ms)
 GET /api/chat/messages 200 in 6ms (next.js: 2ms, application-code: 4ms)
 GET /api/chat/messages 200 in 6ms (next.js: 2ms, application-code: 3ms)
 GET /api/chat/messages 200 in 5ms (next.js: 2.0ms, application-code: 3ms)
 GET /api/chat/messages 200 in 5ms (next.js: 1.7ms, application-code: 3ms)
 GET /api/chat/messages 200 in 6ms (next.js: 3ms, application-code: 3ms)
 GET /api/chat/messages 200 in 6ms (next.js: 3ms, application-code: 4ms)
 GET /api/chat/messages 200 in 5ms (next.js: 1.9ms, application-code: 3ms)
 GET /api/chat/messages 200 in 5ms (next.js: 1.9ms, application-code: 3ms)
 GET /api/chat/messages 200 in 5ms (next.js: 2ms, application-code: 3ms)
 GET /api/chat/messages 200 in 6ms (next.js: 1.9ms, application-code: 4ms)
 GET /api/chat/messages 200 in 5ms (next.js: 1.9ms, application-code: 3ms)
 GET /api/chat/messages 200 in 5ms (next.js: 2.0ms, application-code: 3ms)
 GET /api/chat/messages 200 in 5ms (next.js: 1.8ms, application-code: 3ms)
 GET /api/chat/messages 200 in 6ms (next.js: 2ms, application-code: 4ms)
 GET /api/chat/messages 200 in 5ms (next.js: 2ms, application-code: 3ms)
 GET /api/chat/messages 200 in 6ms (next.js: 1.8ms, application-code: 4ms)
 GET /api/chat/messages 200 in 6ms (next.js: 1.9ms, application-code: 4ms)
 GET /api/chat/messages 200 in 6ms (next.js: 2ms, application-code: 4ms)
 GET /api/chat/messages 200 in 5ms (next.js: 2.0ms, application-code: 3ms)
 GET /api/chat/messages 200 in 5ms (next.js: 2ms, application-code: 3ms)
 GET /api/chat/messages 200 in 5ms (next.js: 1.9ms, application-code: 3ms)
 GET /api/chat/messages 200 in 6ms (next.js: 1.9ms, application-code: 4ms)
 GET /api/chat/messages 200 in 5ms (next.js: 2.0ms, application-code: 3ms)
 GET /api/chat/messages 200 in 5ms (next.js: 2ms, application-code: 3ms)
 GET /api/chat/messages 200 in 5ms (next.js: 1.7ms, application-code: 3ms)
 GET /api/chat/messages 200 in 6ms (next.js: 1.9ms, application-code: 4ms)
 GET /api/chat/messages 200 in 5ms (next.js: 1.9ms, application-code: 3ms)
 GET /api/chat/messages 200 in 7ms (next.js: 3ms, application-code: 4ms)
 GET /api/chat/messages 200 in 5ms (next.js: 1.8ms, application-code: 3ms)
 GET /api/chat/messages 200 in 8ms (next.js: 3ms, application-code: 5ms)
 GET /api/chat/messages 200 in 5ms (next.js: 2.0ms, application-code: 3ms)
 GET /api/chat/messages 200 in 5ms (next.js: 1.8ms, application-code: 3ms)
 GET /api/chat/messages 200 in 6ms (next.js: 3ms, application-code: 3ms)
 GET /api/chat/messages 200 in 7ms (next.js: 2ms, application-code: 5ms)
 GET /api/chat/messages 200 in 5ms (next.js: 1.9ms, application-code: 3ms)
 GET /api/chat/messages 200 in 5ms (next.js: 2.0ms, application-code: 3ms)
 GET /api/chat/messages 200 in 6ms (next.js: 3ms, application-code: 3ms)
 GET /api/chat/messages 200 in 6ms (next.js: 1.9ms, application-code: 4ms)
 GET /api/chat/messages 200 in 6ms (next.js: 2ms, application-code: 4ms)
 GET /api/chat/messages 200 in 6ms (next.js: 2.0ms, application-code: 4ms)
 GET /api/chat/messages 200 in 6ms (next.js: 3ms, application-code: 3ms)
 GET /api/chat/messages 200 in 7ms (next.js: 2ms, application-code: 5ms)
 GET /api/chat/messages 200 in 6ms (next.js: 2.0ms, application-code: 4ms)
 GET /api/chat/messages 200 in 5ms (next.js: 1.9ms, application-code: 3ms)
 GET /api/chat/messages 200 in 5ms (next.js: 1.9ms, application-code: 3ms)
 GET /api/chat/messages 200 in 5ms (next.js: 1.9ms, application-code: 3ms)
 GET /api/chat/messages 200 in 6ms (next.js: 1.9ms, application-code: 4ms)
 GET /api/chat/messages 200 in 5ms (next.js: 1.7ms, application-code: 3ms)
 GET /api/chat/messages 200 in 5ms (next.js: 2ms, application-code: 3ms)
 GET /api/chat/messages 200 in 6ms (next.js: 3ms, application-code: 3ms)
 GET /api/chat/messages 200 in 6ms (next.js: 2ms, application-code: 4ms)
 GET /api/chat/messages 200 in 5ms (next.js: 1.9ms, application-code: 3ms)
 GET /api/chat/messages 200 in 5ms (next.js: 2.0ms, application-code: 3ms)
 GET /api/chat/messages 200 in 6ms (next.js: 3ms, application-code: 3ms)
 GET /api/chat/messages 200 in 6ms (next.js: 1.9ms, application-code: 4ms)
 GET /api/chat/messages 200 in 5ms (next.js: 1.8ms, application-code: 3ms)
 GET /api/chat/messages 200 in 5ms (next.js: 1.9ms, application-code: 3ms)
 GET /api/chat/messages 200 in 5ms (next.js: 3ms, application-code: 3ms)
 GET /api/chat/messages 200 in 6ms (next.js: 2ms, application-code: 4ms)
 GET /api/chat/messages 200 in 5ms (next.js: 1.9ms, application-code: 3ms)
 GET /api/chat/messages 200 in 5ms (next.js: 2ms, application-code: 3ms)
 GET /api/chat/messages 200 in 6ms (next.js: 3ms, application-code: 3ms)
 GET /api/chat/messages 200 in 7ms (next.js: 2ms, application-code: 4ms)
 GET /api/chat/messages 200 in 5ms (next.js: 2ms, application-code: 3ms)
 GET /api/chat/messages 200 in 5ms (next.js: 1.8ms, application-code: 3ms)
 GET /api/chat/messages 200 in 6ms (next.js: 3ms, application-code: 3ms)
 GET /api/chat/messages 200 in 6ms (next.js: 2ms, application-code: 4ms)
 GET /api/chat/messages 200 in 5ms (next.js: 2.0ms, application-code: 3ms)
 GET /api/chat/messages 200 in 5ms (next.js: 1.9ms, application-code: 3ms)
 GET /api/chat/messages 200 in 6ms (next.js: 3ms, application-code: 3ms)
 GET /api/chat/messages 200 in 9ms (next.js: 2ms, application-code: 7ms)
 GET /api/chat/messages 200 in 5ms (next.js: 1.9ms, application-code: 3ms)
 GET /api/chat/messages 200 in 5ms (next.js: 1.8ms, application-code: 3ms)
 GET /api/chat/messages 200 in 6ms (next.js: 3ms, application-code: 3ms)
 GET /api/chat/messages 200 in 6ms (next.js: 1.9ms, application-code: 4ms)
 GET /api/chat/messages 200 in 5ms (next.js: 1.8ms, application-code: 3ms)
 GET /api/chat/messages 200 in 5ms (next.js: 1.8ms, application-code: 3ms)
 GET /api/chat/messages 200 in 5ms (next.js: 3ms, application-code: 3ms)
 GET /api/chat/messages 200 in 6ms (next.js: 1.9ms, application-code: 4ms)
 GET /api/chat/messages 200 in 5ms (next.js: 2.0ms, application-code: 3ms)
 GET /api/chat/messages 200 in 6ms (next.js: 1.7ms, application-code: 4ms)
 GET /api/chat/messages 200 in 6ms (next.js: 3ms, application-code: 3ms)
 GET /api/chat/messages 200 in 6ms (next.js: 2.0ms, application-code: 4ms)
 GET /api/chat/messages 200 in 5ms (next.js: 2ms, application-code: 3ms)
 GET /api/chat/messages 200 in 5ms (next.js: 1.8ms, application-code: 3ms)
 GET /api/chat/messages 200 in 6ms (next.js: 3ms, application-code: 3ms)
 GET /api/chat/messages 200 in 7ms (next.js: 3ms, application-code: 4ms)
 GET /api/chat/messages 200 in 5ms (next.js: 1.9ms, application-code: 3ms)
 GET /api/chat/messages 200 in 5ms (next.js: 1.9ms, application-code: 3ms)
 GET /api/chat/messages 200 in 6ms (next.js: 3ms, application-code: 3ms)
 GET /api/chat/messages 200 in 7ms (next.js: 2ms, application-code: 5ms)
 GET /api/chat/messages 200 in 5ms (next.js: 1.9ms, application-code: 3ms)
 GET /api/chat/messages 200 in 5ms (next.js: 1.8ms, application-code: 3ms)
 GET /api/chat/messages 200 in 6ms (next.js: 3ms, application-code: 3ms)
 GET /api/chat/messages 200 in 7ms (next.js: 3ms, application-code: 4ms)
 GET /api/chat/messages 200 in 5ms (next.js: 1.8ms, application-code: 3ms)
 GET /api/chat/messages 200 in 5ms (next.js: 2ms, application-code: 3ms)
 GET /api/chat/messages 200 in 6ms (next.js: 3ms, application-code: 4ms)
 GET /api/chat/messages 200 in 6ms (next.js: 1.8ms, application-code: 4ms)
 GET /api/chat/messages 200 in 8ms (next.js: 2ms, application-code: 5ms)
 GET /api/chat/messages 200 in 7ms (next.js: 2ms, application-code: 5ms)
 GET /api/chat/messages 200 in 7ms (next.js: 2ms, application-code: 5ms)
 GET /api/chat/messages 200 in 5ms (next.js: 1.9ms, application-code: 3ms)
 GET /api/chat/messages 200 in 5ms (next.js: 2ms, application-code: 3ms)
 GET /api/chat/messages 200 in 6ms (next.js: 1.7ms, application-code: 4ms)
 GET /api/chat/messages 200 in 5ms (next.js: 1.9ms, application-code: 3ms)
 GET /api/chat/messages 200 in 5ms (next.js: 2ms, application-code: 3ms)
 GET /api/chat/messages 200 in 5ms (next.js: 1.8ms, application-code: 3ms)
 GET /api/chat/messages 200 in 6ms (next.js: 1.9ms, application-code: 5ms)
 GET /api/chat/messages 200 in 5ms (next.js: 2ms, application-code: 3ms)
 GET /api/chat/messages 200 in 5ms (next.js: 2.0ms, application-code: 3ms)
 GET /api/chat/messages 200 in 5ms (next.js: 1.7ms, application-code: 3ms)
 GET /api/chat/messages 200 in 6ms (next.js: 1.9ms, application-code: 4ms)
 GET /api/chat/messages 200 in 6ms (next.js: 1.9ms, application-code: 4ms)
 GET /api/chat/messages 200 in 5ms (next.js: 1.9ms, application-code: 3ms)
 GET /api/chat/messages 200 in 5ms (next.js: 1.7ms, application-code: 3ms)
 GET /api/chat/messages 200 in 6ms (next.js: 1.9ms, application-code: 4ms)
 GET /api/chat/messages 200 in 5ms (next.js: 1.9ms, application-code: 3ms)
 GET /api/chat/messages 200 in 5ms (next.js: 2ms, application-code: 3ms)
 GET /api/chat/messages 200 in 5ms (next.js: 1.9ms, application-code: 3ms)
 GET /api/chat/messages 200 in 6ms (next.js: 3ms, application-code: 3ms)
 GET /api/chat/messages 200 in 6ms (next.js: 1.8ms, application-code: 4ms)
 GET /api/chat/messages 200 in 6ms (next.js: 2ms, application-code: 4ms)
 GET /api/chat/messages 200 in 5ms (next.js: 2ms, application-code: 3ms)
 GET /api/chat/messages 200 in 6ms (next.js: 3ms, application-code: 3ms)
 GET /api/chat/messages 200 in 7ms (next.js: 2.0ms, application-code: 5ms)
 GET /api/chat/messages 200 in 5ms (next.js: 2ms, application-code: 3ms)
 GET /api/chat/messages 200 in 5ms (next.js: 1.9ms, application-code: 3ms)
 GET /api/chat/messages 200 in 6ms (next.js: 3ms, application-code: 3ms)
 GET /api/chat/messages 200 in 6ms (next.js: 2.0ms, application-code: 4ms)
 GET /api/chat/messages 200 in 6ms (next.js: 1.9ms, application-code: 4ms)
 GET /api/chat/messages 200 in 5ms (next.js: 1.8ms, application-code: 3ms)
 GET /api/chat/messages 200 in 5ms (next.js: 1.8ms, application-code: 3ms)
 GET /api/chat/messages 200 in 6ms (next.js: 2.0ms, application-code: 4ms)
 GET /api/chat/messages 200 in 5ms (next.js: 1.8ms, application-code: 3ms)
 GET /api/chat/messages 200 in 5ms (next.js: 1.9ms, application-code: 3ms)
 GET /api/chat/messages 200 in 6ms (next.js: 3ms, application-code: 3ms)
 GET /api/chat/messages 200 in 6ms (next.js: 1.9ms, application-code: 4ms)
 GET /api/chat/messages 200 in 5ms (next.js: 2ms, application-code: 3ms)
 GET /api/chat/messages 200 in 6ms (next.js: 1.9ms, application-code: 4ms)
 GET /api/chat/messages 200 in 5ms (next.js: 1.8ms, application-code: 3ms)
 GET /api/chat/messages 200 in 7ms (next.js: 1.8ms, application-code: 5ms)
 GET /api/chat/messages 200 in 6ms (next.js: 2ms, application-code: 4ms)
 GET /api/chat/messages 200 in 5ms (next.js: 2.0ms, application-code: 3ms)
 GET /api/chat/messages 200 in 6ms (next.js: 3ms, application-code: 3ms)
 GET /api/chat/messages 200 in 6ms (next.js: 3ms, application-code: 3ms)
 GET /api/chat/messages 200 in 6ms (next.js: 2ms, application-code: 4ms)
 GET /api/chat/messages 200 in 5ms (next.js: 1.9ms, application-code: 3ms)
 GET /api/chat/messages 200 in 5ms (next.js: 1.9ms, application-code: 3ms)
 GET /api/chat/messages 200 in 7ms (next.js: 3ms, application-code: 4ms)
 GET /api/chat/messages 200 in 6ms (next.js: 1.8ms, application-code: 5ms)
 GET /api/chat/messages 200 in 5ms (next.js: 1.9ms, application-code: 3ms)
 GET /api/chat/messages 200 in 5ms (next.js: 1.8ms, application-code: 3ms)
 GET /api/chat/messages 200 in 7ms (next.js: 3ms, application-code: 4ms)
 GET /api/chat/messages 200 in 6ms (next.js: 1.8ms, application-code: 4ms)
 GET /api/chat/messages 200 in 5ms (next.js: 2ms, application-code: 3ms)
 GET /api/chat/messages 200 in 6ms (next.js: 2ms, application-code: 4ms)
 GET /api/chat/messages 200 in 6ms (next.js: 1.9ms, application-code: 4ms)
 GET /api/chat/messages 200 in 5ms (next.js: 2ms, application-code: 3ms)
 GET /api/chat/messages 200 in 5ms (next.js: 2ms, application-code: 3ms)
 GET /api/chat/messages 200 in 6ms (next.js: 3ms, application-code: 3ms)
 GET /api/chat/messages 200 in 6ms (next.js: 1.9ms, application-code: 4ms)
 GET /api/chat/messages 200 in 5ms (next.js: 1.8ms, application-code: 3ms)
 GET /api/chat/messages 200 in 7ms (next.js: 3ms, application-code: 3ms)
 GET /api/chat/messages 200 in 5ms (next.js: 3ms, application-code: 3ms)
 GET /api/chat/messages 200 in 7ms (next.js: 2ms, application-code: 4ms)
 GET /api/chat/messages 200 in 5ms (next.js: 2ms, application-code: 3ms)
 GET /api/chat/messages 200 in 5ms (next.js: 1.9ms, application-code: 3ms)
 GET /api/chat/messages 200 in 6ms (next.js: 3ms, application-code: 3ms)
 GET /api/chat/messages 200 in 6ms (next.js: 2.0ms, application-code: 4ms)
 GET /api/chat/messages 200 in 5ms (next.js: 1.8ms, application-code: 3ms)
 GET /api/chat/messages 200 in 5ms (next.js: 2.0ms, application-code: 3ms)
 GET /api/chat/messages 200 in 6ms (next.js: 3ms, application-code: 3ms)
 GET /api/chat/messages 200 in 6ms (next.js: 2.0ms, application-code: 4ms)
 GET /api/chat/messages 200 in 5ms (next.js: 1.9ms, application-code: 3ms)
 GET /api/chat/messages 200 in 5ms (next.js: 1.8ms, application-code: 3ms)
 GET /api/chat/messages 200 in 6ms (next.js: 3ms, application-code: 3ms)
 GET /api/chat/messages 200 in 6ms (next.js: 3ms, application-code: 4ms)
 GET /api/chat/messages 200 in 5ms (next.js: 1.9ms, application-code: 3ms)
 GET /api/chat/messages 200 in 5ms (next.js: 2.0ms, application-code: 3ms)
 GET /api/chat/messages 200 in 6ms (next.js: 3ms, application-code: 3ms)
 GET /api/chat/messages 200 in 6ms (next.js: 2ms, application-code: 4ms)
 GET /api/chat/messages 200 in 5ms (next.js: 2ms, application-code: 3ms)
 GET /api/chat/messages 200 in 5ms (next.js: 2ms, application-code: 3ms)
 GET /api/chat/messages 200 in 6ms (next.js: 3ms, application-code: 3ms)
 GET /api/chat/messages 200 in 6ms (next.js: 2.0ms, application-code: 4ms)
 GET /api/chat/messages 200 in 19ms (next.js: 3ms, application-code: 16ms)
 GET /api/chat/messages 200 in 5ms (next.js: 2ms, application-code: 3ms)
 GET /api/chat/messages 200 in 6ms (next.js: 3ms, application-code: 3ms)
 GET /api/chat/messages 200 in 6ms (next.js: 1.9ms, application-code: 4ms)
 GET /api/chat/messages 200 in 8ms (next.js: 4ms, application-code: 4ms)
 GET /api/chat/messages 200 in 15ms (next.js: 3ms, application-code: 12ms)
 GET /api/chat/messages 200 in 13ms (next.js: 5ms, application-code: 8ms)
 GET /api/chat/messages 200 in 35ms (next.js: 14ms, application-code: 21ms)
 GET /api/chat/messages 200 in 7ms (next.js: 2ms, application-code: 5ms)
 GET /api/chat/messages 200 in 5ms (next.js: 2ms, application-code: 3ms)
 GET /api/chat/messages 200 in 5ms (next.js: 1.8ms, application-code: 3ms)
 GET /api/chat/messages 200 in 6ms (next.js: 2ms, application-code: 4ms)
 GET /api/chat/messages 200 in 6ms (next.js: 2ms, application-code: 3ms)
 GET /api/chat/messages 200 in 7ms (next.js: 2ms, application-code: 5ms)
 GET /api/chat/messages 200 in 5ms (next.js: 2ms, application-code: 3ms)
 GET /api/chat/messages 200 in 8ms (next.js: 5ms, application-code: 3ms)
 GET /api/chat/messages 200 in 22ms (next.js: 16ms, application-code: 5ms)
 GET /api/chat/messages 200 in 10ms (next.js: 3ms, application-code: 7ms)
 GET /api/chat/messages 200 in 6ms (next.js: 2ms, application-code: 4ms)
 GET /api/chat/messages 200 in 6ms (next.js: 3ms, application-code: 3ms)
 GET /api/chat/messages 200 in 6ms (next.js: 1.9ms, application-code: 4ms)
 GET /api/chat/messages 200 in 5ms (next.js: 1.9ms, application-code: 3ms)
 GET /api/chat/messages 200 in 5ms (next.js: 1.8ms, application-code: 3ms)
 GET /api/chat/messages 200 in 6ms (next.js: 3ms, application-code: 3ms)
 GET /api/chat/messages 200 in 7ms (next.js: 1.9ms, application-code: 5ms)
 GET /api/chat/messages 200 in 6ms (next.js: 2ms, application-code: 4ms)
 GET /api/chat/messages 200 in 6ms (next.js: 2ms, application-code: 4ms)
 GET /api/chat/messages 200 in 5ms (next.js: 1.9ms, application-code: 3ms)
 GET /api/chat/messages 200 in 5ms (next.js: 1.7ms, application-code: 3ms)
 GET /api/chat/messages 200 in 6ms (next.js: 1.9ms, application-code: 4ms)
 GET /api/chat/messages 200 in 5ms (next.js: 2.0ms, application-code: 3ms)
 GET /api/chat/messages 200 in 5ms (next.js: 1.9ms, application-code: 3ms)
 GET /api/chat/messages 200 in 5ms (next.js: 1.7ms, application-code: 3ms)
 GET /api/chat/messages 200 in 14ms (next.js: 8ms, application-code: 6ms)
 GET /api/chat/messages 200 in 6ms (next.js: 2ms, application-code: 4ms)
 GET /api/chat/messages 200 in 7ms (next.js: 3ms, application-code: 4ms)
 GET /api/chat/messages 200 in 8ms (next.js: 2ms, application-code: 6ms)
 GET /api/chat/messages 200 in 6ms (next.js: 2ms, application-code: 3ms)
 GET /api/chat/messages 200 in 7ms (next.js: 1.9ms, application-code: 5ms)
 GET /api/chat/messages 200 in 5ms (next.js: 1.7ms, application-code: 3ms)
 GET /api/chat/messages 200 in 6ms (next.js: 1.9ms, application-code: 4ms)
 GET /api/chat/messages 200 in 5ms (next.js: 1.8ms, application-code: 4ms)
 GET /api/chat/messages 200 in 5ms (next.js: 2ms, application-code: 3ms)
 GET /api/chat/messages 200 in 5ms (next.js: 1.8ms, application-code: 3ms)
 GET /api/chat/messages 200 in 7ms (next.js: 2.0ms, application-code: 5ms)
 GET /api/chat/messages 200 in 9ms (next.js: 4ms, application-code: 5ms)
 GET /api/chat/messages 200 in 5ms (next.js: 2.0ms, application-code: 3ms)
 GET /api/chat/messages 200 in 6ms (next.js: 3ms, application-code: 3ms)
 GET /api/chat/messages 200 in 6ms (next.js: 1.8ms, application-code: 5ms)
 GET /api/chat/messages 200 in 5ms (next.js: 1.9ms, application-code: 3ms)
 GET /api/chat/messages 200 in 5ms (next.js: 1.8ms, application-code: 3ms)
 GET /api/chat/messages 200 in 5ms (next.js: 1.8ms, application-code: 3ms)
 GET /api/chat/messages 200 in 6ms (next.js: 2.0ms, application-code: 4ms)
 GET /api/chat/messages 200 in 6ms (next.js: 2ms, application-code: 3ms)
 GET /api/chat/messages 200 in 6ms (next.js: 3ms, application-code: 3ms)
 GET /api/chat/messages 200 in 5ms (next.js: 1.8ms, application-code: 3ms)
 GET /api/chat/messages 200 in 6ms (next.js: 1.7ms, application-code: 4ms)
 GET /api/chat/messages 200 in 5ms (next.js: 1.9ms, application-code: 3ms)
 GET /api/chat/messages 200 in 5ms (next.js: 1.9ms, application-code: 3ms)
 GET /api/chat/messages 200 in 5ms (next.js: 1.8ms, application-code: 3ms)
 GET /api/chat/messages 200 in 6ms (next.js: 3ms, application-code: 3ms)
 GET /api/chat/messages 200 in 17ms (next.js: 5ms, application-code: 11ms)
 GET /api/chat/messages 200 in 5ms (next.js: 1.8ms, application-code: 3ms)
 GET /api/chat/messages 200 in 19ms (next.js: 13ms, application-code: 6ms)
 GET /api/chat/messages 200 in 8ms (next.js: 3ms, application-code: 5ms)
 GET /api/chat/messages 200 in 6ms (next.js: 2ms, application-code: 4ms)
 GET /apple-touch-icon.png 404 in 355ms (next.js: 216ms, application-code: 140ms)
 GET /apple-touch-icon-precomposed.png 404 in 346ms (next.js: 215ms, application-code: 131ms)
 GET /api/chat/messages 200 in 7ms (next.js: 3ms, application-code: 4ms)
 GET /api/chat/messages 200 in 8ms (next.js: 3ms, application-code: 5ms)
 GET /api/chat/messages 200 in 8ms (next.js: 5ms, application-code: 3ms)
 GET /api/chat/messages 200 in 5ms (next.js: 1.9ms, application-code: 3ms)
 GET /api/chat/messages 200 in 6ms (next.js: 3ms, application-code: 4ms)
 GET /api/chat/messages 200 in 7ms (next.js: 2ms, application-code: 5ms)
 GET /api/chat/messages 200 in 5ms (next.js: 2ms, application-code: 3ms)
 GET /api/chat/messages 200 in 7ms (next.js: 2ms, application-code: 5ms)
 GET /api/chat/messages 200 in 5ms (next.js: 1.9ms, application-code: 3ms)
 GET /api/chat/messages 200 in 5ms (next.js: 1.8ms, application-code: 3ms)
 GET /api/chat/messages 200 in 5ms (next.js: 1.9ms, application-code: 3ms)
 GET /api/chat/messages 200 in 5ms (next.js: 1.8ms, application-code: 3ms)
 GET /api/chat/messages 200 in 5ms (next.js: 1.9ms, application-code: 3ms)
 GET /api/chat/messages 200 in 5ms (next.js: 1.9ms, application-code: 3ms)
 GET /api/chat/messages 200 in 7ms (next.js: 1.8ms, application-code: 5ms)
 GET /api/chat/messages 200 in 5ms (next.js: 1.9ms, application-code: 3ms)
 GET /api/chat/messages 200 in 5ms (next.js: 2ms, application-code: 3ms)
 GET /api/chat/messages 200 in 5ms (next.js: 2ms, application-code: 3ms)
 GET /api/chat/messages 200 in 8ms (next.js: 5ms, application-code: 3ms)
 GET /api/chat/messages 200 in 10ms (next.js: 1.9ms, application-code: 8ms)
 GET /api/chat/messages 200 in 6ms (next.js: 1.9ms, application-code: 4ms)
 GET /api/chat/messages 200 in 6ms (next.js: 1.7ms, application-code: 4ms)
 GET /api/chat/messages 200 in 6ms (next.js: 3ms, application-code: 3ms)
 GET /api/chat/messages 200 in 7ms (next.js: 1.8ms, application-code: 5ms)
 GET /api/chat/messages 200 in 5ms (next.js: 2.0ms, application-code: 4ms)
 GET /api/chat/messages 200 in 6ms (next.js: 1.9ms, application-code: 4ms)
 GET /api/chat/messages 200 in 6ms (next.js: 3ms, application-code: 3ms)
 GET /api/chat/messages 200 in 6ms (next.js: 1.8ms, application-code: 4ms)
 GET /api/chat/messages 200 in 6ms (next.js: 2ms, application-code: 4ms)
 GET /api/chat/messages 200 in 5ms (next.js: 2ms, application-code: 3ms)
 GET /api/chat/messages 200 in 6ms (next.js: 3ms, application-code: 3ms)
 GET /api/chat/messages 200 in 7ms (next.js: 2.0ms, application-code: 5ms)
 GET /api/chat/messages 200 in 5ms (next.js: 2ms, application-code: 3ms)
 GET /api/chat/messages 200 in 5ms (next.js: 1.7ms, application-code: 3ms)
 GET /api/chat/messages 200 in 6ms (next.js: 2ms, application-code: 3ms)
 GET /api/chat/messages 200 in 6ms (next.js: 2ms, application-code: 4ms)
 GET /api/chat/messages 200 in 5ms (next.js: 1.8ms, application-code: 3ms)
 GET /api/chat/messages 200 in 6ms (next.js: 1.8ms, application-code: 4ms)
 GET /api/chat/messages 200 in 7ms (next.js: 3ms, application-code: 4ms)
 GET /api/chat/messages 200 in 6ms (next.js: 2ms, application-code: 3ms)
 GET /api/chat/messages 200 in 10ms (next.js: 5ms, application-code: 5ms)
 GET /api/chat/messages 200 in 5ms (next.js: 1.7ms, application-code: 3ms)
 GET /api/chat/messages 200 in 8ms (next.js: 5ms, application-code: 3ms)
 GET /api/chat/messages 200 in 6ms (next.js: 1.8ms, application-code: 4ms)
 GET /api/chat/messages 200 in 5ms (next.js: 1.8ms, application-code: 3ms)
 GET /api/chat/messages 200 in 8ms (next.js: 1.7ms, application-code: 6ms)
 GET /api/chat/messages 200 in 6ms (next.js: 3ms, application-code: 3ms)
 GET /api/chat/messages 200 in 6ms (next.js: 1.9ms, application-code: 4ms)
 GET /api/chat/messages 200 in 8ms (next.js: 3ms, application-code: 4ms)
 GET /api/chat/messages 200 in 7ms (next.js: 1.8ms, application-code: 5ms)
 GET /api/chat/messages 200 in 7ms (next.js: 3ms, application-code: 5ms)
 GET /api/chat/messages 200 in 34ms (next.js: 1.7ms, application-code: 33ms)
 GET /api/chat/messages 200 in 5ms (next.js: 1.6ms, application-code: 3ms)
 GET /api/chat/messages 200 in 5ms (next.js: 1.7ms, application-code: 3ms)
 GET /api/chat/messages 200 in 11ms (next.js: 4ms, application-code: 7ms)
 GET /api/chat/messages 200 in 11ms (next.js: 5ms, application-code: 6ms)
 GET /api/chat/messages 200 in 5ms (next.js: 1.9ms, application-code: 3ms)
 GET /api/chat/messages 200 in 6ms (next.js: 2.0ms, application-code: 4ms)
 GET /api/chat/messages 200 in 5ms (next.js: 3ms, application-code: 3ms)
 GET /api/chat/messages 200 in 6ms (next.js: 1.9ms, application-code: 4ms)
 GET /api/chat/messages 200 in 6ms (next.js: 3ms, application-code: 3ms)
 GET /api/chat/messages 200 in 5ms (next.js: 1.9ms, application-code: 3ms)
 GET /api/chat/messages 200 in 6ms (next.js: 3ms, application-code: 3ms)
 GET /api/chat/messages 200 in 6ms (next.js: 1.9ms, application-code: 4ms)
 GET /api/chat/messages 200 in 5ms (next.js: 2.0ms, application-code: 3ms)
 GET /api/chat/messages 200 in 5ms (next.js: 2ms, application-code: 3ms)
 GET /api/chat/messages 200 in 7ms (next.js: 4ms, application-code: 3ms)
 GET /api/chat/messages 200 in 6ms (next.js: 2ms, application-code: 4ms)
 GET /api/chat/messages 200 in 5ms (next.js: 2ms, application-code: 3ms)
 GET /api/chat/messages 200 in 5ms (next.js: 1.8ms, application-code: 3ms)
 GET /api/chat/messages 200 in 6ms (next.js: 3ms, application-code: 3ms)
 GET /api/chat/messages 200 in 6ms (next.js: 1.9ms, application-code: 5ms)
 GET /api/chat/messages 200 in 6ms (next.js: 1.9ms, application-code: 4ms)
 GET /api/chat/messages 200 in 6ms (next.js: 1.8ms, application-code: 4ms)
 GET /api/chat/messages 200 in 5ms (next.js: 1.8ms, application-code: 3ms)
 GET /api/chat/messages 200 in 6ms (next.js: 3ms, application-code: 4ms)
 GET /api/chat/messages 200 in 5ms (next.js: 1.8ms, application-code: 3ms)
 GET /api/chat/messages 200 in 5ms (next.js: 2ms, application-code: 3ms)
 GET /api/chat/messages 200 in 5ms (next.js: 2.0ms, application-code: 3ms)
 GET /api/chat/messages 200 in 6ms (next.js: 3ms, application-code: 4ms)
 GET /api/chat/messages 200 in 10ms (next.js: 4ms, application-code: 6ms)
 GET /api/chat/messages 200 in 7ms (next.js: 2ms, application-code: 5ms)
 GET /api/chat/messages 200 in 6ms (next.js: 2ms, application-code: 4ms)
 GET /api/chat/messages 200 in 7ms (next.js: 2ms, application-code: 5ms)
 GET /api/chat/messages 200 in 5ms (next.js: 1.9ms, application-code: 3ms)
 GET /api/chat/messages 200 in 5ms (next.js: 1.8ms, application-code: 3ms)
 GET /api/chat/messages 200 in 5ms (next.js: 1.9ms, application-code: 3ms)
 GET /api/chat/messages 200 in 7ms (next.js: 3ms, application-code: 4ms)
 GET /api/chat/messages 200 in 9ms (next.js: 5ms, application-code: 5ms)
 GET /api/chat/messages 200 in 5ms (next.js: 2ms, application-code: 3ms)
 GET /api/chat/messages 200 in 5ms (next.js: 1.9ms, application-code: 3ms)
 GET /api/chat/messages 200 in 6ms (next.js: 3ms, application-code: 3ms)
 GET /api/chat/messages 200 in 7ms (next.js: 2.0ms, application-code: 5ms)
 GET /api/chat/messages 200 in 6ms (next.js: 2ms, application-code: 4ms)
 GET /api/chat/messages 200 in 6ms (next.js: 2ms, application-code: 4ms)
 GET /api/chat/messages 200 in 13ms (next.js: 3ms, application-code: 11ms)
 GET /api/chat/messages 200 in 7ms (next.js: 1.9ms, application-code: 5ms)
 GET /api/chat/messages 200 in 6ms (next.js: 2ms, application-code: 4ms)
 GET /api/chat/messages 200 in 5ms (next.js: 2.0ms, application-code: 3ms)
 GET /api/chat/messages 200 in 5ms (next.js: 1.9ms, application-code: 3ms)
 GET /api/chat/messages 200 in 6ms (next.js: 1.7ms, application-code: 4ms)
 GET /api/chat/messages 200 in 6ms (next.js: 3ms, application-code: 3ms)
 GET /api/chat/messages 200 in 5ms (next.js: 1.8ms, application-code: 3ms)
 GET /api/chat/messages 200 in 5ms (next.js: 1.9ms, application-code: 3ms)
 GET /api/chat/messages 200 in 6ms (next.js: 1.9ms, application-code: 4ms)
 GET /api/chat/messages 200 in 6ms (next.js: 1.9ms, application-code: 4ms)
 GET /api/chat/messages 200 in 5ms (next.js: 2.0ms, application-code: 3ms)
 GET /api/chat/messages 200 in 5ms (next.js: 1.9ms, application-code: 3ms)
 GET /api/chat/messages 200 in 6ms (next.js: 2ms, application-code: 4ms)
 GET /api/chat/messages 200 in 6ms (next.js: 1.8ms, application-code: 4ms)
 GET /api/chat/messages 200 in 5ms (next.js: 2.0ms, application-code: 3ms)
 GET /api/chat/messages 200 in 5ms (next.js: 2.0ms, application-code: 3ms)
 GET /api/chat/messages 200 in 6ms (next.js: 1.9ms, application-code: 4ms)
 GET /api/chat/messages 200 in 7ms (next.js: 2ms, application-code: 4ms)
 GET /api/chat/messages 200 in 5ms (next.js: 1.9ms, application-code: 3ms)
 GET /api/chat/messages 200 in 5ms (next.js: 2ms, application-code: 3ms)
 GET /api/chat/messages 200 in 6ms (next.js: 3ms, application-code: 3ms)
 GET /api/chat/messages 200 in 6ms (next.js: 1.8ms, application-code: 4ms)
 GET /api/chat/messages 200 in 5ms (next.js: 1.8ms, application-code: 4ms)
 GET /api/chat/messages 200 in 7ms (next.js: 2ms, application-code: 5ms)
 GET /api/chat/messages 200 in 6ms (next.js: 3ms, application-code: 3ms)
 GET /api/chat/messages 200 in 6ms (next.js: 1.9ms, application-code: 4ms)
 GET /api/chat/messages 200 in 6ms (next.js: 2ms, application-code: 4ms)
 GET /api/chat/messages 200 in 5ms (next.js: 2.0ms, application-code: 4ms)
 GET /api/chat/messages 200 in 10ms (next.js: 3ms, application-code: 7ms)
 GET /api/chat/messages 200 in 6ms (next.js: 2ms, application-code: 4ms)
 GET /api/chat/messages 200 in 12ms (next.js: 3ms, application-code: 8ms)
 GET /api/chat/messages 200 in 5ms (next.js: 1.9ms, application-code: 3ms)
 GET /api/chat/messages 200 in 6ms (next.js: 3ms, application-code: 3ms)
 GET /api/chat/messages 200 in 6ms (next.js: 3ms, application-code: 3ms)
 GET /api/chat/messages 200 in 7ms (next.js: 1.8ms, application-code: 5ms)
 GET /api/chat/messages 200 in 5ms (next.js: 1.9ms, application-code: 3ms)
 GET /api/chat/messages 200 in 5ms (next.js: 1.9ms, application-code: 3ms)
 GET /api/chat/messages 200 in 6ms (next.js: 3ms, application-code: 3ms)
 GET /api/chat/messages 200 in 6ms (next.js: 1.9ms, application-code: 4ms)
 GET /api/chat/messages 200 in 5ms (next.js: 1.7ms, application-code: 3ms)
 GET /api/chat/messages 200 in 6ms (next.js: 2ms, application-code: 3ms)
 GET /api/chat/messages 200 in 6ms (next.js: 3ms, application-code: 3ms)
 GET /api/chat/messages 200 in 6ms (next.js: 1.9ms, application-code: 4ms)
 GET /api/chat/messages 200 in 6ms (next.js: 2.0ms, application-code: 4ms)
 GET /api/chat/messages 200 in 6ms (next.js: 1.9ms, application-code: 4ms)
 GET /api/chat/messages 200 in 5ms (next.js: 2ms, application-code: 3ms)
 GET /api/chat/messages 200 in 5ms (next.js: 1.8ms, application-code: 3ms)
 GET /api/chat/messages 200 in 6ms (next.js: 3ms, application-code: 3ms)
 GET /api/chat/messages 200 in 6ms (next.js: 2ms, application-code: 4ms)
 GET /api/chat/messages 200 in 5ms (next.js: 1.8ms, application-code: 3ms)
 GET /api/chat/messages 200 in 5ms (next.js: 2ms, application-code: 3ms)
 GET /api/chat/messages 200 in 5ms (next.js: 3ms, application-code: 3ms)
 GET /api/chat/messages 200 in 6ms (next.js: 2ms, application-code: 4ms)
 GET /api/chat/messages 200 in 13ms (next.js: 1.8ms, application-code: 11ms)
 GET /api/chat/messages 200 in 13ms (next.js: 7ms, application-code: 5ms)
 GET /api/chat/messages 200 in 11ms (next.js: 8ms, application-code: 3ms)
 GET /api/chat/messages 200 in 13ms (next.js: 3ms, application-code: 10ms)
 GET /api/chat/messages 200 in 7ms (next.js: 3ms, application-code: 4ms)
 GET /api/chat/messages 200 in 6ms (next.js: 1.7ms, application-code: 5ms)
 GET /api/chat/messages 200 in 8ms (next.js: 2ms, application-code: 6ms)
 GET /api/chat/messages 200 in 11ms (next.js: 2ms, application-code: 9ms)
 GET /api/chat/messages 200 in 9ms (next.js: 5ms, application-code: 4ms)
 GET /api/chat/messages 200 in 8ms (next.js: 3ms, application-code: 5ms)
 GET /api/chat/messages 200 in 5ms (next.js: 3ms, application-code: 3ms)
 GET /api/chat/messages 200 in 6ms (next.js: 2ms, application-code: 4ms)
 GET /api/chat/messages 200 in 5ms (next.js: 1.9ms, application-code: 3ms)
 GET /api/chat/messages 200 in 5ms (next.js: 2.0ms, application-code: 3ms)
 GET /api/chat/messages 200 in 5ms (next.js: 2ms, application-code: 3ms)
 GET /api/chat/messages 200 in 5ms (next.js: 1.9ms, application-code: 3ms)
 GET /api/chat/messages 200 in 5ms (next.js: 1.8ms, application-code: 3ms)
 GET /api/chat/messages 200 in 5ms (next.js: 1.8ms, application-code: 3ms)
 GET /api/chat/messages 200 in 5ms (next.js: 3ms, application-code: 3ms)
 GET /api/chat/messages 200 in 6ms (next.js: 1.9ms, application-code: 4ms)
 GET /api/chat/messages 200 in 6ms (next.js: 2ms, application-code: 3ms)
 GET /api/chat/messages 200 in 5ms (next.js: 1.8ms, application-code: 3ms)
 GET /api/chat/messages 200 in 5ms (next.js: 2ms, application-code: 3ms)
 GET /api/chat/messages 200 in 6ms (next.js: 1.9ms, application-code: 4ms)
 GET /api/chat/messages 200 in 5ms (next.js: 2ms, application-code: 3ms)
 GET /api/chat/messages 200 in 5ms (next.js: 1.9ms, application-code: 3ms)
 GET /api/chat/messages 200 in 5ms (next.js: 3ms, application-code: 3ms)
 GET /api/chat/messages 200 in 6ms (next.js: 1.9ms, application-code: 4ms)
 GET /api/chat/messages 200 in 5ms (next.js: 1.9ms, application-code: 3ms)
 GET /api/chat/messages 200 in 5ms (next.js: 1.9ms, application-code: 3ms)
 GET /api/chat/messages 200 in 6ms (next.js: 3ms, application-code: 3ms)
 GET /api/chat/messages 200 in 6ms (next.js: 2ms, application-code: 4ms)
 GET /api/chat/messages 200 in 5ms (next.js: 2.0ms, application-code: 3ms)
 GET /api/chat/messages 200 in 5ms (next.js: 1.8ms, application-code: 3ms)
 GET /api/chat/messages 200 in 6ms (next.js: 3ms, application-code: 3ms)
 GET /api/chat/messages 200 in 34ms (next.js: 3ms, application-code: 31ms)
 GET /api/chat/messages 200 in 6ms (next.js: 2ms, application-code: 4ms)
 GET /api/chat/messages 200 in 7ms (next.js: 2ms, application-code: 5ms)
 GET /api/chat/messages 200 in 6ms (next.js: 2ms, application-code: 3ms)
 GET /api/chat/messages 200 in 6ms (next.js: 1.8ms, application-code: 4ms)
 GET /api/chat/messages 200 in 6ms (next.js: 2.0ms, application-code: 4ms)
 GET /api/chat/messages 200 in 5ms (next.js: 1.9ms, application-code: 3ms)
 GET /api/chat/messages 200 in 6ms (next.js: 3ms, application-code: 3ms)
 GET /api/chat/messages 200 in 6ms (next.js: 1.9ms, application-code: 4ms)
 GET /api/chat/messages 200 in 5ms (next.js: 1.9ms, application-code: 3ms)
 GET /api/chat/messages 200 in 7ms (next.js: 2ms, application-code: 4ms)
 GET /api/chat/messages 200 in 6ms (next.js: 1.9ms, application-code: 4ms)
 GET /api/chat/messages 200 in 5ms (next.js: 1.7ms, application-code: 3ms)
 GET /api/chat/messages 200 in 5ms (next.js: 1.8ms, application-code: 3ms)
 GET /api/chat/messages 200 in 7ms (next.js: 2ms, application-code: 5ms)
 GET /api/chat/messages 200 in 6ms (next.js: 2ms, application-code: 4ms)
 GET /api/chat/messages 200 in 5ms (next.js: 1.9ms, application-code: 3ms)
 GET /api/chat/messages 200 in 5ms (next.js: 2.0ms, application-code: 3ms)
 GET /api/chat/messages 200 in 6ms (next.js: 2ms, application-code: 4ms)
 GET /api/chat/messages 200 in 6ms (next.js: 2ms, application-code: 4ms)
 GET /api/chat/messages 200 in 7ms (next.js: 2.0ms, application-code: 5ms)
 GET /api/chat/messages 200 in 6ms (next.js: 2ms, application-code: 4ms)
 GET /api/chat/messages 200 in 5ms (next.js: 2ms, application-code: 3ms)
 GET /api/chat/messages 200 in 5ms (next.js: 1.8ms, application-code: 4ms)
 GET /api/chat/messages 200 in 6ms (next.js: 1.8ms, application-code: 4ms)
 GET /api/chat/messages 200 in 5ms (next.js: 2.0ms, application-code: 3ms)
 GET /api/chat/messages 200 in 5ms (next.js: 1.9ms, application-code: 3ms)
 GET /api/chat/messages 200 in 5ms (next.js: 1.7ms, application-code: 3ms)
 GET /api/chat/messages 200 in 7ms (next.js: 2ms, application-code: 5ms)
 GET /api/chat/messages 200 in 5ms (next.js: 1.7ms, application-code: 3ms)
 GET /api/chat/messages 200 in 6ms (next.js: 3ms, application-code: 3ms)
 GET /api/chat/messages 200 in 5ms (next.js: 1.7ms, application-code: 3ms)
 GET /api/chat/messages 200 in 7ms (next.js: 2.0ms, application-code: 5ms)
 GET /api/chat/messages 200 in 6ms (next.js: 2ms, application-code: 4ms)
 GET /api/chat/messages 200 in 5ms (next.js: 1.7ms, application-code: 3ms)
 GET /api/chat/messages 200 in 5ms (next.js: 1.9ms, application-code: 3ms)
 GET /api/chat/messages 200 in 6ms (next.js: 3ms, application-code: 3ms)
 GET /api/chat/messages 200 in 6ms (next.js: 1.9ms, application-code: 4ms)
 GET /api/chat/messages 200 in 5ms (next.js: 1.9ms, application-code: 3ms)
 GET /api/chat/messages 200 in 5ms (next.js: 1.8ms, application-code: 3ms)
 GET /api/chat/messages 200 in 6ms (next.js: 3ms, application-code: 3ms)
 GET /api/chat/messages 200 in 6ms (next.js: 1.8ms, application-code: 4ms)
 GET /api/chat/messages 200 in 5ms (next.js: 1.9ms, application-code: 3ms)
 GET /api/chat/messages 200 in 6ms (next.js: 1.9ms, application-code: 4ms)
 GET /api/chat/messages 200 in 5ms (next.js: 1.8ms, application-code: 4ms)
 GET /api/chat/messages 200 in 6ms (next.js: 3ms, application-code: 3ms)
 GET /api/chat/messages 200 in 6ms (next.js: 2ms, application-code: 4ms)
 GET /api/chat/messages 200 in 5ms (next.js: 1.9ms, application-code: 3ms)
 GET /api/chat/messages 200 in 5ms (next.js: 1.8ms, application-code: 3ms)
 GET /api/chat/messages 200 in 5ms (next.js: 1.9ms, application-code: 3ms)
 GET /api/chat/messages 200 in 6ms (next.js: 1.9ms, application-code: 4ms)
 GET /api/chat/messages 200 in 5ms (next.js: 1.9ms, application-code: 3ms)
 GET /api/chat/messages 200 in 5ms (next.js: 1.8ms, application-code: 3ms)
 GET /api/chat/messages 200 in 5ms (next.js: 1.8ms, application-code: 3ms)
 GET /api/chat/messages 200 in 6ms (next.js: 1.9ms, application-code: 4ms)
 GET /api/chat/messages 200 in 5ms (next.js: 2ms, application-code: 3ms)
 GET /api/chat/messages 200 in 5ms (next.js: 1.7ms, application-code: 3ms)
 GET /api/chat/messages 200 in 5ms (next.js: 1.8ms, application-code: 3ms)
 GET /api/chat/messages 200 in 6ms (next.js: 3ms, application-code: 3ms)
 GET /api/chat/messages 200 in 6ms (next.js: 2ms, application-code: 4ms)
 GET /api/chat/messages 200 in 5ms (next.js: 1.8ms, application-code: 3ms)
 GET /api/chat/messages 200 in 5ms (next.js: 1.9ms, application-code: 3ms)
 GET /api/chat/messages 200 in 6ms (next.js: 3ms, application-code: 3ms)
 GET /api/chat/messages 200 in 6ms (next.js: 2.0ms, application-code: 4ms)
 GET /api/chat/messages 200 in 6ms (next.js: 3ms, application-code: 3ms)
 GET /api/chat/messages 200 in 5ms (next.js: 1.7ms, application-code: 3ms)
 GET /api/chat/messages 200 in 5ms (next.js: 1.9ms, application-code: 3ms)
 GET /api/chat/messages 200 in 6ms (next.js: 1.9ms, application-code: 4ms)
 GET /api/chat/messages 200 in 5ms (next.js: 1.8ms, application-code: 4ms)
 GET /api/chat/messages 200 in 5ms (next.js: 1.8ms, application-code: 3ms)
 GET /api/chat/messages 200 in 5ms (next.js: 2ms, application-code: 3ms)
 GET /api/chat/messages 200 in 6ms (next.js: 2ms, application-code: 4ms)
 GET /api/chat/messages 200 in 5ms (next.js: 1.9ms, application-code: 3ms)
 GET /api/chat/messages 200 in 6ms (next.js: 2ms, application-code: 4ms)
 GET /api/chat/messages 200 in 5ms (next.js: 1.8ms, application-code: 3ms)
 GET /api/chat/messages 200 in 6ms (next.js: 1.9ms, application-code: 4ms)
 GET /api/chat/messages 200 in 5ms (next.js: 1.9ms, application-code: 3ms)
 GET /api/chat/messages 200 in 6ms (next.js: 2ms, application-code: 4ms)
 GET /api/chat/messages 200 in 6ms (next.js: 1.8ms, application-code: 4ms)
 GET /api/chat/messages 200 in 5ms (next.js: 2ms, application-code: 3ms)
 GET /api/chat/messages 200 in 6ms (next.js: 3ms, application-code: 3ms)
 GET /api/chat/messages 200 in 5ms (next.js: 1.8ms, application-code: 3ms)
 GET /api/chat/messages 200 in 6ms (next.js: 1.8ms, application-code: 4ms)
 GET /api/chat/messages 200 in 5ms (next.js: 2ms, application-code: 3ms)
 GET /api/chat/messages 200 in 5ms (next.js: 1.9ms, application-code: 3ms)
 GET /api/chat/messages 200 in 6ms (next.js: 3ms, application-code: 3ms)
 GET /api/chat/messages 200 in 6ms (next.js: 2ms, application-code: 4ms)
 GET /api/chat/messages 200 in 5ms (next.js: 1.8ms, application-code: 3ms)
 GET /api/chat/messages 200 in 5ms (next.js: 1.9ms, application-code: 3ms)
 GET /api/chat/messages 200 in 5ms (next.js: 1.9ms, application-code: 3ms)
 GET /api/chat/messages 200 in 6ms (next.js: 1.9ms, application-code: 4ms)
 GET /api/chat/messages 200 in 4ms (next.js: 1.7ms, application-code: 3ms)
 GET /api/chat/messages 200 in 5ms (next.js: 1.7ms, application-code: 3ms)
 GET /api/chat/messages 200 in 5ms (next.js: 1.9ms, application-code: 3ms)
 GET /api/chat/messages 200 in 15ms (next.js: 3ms, application-code: 12ms)
 GET /api/chat/messages 200 in 8ms (next.js: 5ms, application-code: 3ms)
 GET /api/chat/messages 200 in 6ms (next.js: 3ms, application-code: 3ms)
 GET /api/chat/messages 200 in 13ms (next.js: 8ms, application-code: 6ms)
 GET /api/chat/messages 200 in 9ms (next.js: 3ms, application-code: 7ms)
 GET /api/chat/messages 200 in 5ms (next.js: 1.8ms, application-code: 3ms)
 GET /api/chat/messages 200 in 27ms (next.js: 24ms, application-code: 3ms)
 GET /api/chat/messages 200 in 5ms (next.js: 1.9ms, application-code: 4ms)
 GET /api/chat/messages 200 in 6ms (next.js: 1.8ms, application-code: 5ms)
 GET /admin 200 in 206ms (next.js: 177ms, application-code: 29ms)
 GET /api/chat/messages 200 in 5ms (next.js: 2ms, application-code: 3ms)
 GET /api/chat/messages 200 in 5ms (next.js: 1.9ms, application-code: 3ms)
 GET /api/chat/messages 200 in 5ms (next.js: 1.8ms, application-code: 3ms)
 GET /api/chat/messages 200 in 7ms (next.js: 3ms, application-code: 4ms)
 GET /api/chat/messages 200 in 5ms (next.js: 3ms, application-code: 3ms)
 GET /api/chat/messages 200 in 5ms (next.js: 1.8ms, application-code: 3ms)
 GET /api/chat/messages 200 in 5ms (next.js: 2ms, application-code: 3ms)
 GET /api/chat/messages 200 in 6ms (next.js: 1.8ms, application-code: 4ms)
 GET /api/chat/messages 200 in 6ms (next.js: 2ms, application-code: 4ms)
 GET /api/chat/messages 200 in 5ms (next.js: 2ms, application-code: 3ms)
 GET /api/chat/messages 200 in 7ms (next.js: 4ms, application-code: 3ms)
 GET /api/chat/messages 200 in 6ms (next.js: 1.9ms, application-code: 5ms)
 GET /api/chat/messages 200 in 5ms (next.js: 2ms, application-code: 3ms)
 GET /api/chat/messages 200 in 14ms (next.js: 4ms, application-code: 10ms)
 GET /api/chat/messages 200 in 6ms (next.js: 3ms, application-code: 3ms)
 GET /api/chat/messages 200 in 6ms (next.js: 2ms, application-code: 4ms)
 GET /api/chat/messages 200 in 5ms (next.js: 1.8ms, application-code: 3ms)
 GET /api/chat/messages 200 in 11ms (next.js: 4ms, application-code: 6ms)
 GET /api/chat/messages 200 in 6ms (next.js: 3ms, application-code: 3ms)
 GET /api/chat/messages 200 in 6ms (next.js: 2.0ms, application-code: 4ms)
 GET /api/chat/messages 200 in 5ms (next.js: 1.8ms, application-code: 3ms)
 GET /api/chat/messages 200 in 7ms (next.js: 1.9ms, application-code: 5ms)
 GET /api/chat/messages 200 in 9ms (next.js: 3ms, application-code: 6ms)
 GET /api/chat/messages 200 in 8ms (next.js: 2ms, application-code: 6ms)
 GET /api/chat/messages 200 in 8ms (next.js: 3ms, application-code: 5ms)
 GET /api/chat/messages 200 in 9ms (next.js: 3ms, application-code: 6ms)
 GET /api/chat/messages 200 in 7ms (next.js: 1.9ms, application-code: 5ms)
 GET /api/chat/messages 200 in 9ms (next.js: 2ms, application-code: 7ms)
 GET /api/chat/messages 200 in 6ms (next.js: 1.9ms, application-code: 4ms)
 GET /api/chat/messages 200 in 6ms (next.js: 3ms, application-code: 4ms)
 GET /api/chat/messages 200 in 25ms (next.js: 11ms, application-code: 14ms)
 GET /api/chat/messages 200 in 7ms (next.js: 3ms, application-code: 4ms)
 GET /api/chat/messages 200 in 6ms (next.js: 2ms, application-code: 3ms)
 GET /api/chat/messages 200 in 9ms (next.js: 5ms, application-code: 5ms)
 GET /admin/drivers 200 in 171ms (next.js: 142ms, application-code: 30ms)
 GET /api/chat/messages 200 in 10ms (next.js: 3ms, application-code: 7ms)
 GET /api/chat/messages 200 in 7ms (next.js: 4ms, application-code: 3ms)
 GET /api/chat/messages 200 in 5ms (next.js: 1.7ms, application-code: 4ms)
 GET /api/chat/messages 200 in 8ms (next.js: 3ms, application-code: 5ms)
 GET /api/chat/messages 200 in 5ms (next.js: 1.9ms, application-code: 3ms)
 GET /admin/fleet 200 in 138ms (next.js: 113ms, application-code: 25ms)
 GET /api/chat/messages 200 in 45ms (next.js: 7ms, application-code: 38ms)
 GET /api/chat/messages 200 in 16ms (next.js: 5ms, application-code: 11ms)
 GET /api/chat/messages 200 in 9ms (next.js: 4ms, application-code: 5ms)
 GET /api/chat/messages 200 in 15ms (next.js: 7ms, application-code: 8ms)
 GET /api/chat/messages 200 in 12ms (next.js: 3ms, application-code: 9ms)
 GET /api/chat/messages 200 in 7ms (next.js: 4ms, application-code: 3ms)
 GET /api/chat/messages 200 in 7ms (next.js: 1.9ms, application-code: 6ms)
 GET /api/chat/messages 200 in 8ms (next.js: 2ms, application-code: 5ms)
 GET /api/chat/messages 200 in 12ms (next.js: 3ms, application-code: 9ms)
 GET /api/chat/messages 200 in 8ms (next.js: 1.9ms, application-code: 6ms)
 GET /api/chat/messages 200 in 7ms (next.js: 3ms, application-code: 4ms)
 GET /api/chat/messages 200 in 16ms (next.js: 9ms, application-code: 8ms)
 GET /api/chat/messages 200 in 7ms (next.js: 4ms, application-code: 3ms)
 GET /api/chat/messages 200 in 11ms (next.js: 1.8ms, application-code: 9ms)
 GET /api/chat/messages 200 in 7ms (next.js: 4ms, application-code: 3ms)
 GET / 200 in 168ms (next.js: 147ms, application-code: 21ms)
 GET / 200 in 122ms (next.js: 12ms, application-code: 111ms)
 GET /driver 200 in 167ms (next.js: 135ms, application-code: 32ms)
 GET /api/chat/messages 200 in 15ms (next.js: 6ms, application-code: 9ms)
 GET /api/chat/messages 200 in 9ms (next.js: 3ms, application-code: 7ms)
 GET /api/chat/messages 200 in 6ms (next.js: 2ms, application-code: 4ms)
 GET /api/chat/messages 200 in 6ms (next.js: 2ms, application-code: 3ms)
 GET /api/chat/messages 200 in 6ms (next.js: 2ms, application-code: 4ms)
 GET /api/chat/messages 200 in 8ms (next.js: 3ms, application-code: 5ms)
 GET /api/chat/messages 200 in 10ms (next.js: 5ms, application-code: 4ms)
 GET /api/chat/messages 200 in 14ms (next.js: 6ms, application-code: 8ms)
 GET /api/chat/messages 200 in 10ms (next.js: 5ms, application-code: 5ms)
 GET /api/chat/messages 200 in 8ms (next.js: 4ms, application-code: 4ms)
 GET /api/chat/messages 200 in 6ms (next.js: 1.7ms, application-code: 5ms)
 GET /api/chat/messages 200 in 6ms (next.js: 1.8ms, application-code: 5ms)
 GET /api/chat/messages 200 in 5ms (next.js: 2ms, application-code: 3ms)
 GET /api/chat/messages 200 in 6ms (next.js: 3ms, application-code: 3ms)
 GET /api/chat/messages 200 in 7ms (next.js: 1.8ms, application-code: 5ms)
 GET /api/chat/messages 200 in 6ms (next.js: 1.7ms, application-code: 4ms)
 GET /api/chat/messages 200 in 7ms (next.js: 2ms, application-code: 5ms)
 GET /api/chat/messages 200 in 6ms (next.js: 2ms, application-code: 4ms)
 GET /api/chat/messages 200 in 8ms (next.js: 1.8ms, application-code: 6ms)
 GET /api/chat/messages 200 in 8ms (next.js: 3ms, application-code: 4ms)
 GET /api/chat/messages 200 in 5ms (next.js: 1.9ms, application-code: 3ms)
 GET /api/chat/messages 200 in 5ms (next.js: 1.8ms, application-code: 3ms)
 GET /api/chat/messages 200 in 8ms (next.js: 3ms, application-code: 5ms)
 GET /api/chat/messages 200 in 5ms (next.js: 2.0ms, application-code: 3ms)
 GET /api/chat/messages 200 in 7ms (next.js: 4ms, application-code: 3ms)
 GET /api/chat/messages 200 in 6ms (next.js: 2ms, application-code: 4ms)
 GET /api/chat/messages 200 in 8ms (next.js: 3ms, application-code: 5ms)
 GET /api/chat/messages 200 in 7ms (next.js: 1.9ms, application-code: 5ms)
 GET /api/chat/messages 200 in 5ms (next.js: 2.0ms, application-code: 3ms)
 GET /api/chat/messages 200 in 10ms (next.js: 5ms, application-code: 5ms)
 GET /api/chat/messages 200 in 8ms (next.js: 3ms, application-code: 5ms)
 GET /api/chat/messages 200 in 5ms (next.js: 1.9ms, application-code: 3ms)
 GET /api/chat/messages 200 in 5ms (next.js: 1.8ms, application-code: 3ms)
 GET /api/chat/messages 200 in 6ms (next.js: 1.8ms, application-code: 4ms)
 GET /api/chat/messages 200 in 8ms (next.js: 1.7ms, application-code: 6ms)
 GET /api/chat/messages 200 in 5ms (next.js: 2ms, application-code: 3ms)
 GET /api/chat/messages 200 in 5ms (next.js: 1.7ms, application-code: 3ms)
 GET /api/chat/messages 200 in 12ms (next.js: 2ms, application-code: 9ms)
 GET /api/chat/messages 200 in 7ms (next.js: 2ms, application-code: 4ms)
 GET /api/chat/messages 200 in 5ms (next.js: 1.7ms, application-code: 3ms)
 GET /api/chat/messages 200 in 5ms (next.js: 2ms, application-code: 3ms)
 GET /api/chat/messages 200 in 5ms (next.js: 2ms, application-code: 3ms)
 GET /api/chat/messages 200 in 8ms (next.js: 1.8ms, application-code: 6ms)
 GET /api/chat/messages 200 in 7ms (next.js: 1.8ms, application-code: 5ms)
 GET /api/chat/messages 200 in 8ms (next.js: 1.8ms, application-code: 6ms)
 GET /api/chat/messages 200 in 8ms (next.js: 4ms, application-code: 4ms)
 GET /api/chat/messages 200 in 6ms (next.js: 1.8ms, application-code: 4ms)
 GET /api/chat/messages 200 in 5ms (next.js: 1.8ms, application-code: 3ms)
 GET /api/chat/messages 200 in 5ms (next.js: 1.9ms, application-code: 3ms)
 GET /api/chat/messages 200 in 6ms (next.js: 3ms, application-code: 3ms)
 GET /api/chat/messages 200 in 8ms (next.js: 4ms, application-code: 4ms)
 GET /api/chat/messages 200 in 8ms (next.js: 1.8ms, application-code: 6ms)
 GET /api/chat/messages 200 in 5ms (next.js: 1.8ms, application-code: 3ms)
 GET /api/chat/messages 200 in 5ms (next.js: 1.7ms, application-code: 4ms)
 GET /api/chat/messages 200 in 6ms (next.js: 2ms, application-code: 3ms)
 GET /api/chat/messages 200 in 9ms (next.js: 1.8ms, application-code: 7ms)
 GET /api/chat/messages 200 in 8ms (next.js: 2ms, application-code: 6ms)
 GET /api/chat/messages 200 in 7ms (next.js: 1.8ms, application-code: 5ms)
 GET /api/chat/messages 200 in 7ms (next.js: 1.9ms, application-code: 6ms)
 GET /api/chat/messages 200 in 5ms (next.js: 1.9ms, application-code: 3ms)
 GET /api/chat/messages 200 in 5ms (next.js: 2ms, application-code: 3ms)
 GET /api/chat/messages 200 in 6ms (next.js: 1.8ms, application-code: 5ms)
 GET /api/chat/messages 200 in 7ms (next.js: 4ms, application-code: 3ms)
 GET /api/chat/messages 200 in 7ms (next.js: 1.8ms, application-code: 5ms)
 GET /driver/parts 200 in 228ms (next.js: 100ms, application-code: 128ms)
 GET /api/chat/messages 200 in 5ms (next.js: 1.9ms, application-code: 4ms)
 GET /api/chat/messages 200 in 5ms (next.js: 1.9ms, application-code: 3ms)
 GET /api/chat/messages 200 in 10ms (next.js: 1.8ms, application-code: 8ms)
 GET /api/chat/messages 200 in 8ms (next.js: 3ms, application-code: 5ms)
 GET /api/chat/messages 200 in 8ms (next.js: 2ms, application-code: 5ms)
 GET /api/chat/messages 200 in 5ms (next.js: 2.0ms, application-code: 3ms)
 GET /api/chat/messages 200 in 7ms (next.js: 2ms, application-code: 5ms)
 GET /api/chat/messages 200 in 7ms (next.js: 1.8ms, application-code: 5ms)
 GET /api/chat/messages 200 in 9ms (next.js: 2ms, application-code: 7ms)
 GET /api/chat/messages 200 in 9ms (next.js: 5ms, application-code: 5ms)
 GET /api/chat/messages 200 in 9ms (next.js: 2ms, application-code: 7ms)
 GET /api/chat/messages 200 in 5ms (next.js: 2ms, application-code: 3ms)
 GET /api/chat/messages 200 in 7ms (next.js: 2ms, application-code: 5ms)
 GET /api/chat/messages 200 in 13ms (next.js: 3ms, application-code: 10ms)
 GET /api/chat/messages 200 in 8ms (next.js: 1.9ms, application-code: 6ms)
 GET /api/chat/messages 200 in 5ms (next.js: 1.9ms, application-code: 3ms)
 GET /api/chat/messages 200 in 8ms (next.js: 2ms, application-code: 6ms)
 GET /api/chat/messages 200 in 10ms (next.js: 5ms, application-code: 5ms)
 GET /api/chat/messages 200 in 8ms (next.js: 1.9ms, application-code: 6ms)
 GET /api/chat/messages 200 in 7ms (next.js: 4ms, application-code: 3ms)
 GET /api/chat/messages 200 in 9ms (next.js: 6ms, application-code: 3ms)
 GET /api/chat/messages 200 in 5ms (next.js: 1.7ms, application-code: 3ms)
 GET /api/chat/messages 200 in 6ms (next.js: 1.9ms, application-code: 4ms)
 GET /api/chat/messages 200 in 7ms (next.js: 1.8ms, application-code: 5ms)
 GET /api/chat/messages 200 in 8ms (next.js: 2ms, application-code: 6ms)
 GET /api/chat/messages 200 in 6ms (next.js: 2ms, application-code: 4ms)
 GET /api/chat/messages 200 in 6ms (next.js: 2ms, application-code: 4ms)
 GET /api/chat/messages 200 in 5ms (next.js: 1.7ms, application-code: 3ms)
 GET /api/chat/messages 200 in 7ms (next.js: 4ms, application-code: 3ms)
 GET /api/chat/messages 200 in 5ms (next.js: 3ms, application-code: 3ms)
 GET /api/chat/messages 200 in 6ms (next.js: 2ms, application-code: 4ms)
 GET /api/chat/messages 200 in 5ms (next.js: 1.8ms, application-code: 3ms)
 GET /api/chat/messages 200 in 6ms (next.js: 2ms, application-code: 4ms)
 GET /api/chat/messages 200 in 8ms (next.js: 2ms, application-code: 5ms)
 GET /api/chat/messages 200 in 8ms (next.js: 1.9ms, application-code: 6ms)
 GET /api/chat/messages 200 in 10ms (next.js: 4ms, application-code: 6ms)
 GET /api/chat/messages 200 in 5ms (next.js: 1.9ms, application-code: 3ms)
 GET /api/chat/messages 200 in 5ms (next.js: 1.8ms, application-code: 3ms)
 GET /api/chat/messages 200 in 6ms (next.js: 2ms, application-code: 4ms)
 GET /driver/reports 200 in 164ms (next.js: 139ms, application-code: 25ms)
 GET /api/chat/messages 200 in 8ms (next.js: 2ms, application-code: 6ms)
 GET /api/chat/messages 200 in 11ms (next.js: 4ms, application-code: 7ms)
 GET /driver/sales 200 in 151ms (next.js: 116ms, application-code: 35ms)
 GET /api/chat/messages 200 in 9ms (next.js: 3ms, application-code: 7ms)
 GET /api/chat/messages 200 in 5ms (next.js: 2.0ms, application-code: 3ms)
 GET /api/chat/messages 200 in 6ms (next.js: 2ms, application-code: 4ms)
 GET /api/chat/messages 200 in 6ms (next.js: 2ms, application-code: 3ms)
 GET /api/chat/messages 200 in 6ms (next.js: 2ms, application-code: 4ms)
 GET /api/chat/messages 200 in 6ms (next.js: 2ms, application-code: 3ms)
 GET /api/chat/messages 200 in 9ms (next.js: 2ms, application-code: 7ms)
 GET /driver/sales 200 in 31ms (next.js: 9ms, application-code: 22ms)
 GET /api/chat/messages 200 in 7ms (next.js: 3ms, application-code: 3ms)
 GET /api/chat/messages 200 in 7ms (next.js: 2ms, application-code: 5ms)
 GET /api/chat/messages 200 in 14ms (next.js: 3ms, application-code: 11ms)
 GET /driver/chat 200 in 142ms (next.js: 111ms, application-code: 31ms)
 GET /api/chat/messages 200 in 9ms (next.js: 3ms, application-code: 6ms)
 GET /api/chat/messages 200 in 5ms (next.js: 1.8ms, application-code: 3ms)
 GET /api/chat/messages 200 in 10ms (next.js: 5ms, application-code: 5ms)
 GET /api/chat/messages 200 in 5ms (next.js: 1.8ms, application-code: 3ms)
 GET /api/chat/messages 200 in 5ms (next.js: 1.9ms, application-code: 3ms)
 GET /api/chat/messages 200 in 6ms (next.js: 3ms, application-code: 3ms)
 GET /api/chat/messages 200 in 6ms (next.js: 1.8ms, application-code: 4ms)
 GET /api/chat/messages 200 in 5ms (next.js: 2.0ms, application-code: 3ms)
 GET /api/chat/messages 200 in 5ms (next.js: 1.8ms, application-code: 3ms)
 GET /api/chat/messages 200 in 5ms (next.js: 1.7ms, application-code: 3ms)
 GET /api/chat/messages 200 in 7ms (next.js: 1.8ms, application-code: 5ms)
 GET /api/chat/messages 200 in 6ms (next.js: 2ms, application-code: 3ms)
 GET /api/chat/messages 200 in 7ms (next.js: 1.9ms, application-code: 6ms)
 GET /api/chat/messages 200 in 8ms (next.js: 5ms, application-code: 3ms)
 GET /api/chat/messages 200 in 6ms (next.js: 1.8ms, application-code: 4ms)
 GET /api/chat/messages 200 in 5ms (next.js: 1.8ms, application-code: 3ms)
 GET /api/chat/messages 200 in 8ms (next.js: 3ms, application-code: 5ms)
 GET /api/chat/messages 200 in 6ms (next.js: 2ms, application-code: 4ms)
 GET /api/chat/messages 200 in 7ms (next.js: 4ms, application-code: 3ms)
 GET /api/chat/messages 200 in 6ms (next.js: 2ms, application-code: 4ms)
 GET /api/chat/messages 200 in 6ms (next.js: 1.9ms, application-code: 4ms)
 GET /api/chat/messages 200 in 6ms (next.js: 3ms, application-code: 3ms)
 GET /api/chat/messages 200 in 5ms (next.js: 1.9ms, application-code: 3ms)
 GET /api/chat/messages 200 in 5ms (next.js: 1.8ms, application-code: 3ms)
 GET /api/chat/messages 200 in 10ms (next.js: 1.8ms, application-code: 8ms)
 GET /api/chat/messages 200 in 5ms (next.js: 2ms, application-code: 3ms)
 GET /api/chat/messages 200 in 5ms (next.js: 1.8ms, application-code: 3ms)
 GET /driver/chat 200 in 25ms (next.js: 4ms, application-code: 21ms)
 GET /api/chat/messages 200 in 23ms (next.js: 9ms, application-code: 15ms)
 GET /api/chat/messages 200 in 7ms (next.js: 3ms, application-code: 4ms)
 GET /api/chat/messages 200 in 6ms (next.js: 2ms, application-code: 4ms)
 GET /api/chat/messages 200 in 6ms (next.js: 2ms, application-code: 3ms)
 GET /api/chat/messages 200 in 5ms (next.js: 2ms, application-code: 3ms)
 GET /api/chat/messages 200 in 5ms (next.js: 1.9ms, application-code: 3ms)
 GET /api/chat/messages 200 in 6ms (next.js: 2.0ms, application-code: 4ms)
 GET /api/chat/messages 200 in 17ms (next.js: 14ms, application-code: 3ms)
 GET /api/chat/messages 200 in 20ms (next.js: 7ms, application-code: 14ms)
 GET /api/chat/messages 200 in 5ms (next.js: 1.8ms, application-code: 3ms)
 GET /api/chat/messages 200 in 6ms (next.js: 2ms, application-code: 4ms)
 GET /api/chat/messages 200 in 6ms (next.js: 2.0ms, application-code: 4ms)
 GET /api/chat/messages 200 in 5ms (next.js: 2ms, application-code: 3ms)
 GET /api/chat/messages 200 in 14ms (next.js: 9ms, application-code: 5ms)
 GET /api/chat/messages 200 in 5ms (next.js: 1.9ms, application-code: 3ms)
 GET /api/chat/messages 200 in 5ms (next.js: 2.0ms, application-code: 3ms)
 GET /api/chat/messages 200 in 5ms (next.js: 1.9ms, application-code: 3ms)
 GET /api/chat/messages 200 in 13ms (next.js: 10ms, application-code: 3ms)
 GET /api/chat/messages 200 in 5ms (next.js: 1.9ms, application-code: 3ms)
 GET /api/chat/messages 200 in 9ms (next.js: 6ms, application-code: 4ms)
 GET /api/chat/messages 200 in 6ms (next.js: 2ms, application-code: 4ms)
 GET /api/chat/messages 200 in 16ms (next.js: 2ms, application-code: 14ms)
 GET /api/chat/messages 200 in 5ms (next.js: 2ms, application-code: 3ms)
 GET /api/chat/messages 200 in 6ms (next.js: 3ms, application-code: 3ms)
 GET /api/chat/messages 200 in 5ms (next.js: 1.9ms, application-code: 3ms)
 GET /api/chat/messages 200 in 5ms (next.js: 1.8ms, application-code: 3ms)
 GET /api/chat/messages 200 in 5ms (next.js: 1.9ms, application-code: 3ms)
 GET /api/chat/messages 200 in 5ms (next.js: 1.9ms, application-code: 3ms)
 GET /api/chat/messages 200 in 5ms (next.js: 1.8ms, application-code: 3ms)
 GET /api/chat/messages 200 in 5ms (next.js: 1.8ms, application-code: 3ms)
 GET /api/chat/messages 200 in 5ms (next.js: 1.9ms, application-code: 3ms)
 GET /api/chat/messages 200 in 6ms (next.js: 1.9ms, application-code: 4ms)
 GET /api/chat/messages 200 in 5ms (next.js: 1.9ms, application-code: 3ms)
 GET /api/chat/messages 200 in 9ms (next.js: 3ms, application-code: 6ms)
 GET /api/chat/messages 200 in 4ms (next.js: 1.7ms, application-code: 3ms)
 GET /api/chat/messages 200 in 6ms (next.js: 1.9ms, application-code: 4ms)
 GET /api/chat/messages 200 in 4ms (next.js: 1.7ms, application-code: 3ms)
 GET /api/chat/messages 200 in 9ms (next.js: 3ms, application-code: 6ms)
 GET /api/chat/messages 200 in 7ms (next.js: 3ms, application-code: 4ms)
 GET /api/chat/messages 200 in 8ms (next.js: 2ms, application-code: 6ms)
 GET /api/chat/messages 200 in 5ms (next.js: 1.9ms, application-code: 3ms)
 GET /api/chat/messages 200 in 6ms (next.js: 2ms, application-code: 4ms)
 GET /api/chat/messages 200 in 5ms (next.js: 1.9ms, application-code: 3ms)
 GET /api/chat/messages 200 in 5ms (next.js: 1.8ms, application-code: 3ms)
 GET /api/chat/messages 200 in 8ms (next.js: 3ms, application-code: 5ms)
 GET /api/chat/messages 200 in 5ms (next.js: 1.9ms, application-code: 3ms)
 GET /api/chat/messages 200 in 5ms (next.js: 2ms, application-code: 3ms)
 GET /api/chat/messages 200 in 5ms (next.js: 1.9ms, application-code: 3ms)
 GET /api/chat/messages 200 in 6ms (next.js: 2ms, application-code: 4ms)
 GET /api/chat/messages 200 in 5ms (next.js: 1.9ms, application-code: 3ms)
 POST /api/chat/messages 200 in 21ms (next.js: 3ms, application-code: 18ms)
 GET /api/chat/messages 200 in 6ms (next.js: 1.8ms, application-code: 4ms)
 GET /api/chat/messages 200 in 6ms (next.js: 2ms, application-code: 3ms)
 GET /api/chat/messages 200 in 7ms (next.js: 2ms, application-code: 5ms)
 GET /api/chat/messages 200 in 6ms (next.js: 2ms, application-code: 4ms)
 GET /api/chat/messages 200 in 5ms (next.js: 1.8ms, application-code: 3ms)
 GET /api/chat/messages 200 in 5ms (next.js: 2.0ms, application-code: 3ms)
 GET /api/chat/messages 200 in 5ms (next.js: 2ms, application-code: 3ms)
 GET /api/chat/messages 200 in 6ms (next.js: 2ms, application-code: 4ms)
 GET /api/chat/messages 200 in 6ms (next.js: 2ms, application-code: 4ms)
 GET /api/chat/messages 200 in 5ms (next.js: 2ms, application-code: 3ms)
 GET /api/chat/messages 200 in 5ms (next.js: 1.9ms, application-code: 3ms)
 GET /api/chat/messages 200 in 7ms (next.js: 3ms, application-code: 4ms)
 GET /api/chat/messages 200 in 6ms (next.js: 1.9ms, application-code: 4ms)
 GET /api/chat/messages 200 in 6ms (next.js: 2ms, application-code: 3ms)
 GET /api/chat/messages 200 in 5ms (next.js: 1.9ms, application-code: 3ms)
 GET /api/chat/messages 200 in 5ms (next.js: 1.8ms, application-code: 3ms)
 GET /api/chat/messages 200 in 5ms (next.js: 1.9ms, application-code: 3ms)
 GET /api/chat/messages 200 in 5ms (next.js: 1.9ms, application-code: 3ms)
 GET /api/chat/messages 200 in 5ms (next.js: 2ms, application-code: 3ms)
 GET /api/chat/messages 200 in 5ms (next.js: 2.0ms, application-code: 3ms)
 GET /api/chat/messages 200 in 5ms (next.js: 2ms, application-code: 3ms)
 GET /api/chat/messages 200 in 6ms (next.js: 3ms, application-code: 3ms)
 GET /api/chat/messages 200 in 6ms (next.js: 1.9ms, application-code: 4ms)
 GET /api/chat/messages 200 in 5ms (next.js: 1.9ms, application-code: 3ms)
 GET /api/chat/messages 200 in 6ms (next.js: 2ms, application-code: 4ms)
 GET /api/chat/messages 200 in 6ms (next.js: 2ms, application-code: 4ms)
 GET /api/chat/messages 200 in 5ms (next.js: 2ms, application-code: 3ms)
 GET /api/chat/messages 200 in 6ms (next.js: 2ms, application-code: 4ms)
 GET /api/chat/messages 200 in 5ms (next.js: 2ms, application-code: 3ms)
 GET /api/chat/messages 200 in 5ms (next.js: 2.0ms, application-code: 3ms)
 GET /api/chat/messages 200 in 5ms (next.js: 1.9ms, application-code: 3ms)
 GET /api/chat/messages 200 in 6ms (next.js: 1.9ms, application-code: 4ms)
 GET /api/chat/messages 200 in 6ms (next.js: 2ms, application-code: 4ms)
 GET /api/chat/messages 200 in 5ms (next.js: 1.9ms, application-code: 3ms)
 GET /api/chat/messages 200 in 6ms (next.js: 1.9ms, application-code: 4ms)
 GET /api/chat/messages 200 in 5ms (next.js: 1.9ms, application-code: 3ms)
 GET /api/chat/messages 200 in 5ms (next.js: 1.9ms, application-code: 3ms)
 GET /api/chat/messages 200 in 5ms (next.js: 1.9ms, application-code: 3ms)
 GET /api/chat/messages 200 in 5ms (next.js: 2.0ms, application-code: 3ms)
 GET /api/chat/messages 200 in 5ms (next.js: 1.9ms, application-code: 3ms)
 GET /api/chat/messages 200 in 5ms (next.js: 1.8ms, application-code: 3ms)
 GET /api/chat/messages 200 in 5ms (next.js: 1.7ms, application-code: 3ms)
 GET /api/chat/messages 200 in 5ms (next.js: 1.9ms, application-code: 3ms)
 GET /api/chat/messages 200 in 5ms (next.js: 1.9ms, application-code: 3ms)
 GET /api/chat/messages 200 in 5ms (next.js: 2ms, application-code: 3ms)
 GET /api/chat/messages 200 in 5ms (next.js: 1.9ms, application-code: 3ms)
 GET /api/chat/messages 200 in 8ms (next.js: 2ms, application-code: 5ms)
 GET /api/chat/messages 200 in 6ms (next.js: 2ms, application-code: 3ms)
 GET /api/chat/messages 200 in 5ms (next.js: 2ms, application-code: 3ms)
 GET /api/chat/messages 200 in 5ms (next.js: 2ms, application-code: 3ms)
 GET /api/chat/messages 200 in 5ms (next.js: 2ms, application-code: 3ms)
 GET /api/chat/messages 200 in 5ms (next.js: 2ms, application-code: 3ms)
 GET /api/chat/messages 200 in 5ms (next.js: 2ms, application-code: 3ms)
 GET /api/chat/messages 200 in 5ms (next.js: 1.9ms, application-code: 3ms)
 GET /api/chat/messages 200 in 5ms (next.js: 1.8ms, application-code: 3ms)
 GET /api/chat/messages 200 in 5ms (next.js: 1.8ms, application-code: 3ms)
 GET /api/chat/messages 200 in 5ms (next.js: 1.9ms, application-code: 3ms)
 GET /api/chat/messages 200 in 5ms (next.js: 2ms, application-code: 3ms)
 GET /api/chat/messages 200 in 5ms (next.js: 1.8ms, application-code: 3ms)
 GET /api/chat/messages 200 in 5ms (next.js: 1.8ms, application-code: 3ms)
 GET /api/chat/messages 200 in 5ms (next.js: 2ms, application-code: 3ms)
 GET /api/chat/messages 200 in 5ms (next.js: 1.8ms, application-code: 3ms)
 GET /api/chat/messages 200 in 5ms (next.js: 2ms, application-code: 3ms)
 GET /api/chat/messages 200 in 6ms (next.js: 1.8ms, application-code: 5ms)
 GET /api/chat/messages 200 in 5ms (next.js: 1.8ms, application-code: 3ms)
 GET /api/chat/messages 200 in 5ms (next.js: 1.9ms, application-code: 3ms)
 GET /api/chat/messages 200 in 4ms (next.js: 1.7ms, application-code: 3ms)
 GET /api/chat/messages 200 in 7ms (next.js: 3ms, application-code: 4ms)
 GET /api/chat/messages 200 in 5ms (next.js: 1.8ms, application-code: 3ms)
 GET /api/chat/messages 200 in 5ms (next.js: 1.9ms, application-code: 3ms)
 GET /api/chat/messages 200 in 5ms (next.js: 2ms, application-code: 3ms)
 GET /api/chat/messages 200 in 5ms (next.js: 2ms, application-code: 3ms)
 GET /api/chat/messages 200 in 5ms (next.js: 1.8ms, application-code: 3ms)
 GET /api/chat/messages 200 in 5ms (next.js: 1.8ms, application-code: 3ms)
 GET /api/chat/messages 200 in 5ms (next.js: 2ms, application-code: 3ms)
 GET /api/chat/messages 200 in 5ms (next.js: 2ms, application-code: 3ms)
 GET /api/chat/messages 200 in 7ms (next.js: 2ms, application-code: 4ms)
 GET /api/chat/messages 200 in 6ms (next.js: 2ms, application-code: 4ms)
 GET /api/chat/messages 200 in 5ms (next.js: 1.8ms, application-code: 3ms)
 GET /api/chat/messages 200 in 5ms (next.js: 2.0ms, application-code: 3ms)
 GET /api/chat/messages 200 in 5ms (next.js: 1.9ms, application-code: 3ms)
 GET /api/chat/messages 200 in 5ms (next.js: 1.9ms, application-code: 3ms)
 GET /api/chat/messages 200 in 5ms (next.js: 1.9ms, application-code: 3ms)
 GET /api/chat/messages 200 in 5ms (next.js: 1.8ms, application-code: 3ms)
 GET /api/chat/messages 200 in 5ms (next.js: 2ms, application-code: 3ms)
 GET /api/chat/messages 200 in 5ms (next.js: 1.9ms, application-code: 3ms)
 GET /api/chat/messages 200 in 5ms (next.js: 1.8ms, application-code: 3ms)
 GET /api/chat/messages 200 in 5ms (next.js: 2.0ms, application-code: 3ms)
 GET /api/chat/messages 200 in 5ms (next.js: 1.8ms, application-code: 3ms)
 GET /api/chat/messages 200 in 5ms (next.js: 1.9ms, application-code: 3ms)
 GET /api/chat/messages 200 in 5ms (next.js: 1.9ms, application-code: 3ms)
 GET /api/chat/messages 200 in 5ms (next.js: 1.9ms, application-code: 3ms)
 GET /api/chat/messages 200 in 5ms (next.js: 2ms, application-code: 3ms)
 GET /api/chat/messages 200 in 5ms (next.js: 2ms, application-code: 3ms)
 GET /api/chat/messages 200 in 6ms (next.js: 2ms, application-code: 4ms)
 GET /api/chat/messages 200 in 6ms (next.js: 2ms, application-code: 4ms)
 GET /api/chat/messages 200 in 5ms (next.js: 2ms, application-code: 3ms)
 GET /api/chat/messages 200 in 5ms (next.js: 1.9ms, application-code: 3ms)
 GET /api/chat/messages 200 in 5ms (next.js: 2ms, application-code: 3ms)
 GET /api/chat/messages 200 in 5ms (next.js: 2ms, application-code: 3ms)
 GET /api/chat/messages 200 in 5ms (next.js: 2ms, application-code: 3ms)
 GET /api/chat/messages 200 in 9ms (next.js: 6ms, application-code: 3ms)
 GET /api/chat/messages 200 in 5ms (next.js: 1.9ms, application-code: 3ms)
 GET /api/chat/messages 200 in 4ms (next.js: 1.8ms, application-code: 3ms)
 GET /api/chat/messages 200 in 5ms (next.js: 1.9ms, application-code: 3ms)
 GET /api/chat/messages 200 in 4ms (next.js: 1.8ms, application-code: 3ms)
 GET /api/chat/messages 200 in 5ms (next.js: 1.9ms, application-code: 3ms)
 GET /api/chat/messages 200 in 4ms (next.js: 1.7ms, application-code: 3ms)
 GET /api/chat/messages 200 in 5ms (next.js: 1.9ms, application-code: 3ms)
 GET /api/chat/messages 200 in 5ms (next.js: 2ms, application-code: 3ms)
 GET /api/chat/messages 200 in 5ms (next.js: 1.9ms, application-code: 3ms)
 GET /api/chat/messages 200 in 5ms (next.js: 1.9ms, application-code: 3ms)
 GET /api/chat/messages 200 in 6ms (next.js: 2ms, application-code: 3ms)
 GET /api/chat/messages 200 in 5ms (next.js: 2.0ms, application-code: 3ms)
 GET /api/chat/messages 200 in 5ms (next.js: 2ms, application-code: 3ms)
 GET /api/chat/messages 200 in 5ms (next.js: 2ms, application-code: 3ms)
 GET /api/chat/messages 200 in 5ms (next.js: 2ms, application-code: 3ms)
 GET /api/chat/messages 200 in 5ms (next.js: 2ms, application-code: 3ms)
 GET /api/chat/messages 200 in 5ms (next.js: 2.0ms, application-code: 4ms)
 GET /api/chat/messages 200 in 6ms (next.js: 2ms, application-code: 4ms)
 GET /api/chat/messages 200 in 5ms (next.js: 1.9ms, application-code: 3ms)
 GET /api/chat/messages 200 in 7ms (next.js: 1.8ms, application-code: 5ms)
 GET /api/chat/messages 200 in 5ms (next.js: 2ms, application-code: 3ms)
 GET /api/chat/messages 200 in 5ms (next.js: 2.0ms, application-code: 3ms)
 GET /api/chat/messages 200 in 5ms (next.js: 2.0ms, application-code: 3ms)
 GET /api/chat/messages 200 in 5ms (next.js: 1.9ms, application-code: 3ms)
 GET /api/chat/messages 200 in 5ms (next.js: 1.9ms, application-code: 3ms)
 GET /api/chat/messages 200 in 5ms (next.js: 1.8ms, application-code: 3ms)
 GET /api/chat/messages 200 in 5ms (next.js: 2ms, application-code: 3ms)
 GET /api/chat/messages 200 in 5ms (next.js: 1.9ms, application-code: 3ms)
 GET /api/chat/messages 200 in 5ms (next.js: 1.9ms, application-code: 3ms)
 GET /api/chat/messages 200 in 5ms (next.js: 2ms, application-code: 3ms)
 GET /api/chat/messages 200 in 5ms (next.js: 1.9ms, application-code: 3ms)
 GET /api/chat/messages 200 in 5ms (next.js: 1.9ms, application-code: 3ms)
 GET /api/chat/messages 200 in 5ms (next.js: 1.9ms, application-code: 3ms)
 GET /api/chat/messages 200 in 5ms (next.js: 2.0ms, application-code: 3ms)
 GET /api/chat/messages 200 in 6ms (next.js: 2ms, application-code: 3ms)
 GET /api/chat/messages 200 in 5ms (next.js: 1.9ms, application-code: 3ms)
 GET /api/chat/messages 200 in 6ms (next.js: 2ms, application-code: 3ms)
 GET /api/chat/messages 200 in 5ms (next.js: 2ms, application-code: 3ms)
 GET /api/chat/messages 200 in 5ms (next.js: 1.8ms, application-code: 3ms)
 GET /api/chat/messages 200 in 5ms (next.js: 1.9ms, application-code: 3ms)
 GET /api/chat/messages 200 in 5ms (next.js: 1.9ms, application-code: 3ms)
 GET /api/chat/messages 200 in 5ms (next.js: 1.8ms, application-code: 3ms)
 GET /api/chat/messages 200 in 5ms (next.js: 2.0ms, application-code: 3ms)
 GET /api/chat/messages 200 in 6ms (next.js: 2ms, application-code: 4ms)
 GET /api/chat/messages 200 in 5ms (next.js: 1.8ms, application-code: 3ms)
 GET /api/chat/messages 200 in 8ms (next.js: 4ms, application-code: 4ms)
 GET /api/chat/messages 200 in 5ms (next.js: 1.8ms, application-code: 3ms)
 GET /api/chat/messages 200 in 4ms (next.js: 1.7ms, application-code: 3ms)
 GET /api/chat/messages 200 in 5ms (next.js: 2ms, application-code: 3ms)
 GET /api/chat/messages 200 in 5ms (next.js: 1.9ms, application-code: 3ms)
 GET /api/chat/messages 200 in 5ms (next.js: 1.9ms, application-code: 3ms)
 GET /api/chat/messages 200 in 5ms (next.js: 2.0ms, application-code: 3ms)
 GET /api/chat/messages 200 in 5ms (next.js: 1.9ms, application-code: 3ms)
 GET /api/chat/messages 200 in 4ms (next.js: 1.8ms, application-code: 3ms)
 GET /api/chat/messages 200 in 5ms (next.js: 1.9ms, application-code: 3ms)
 GET /api/chat/messages 200 in 5ms (next.js: 1.9ms, application-code: 3ms)
 GET /api/chat/messages 200 in 6ms (next.js: 2.0ms, application-code: 4ms)
 GET /api/chat/messages 200 in 5ms (next.js: 1.8ms, application-code: 3ms)
 GET /api/chat/messages 200 in 5ms (next.js: 1.8ms, application-code: 3ms)
 GET /api/chat/messages 200 in 6ms (next.js: 2ms, application-code: 4ms)
 GET /api/chat/messages 200 in 10ms (next.js: 4ms, application-code: 6ms)
 GET /api/chat/messages 200 in 6ms (next.js: 2ms, application-code: 4ms)
 GET /api/chat/messages 200 in 7ms (next.js: 2ms, application-code: 5ms)
 GET /api/chat/messages 200 in 6ms (next.js: 2ms, application-code: 4ms)
 GET /api/chat/messages 200 in 6ms (next.js: 2ms, application-code: 3ms)
 GET /api/chat/messages 200 in 5ms (next.js: 1.9ms, application-code: 3ms)
 GET /api/chat/messages 200 in 7ms (next.js: 3ms, application-code: 4ms)
 GET /api/chat/messages 200 in 6ms (next.js: 2ms, application-code: 4ms)
 GET /api/chat/messages 200 in 5ms (next.js: 1.9ms, application-code: 3ms)
 GET /api/chat/messages 200 in 6ms (next.js: 2ms, application-code: 3ms)
 GET /api/chat/messages 200 in 5ms (next.js: 1.9ms, application-code: 3ms)
 GET /api/chat/messages 200 in 5ms (next.js: 1.9ms, application-code: 3ms)
 GET /api/chat/messages 200 in 5ms (next.js: 1.9ms, application-code: 3ms)
 GET /api/chat/messages 200 in 5ms (next.js: 2ms, application-code: 3ms)
 GET /api/chat/messages 200 in 5ms (next.js: 1.9ms, application-code: 3ms)
 GET /api/chat/messages 200 in 5ms (next.js: 2ms, application-code: 3ms)
 GET /api/chat/messages 200 in 5ms (next.js: 2.0ms, application-code: 3ms)
 GET /api/chat/messages 200 in 6ms (next.js: 2ms, application-code: 4ms)
 GET /api/chat/messages 200 in 5ms (next.js: 1.8ms, application-code: 3ms)
 GET /api/chat/messages 200 in 5ms (next.js: 2ms, application-code: 3ms)
 GET /api/chat/messages 200 in 5ms (next.js: 2.0ms, application-code: 3ms)
 GET /api/chat/messages 200 in 5ms (next.js: 2.0ms, application-code: 4ms)
 GET /api/chat/messages 200 in 5ms (next.js: 2ms, application-code: 3ms)
 GET /api/chat/messages 200 in 5ms (next.js: 1.8ms, application-code: 3ms)
 GET /api/chat/messages 200 in 9ms (next.js: 4ms, application-code: 5ms)
 GET /api/chat/messages 200 in 7ms (next.js: 4ms, application-code: 3ms)
 GET / 200 in 34ms (next.js: 5ms, application-code: 29ms)
 GET /admin 200 in 101ms (next.js: 15ms, application-code: 85ms)
 GET /api/chat/messages 200 in 8ms (next.js: 3ms, application-code: 5ms)
 GET /api/chat/messages 200 in 5ms (next.js: 1.7ms, application-code: 4ms)
 GET /api/chat/messages 200 in 8ms (next.js: 3ms, application-code: 6ms)
 GET /api/chat/messages 200 in 5ms (next.js: 1.9ms, application-code: 3ms)
 GET /api/chat/messages 200 in 5ms (next.js: 2ms, application-code: 3ms)
 GET /api/chat/messages 200 in 7ms (next.js: 1.7ms, application-code: 5ms)
 GET /api/chat/messages 200 in 7ms (next.js: 1.8ms, application-code: 5ms)
 GET /api/chat/messages 200 in 6ms (next.js: 3ms, application-code: 4ms)
 GET /api/chat/messages 200 in 5ms (next.js: 1.9ms, application-code: 3ms)
 GET /api/chat/messages 200 in 5ms (next.js: 2ms, application-code: 3ms)
 GET /api/chat/messages 200 in 5ms (next.js: 1.8ms, application-code: 3ms)
 GET /api/chat/messages 200 in 7ms (next.js: 4ms, application-code: 3ms)
 GET /api/chat/messages 200 in 7ms (next.js: 2ms, application-code: 5ms)
 GET /api/chat/messages 200 in 7ms (next.js: 3ms, application-code: 4ms)
 GET /api/chat/messages 200 in 6ms (next.js: 2ms, application-code: 4ms)
 GET /api/chat/messages 200 in 5ms (next.js: 2ms, application-code: 3ms)
 GET /admin/chat 200 in 133ms (next.js: 107ms, application-code: 25ms)
 GET /api/chat/messages 200 in 37ms (next.js: 2ms, application-code: 35ms)
 POST /api/chat/messages 200 in 13ms (next.js: 6ms, application-code: 7ms)
 PATCH /api/chat/messages 200 in 33ms (next.js: 16ms, application-code: 16ms)
 POST /api/chat/messages 200 in 10ms (next.js: 3ms, application-code: 7ms)
 PATCH /api/chat/messages 200 in 6ms (next.js: 2ms, application-code: 4ms)
 GET /api/chat/messages 200 in 13ms (next.js: 9ms, application-code: 4ms)
 GET /api/chat/messages 200 in 41ms (next.js: 28ms, application-code: 13ms)
 GET /api/chat/messages 200 in 5ms (next.js: 2ms, application-code: 3ms)
 GET /api/chat/messages 200 in 8ms (next.js: 1.8ms, application-code: 6ms)
 GET /api/chat/messages 200 in 5ms (next.js: 1.8ms, application-code: 3ms)
 GET /api/chat/messages 200 in 5ms (next.js: 1.8ms, application-code: 3ms)
 GET /api/chat/messages 200 in 5ms (next.js: 1.9ms, application-code: 3ms)
 GET /api/chat/messages 200 in 11ms (next.js: 1.9ms, application-code: 9ms)
 GET /api/chat/messages 200 in 5ms (next.js: 1.9ms, application-code: 3ms)
 GET /api/chat/messages 200 in 7ms (next.js: 2ms, application-code: 5ms)
 GET /api/chat/messages 200 in 5ms (next.js: 1.8ms, application-code: 3ms)
 GET /api/chat/messages 200 in 5ms (next.js: 2ms, application-code: 3ms)
 GET /api/chat/messages 200 in 5ms (next.js: 2ms, application-code: 3ms)
 GET /api/chat/messages 200 in 5ms (next.js: 2ms, application-code: 3ms)
 GET /api/chat/messages 200 in 5ms (next.js: 2ms, application-code: 3ms)
 GET /api/chat/messages 200 in 5ms (next.js: 2.0ms, application-code: 3ms)
 GET /api/chat/messages 200 in 5ms (next.js: 2ms, application-code: 3ms)
 GET /api/chat/messages 200 in 8ms (next.js: 5ms, application-code: 3ms)
 GET /api/chat/messages 200 in 4ms (next.js: 1.8ms, application-code: 3ms)
 GET /api/chat/messages 200 in 5ms (next.js: 1.9ms, application-code: 3ms)
 GET /api/chat/messages 200 in 5ms (next.js: 2ms, application-code: 3ms)
 GET /api/chat/messages 200 in 6ms (next.js: 1.9ms, application-code: 4ms)
 GET /api/chat/messages 200 in 5ms (next.js: 1.9ms, application-code: 3ms)
 GET /api/chat/messages 200 in 8ms (next.js: 4ms, application-code: 4ms)
 GET /api/chat/messages 200 in 6ms (next.js: 3ms, application-code: 4ms)
 GET /api/chat/messages 200 in 6ms (next.js: 2ms, application-code: 4ms)
 GET /api/chat/messages 200 in 5ms (next.js: 2ms, application-code: 3ms)
 GET /api/chat/messages 200 in 5ms (next.js: 1.9ms, application-code: 3ms)
 GET /api/chat/messages 200 in 41ms (next.js: 11ms, application-code: 30ms)
 GET /api/chat/messages 200 in 8ms (next.js: 2ms, application-code: 6ms)
 GET /api/chat/messages 200 in 8ms (next.js: 3ms, application-code: 5ms)
 GET /api/chat/messages 200 in 52ms (next.js: 38ms, application-code: 13ms)
 GET /api/chat/messages 200 in 112ms (next.js: 35ms, application-code: 77ms)
 GET /api/chat/messages 200 in 16ms (next.js: 12ms, application-code: 4ms)
 GET /api/chat/messages 200 in 6ms (next.js: 3ms, application-code: 3ms)
 GET /api/chat/messages 200 in 5ms (next.js: 1.9ms, application-code: 3ms)
 GET /api/chat/messages 200 in 6ms (next.js: 3ms, application-code: 3ms)
 GET /api/chat/messages 200 in 5ms (next.js: 2ms, application-code: 3ms)
 GET /api/chat/messages 200 in 5ms (next.js: 2ms, application-code: 3ms)
 GET /api/chat/messages 200 in 7ms (next.js: 3ms, application-code: 4ms)
 GET /api/chat/messages 200 in 7ms (next.js: 3ms, application-code: 3ms)
 GET /api/chat/messages 200 in 6ms (next.js: 1.8ms, application-code: 4ms)
 GET /api/chat/messages 200 in 5ms (next.js: 2ms, application-code: 3ms)
 GET /api/chat/messages 200 in 6ms (next.js: 1.7ms, application-code: 4ms)
 GET /api/chat/messages 200 in 6ms (next.js: 1.9ms, application-code: 4ms)
 GET /api/chat/messages 200 in 8ms (next.js: 2ms, application-code: 5ms)
 GET /api/chat/messages 200 in 6ms (next.js: 1.7ms, application-code: 4ms)
 GET /api/chat/messages 200 in 6ms (next.js: 3ms, application-code: 3ms)
 GET /api/chat/messages 200 in 6ms (next.js: 2ms, application-code: 4ms)
 GET /api/chat/messages 200 in 7ms (next.js: 1.8ms, application-code: 5ms)
 GET /api/chat/messages 200 in 5ms (next.js: 1.7ms, application-code: 3ms)
 GET /api/chat/messages 200 in 5ms (next.js: 1.7ms, application-code: 4ms)
 GET /api/chat/messages 200 in 5ms (next.js: 1.9ms, application-code: 3ms)
 GET /api/chat/messages 200 in 10ms (next.js: 7ms, application-code: 3ms)
 GET /api/chat/messages 200 in 7ms (next.js: 4ms, application-code: 3ms)
 GET /api/chat/messages 200 in 13ms (next.js: 3ms, application-code: 10ms)
 GET /api/chat/messages 200 in 5ms (next.js: 2.0ms, application-code: 3ms)
 GET /api/chat/messages 200 in 6ms (next.js: 2ms, application-code: 4ms)
 GET /api/chat/messages 200 in 5ms (next.js: 1.9ms, application-code: 3ms)
 GET /api/chat/messages 200 in 6ms (next.js: 1.9ms, application-code: 4ms)
 GET /api/chat/messages 200 in 5ms (next.js: 1.9ms, application-code: 3ms)
 GET /api/chat/messages 200 in 5ms (next.js: 2ms, application-code: 3ms)
 POST /api/chat/messages 200 in 10ms (next.js: 4ms, application-code: 6ms)
 GET /api/chat/messages 200 in 5ms (next.js: 1.9ms, application-code: 3ms)
 GET /api/chat/messages 200 in 5ms (next.js: 2ms, application-code: 3ms)
 GET /api/chat/messages 200 in 8ms (next.js: 4ms, application-code: 4ms)
 GET /api/chat/messages 200 in 5ms (next.js: 2ms, application-code: 3ms)
 GET /api/chat/messages 200 in 7ms (next.js: 2.0ms, application-code: 5ms)
 GET /api/chat/messages 200 in 6ms (next.js: 2ms, application-code: 3ms)
 GET /api/chat/messages 200 in 6ms (next.js: 1.9ms, application-code: 4ms)
 GET /api/chat/messages 200 in 14ms (next.js: 5ms, application-code: 8ms)
 GET / 200 in 33ms (next.js: 7ms, application-code: 26ms)
 GET /driver 200 in 57ms (next.js: 22ms, application-code: 35ms)
 GET /api/chat/messages 200 in 11ms (next.js: 2ms, application-code: 9ms)
 GET /api/chat/messages 200 in 5ms (next.js: 2ms, application-code: 3ms)
 GET /api/chat/messages 200 in 5ms (next.js: 2ms, application-code: 3ms)
 GET /api/chat/messages 200 in 24ms (next.js: 10ms, application-code: 14ms)
 GET /api/chat/messages 200 in 7ms (next.js: 1.8ms, application-code: 5ms)
 GET /api/chat/messages 200 in 8ms (next.js: 2ms, application-code: 6ms)
 GET /api/chat/messages 200 in 5ms (next.js: 2ms, application-code: 3ms)
 GET /api/chat/messages 200 in 6ms (next.js: 3ms, application-code: 4ms)
 GET /api/chat/messages 200 in 6ms (next.js: 3ms, application-code: 3ms)
 GET /api/chat/messages 200 in 7ms (next.js: 1.9ms, application-code: 5ms)
 GET /api/chat/messages 200 in 5ms (next.js: 2ms, application-code: 3ms)
 GET /api/chat/messages 200 in 6ms (next.js: 2ms, application-code: 4ms)
 GET /api/chat/messages 200 in 7ms (next.js: 3ms, application-code: 3ms)
 GET /api/chat/messages 200 in 6ms (next.js: 3ms, application-code: 3ms)
 GET /api/chat/messages 200 in 6ms (next.js: 1.9ms, application-code: 4ms)
 GET /api/chat/messages 200 in 5ms (next.js: 2ms, application-code: 3ms)
 GET /api/chat/messages 200 in 6ms (next.js: 1.9ms, application-code: 4ms)
 GET /api/chat/messages 200 in 6ms (next.js: 3ms, application-code: 3ms)
 GET /api/chat/messages 200 in 6ms (next.js: 3ms, application-code: 3ms)
 GET /api/chat/messages 200 in 7ms (next.js: 3ms, application-code: 4ms)
 GET /api/chat/messages 200 in 6ms (next.js: 2ms, application-code: 3ms)
 GET /api/chat/messages 200 in 5ms (next.js: 2ms, application-code: 3ms)
 GET /api/chat/messages 200 in 6ms (next.js: 3ms, application-code: 3ms)
 GET /api/chat/messages 200 in 7ms (next.js: 3ms, application-code: 3ms)
 GET /api/chat/messages 200 in 6ms (next.js: 1.9ms, application-code: 4ms)
 GET /api/chat/messages 200 in 5ms (next.js: 1.8ms, application-code: 4ms)
 GET /api/chat/messages 200 in 6ms (next.js: 2ms, application-code: 4ms)
 GET /api/chat/messages 200 in 5ms (next.js: 1.9ms, application-code: 3ms)
 GET /api/chat/messages 200 in 7ms (next.js: 2.0ms, application-code: 5ms)
 GET /api/chat/messages 200 in 5ms (next.js: 1.9ms, application-code: 3ms)
 GET /api/chat/messages 200 in 6ms (next.js: 2ms, application-code: 3ms)
 GET /api/chat/messages 200 in 5ms (next.js: 2.0ms, application-code: 3ms)
 GET /api/chat/messages 200 in 13ms (next.js: 2.0ms, application-code: 11ms)
 GET /api/chat/messages 200 in 5ms (next.js: 1.9ms, application-code: 3ms)
 GET /api/chat/messages 200 in 5ms (next.js: 1.7ms, application-code: 3ms)
 GET /api/chat/messages 200 in 5ms (next.js: 2ms, application-code: 3ms)
 GET /api/chat/messages 200 in 6ms (next.js: 1.9ms, application-code: 4ms)
 GET /api/chat/messages 200 in 5ms (next.js: 1.9ms, application-code: 3ms)
 GET /api/chat/messages 200 in 5ms (next.js: 1.9ms, application-code: 3ms)
 GET /api/chat/messages 200 in 7ms (next.js: 3ms, application-code: 4ms)
 GET /api/chat/messages 200 in 6ms (next.js: 3ms, application-code: 4ms)
 GET /api/chat/messages 200 in 6ms (next.js: 2.0ms, application-code: 4ms)
 GET /api/chat/messages 200 in 5ms (next.js: 1.9ms, application-code: 3ms)
 GET /api/chat/messages 200 in 7ms (next.js: 3ms, application-code: 4ms)
 GET /api/chat/messages 200 in 6ms (next.js: 1.7ms, application-code: 4ms)
 GET /api/chat/messages 200 in 6ms (next.js: 1.9ms, application-code: 4ms)
 GET /api/chat/messages 200 in 6ms (next.js: 1.9ms, application-code: 4ms)
 GET /api/chat/messages 200 in 5ms (next.js: 2.0ms, application-code: 3ms)
 GET /api/chat/messages 200 in 7ms (next.js: 1.8ms, application-code: 5ms)
 GET /api/chat/messages 200 in 8ms (next.js: 3ms, application-code: 5ms)
 GET /api/chat/messages 200 in 6ms (next.js: 1.8ms, application-code: 5ms)
 GET /api/chat/messages 200 in 5ms (next.js: 1.9ms, application-code: 3ms)
 GET /api/chat/messages 200 in 5ms (next.js: 2ms, application-code: 3ms)
 GET /api/chat/messages 200 in 5ms (next.js: 1.9ms, application-code: 3ms)
 GET /api/chat/messages 200 in 7ms (next.js: 3ms, application-code: 4ms)
 GET /api/chat/messages 200 in 6ms (next.js: 1.7ms, application-code: 4ms)
 GET /api/chat/messages 200 in 7ms (next.js: 2ms, application-code: 4ms)
 GET /api/chat/messages 200 in 6ms (next.js: 1.9ms, application-code: 4ms)
 GET /api/chat/messages 200 in 16ms (next.js: 12ms, application-code: 4ms)
 GET /api/chat/messages 200 in 7ms (next.js: 3ms, application-code: 4ms)
 GET /api/chat/messages 200 in 6ms (next.js: 2ms, application-code: 3ms)
 GET /api/chat/messages 200 in 5ms (next.js: 2.0ms, application-code: 3ms)
 GET /api/chat/messages 200 in 6ms (next.js: 2ms, application-code: 4ms)
 GET /api/chat/messages 200 in 5ms (next.js: 2.0ms, application-code: 3ms)
 GET /api/chat/messages 200 in 7ms (next.js: 3ms, application-code: 3ms)
 GET /api/chat/messages 200 in 6ms (next.js: 3ms, application-code: 3ms)
 GET /api/chat/messages 200 in 7ms (next.js: 1.9ms, application-code: 5ms)
 GET /api/chat/messages 200 in 5ms (next.js: 2ms, application-code: 3ms)
 GET /api/chat/messages 200 in 5ms (next.js: 1.8ms, application-code: 3ms)
 GET /api/chat/messages 200 in 6ms (next.js: 3ms, application-code: 3ms)
 GET /api/chat/messages 200 in 6ms (next.js: 2.0ms, application-code: 4ms)
 GET /api/chat/messages 200 in 5ms (next.js: 1.9ms, application-code: 3ms)
 GET /api/chat/messages 200 in 5ms (next.js: 1.8ms, application-code: 3ms)
 GET /api/chat/messages 200 in 5ms (next.js: 1.8ms, application-code: 3ms)
 GET /api/chat/messages 200 in 6ms (next.js: 2.0ms, application-code: 4ms)
 GET /api/chat/messages 200 in 5ms (next.js: 2ms, application-code: 3ms)
 GET /api/chat/messages 200 in 5ms (next.js: 1.9ms, application-code: 3ms)
 GET /api/chat/messages 200 in 5ms (next.js: 1.8ms, application-code: 3ms)
 GET /api/chat/messages 200 in 7ms (next.js: 1.9ms, application-code: 5ms)
 GET /api/chat/messages 200 in 5ms (next.js: 2.0ms, application-code: 3ms)
 GET /api/chat/messages 200 in 5ms (next.js: 1.9ms, application-code: 3ms)
 GET /api/chat/messages 200 in 5ms (next.js: 1.8ms, application-code: 3ms)
 GET /api/chat/messages 200 in 6ms (next.js: 2ms, application-code: 4ms)
 GET /api/chat/messages 200 in 5ms (next.js: 1.8ms, application-code: 3ms)
 GET /api/chat/messages 200 in 5ms (next.js: 2ms, application-code: 3ms)
 GET /api/chat/messages 200 in 5ms (next.js: 2ms, application-code: 3ms)
 GET /api/chat/messages 200 in 9ms (next.js: 5ms, application-code: 4ms)
 GET /api/chat/messages 200 in 5ms (next.js: 1.8ms, application-code: 3ms)
 GET /api/chat/messages 200 in 5ms (next.js: 1.9ms, application-code: 4ms)
 GET /api/chat/messages 200 in 5ms (next.js: 1.9ms, application-code: 3ms)
 GET /api/chat/messages 200 in 6ms (next.js: 3ms, application-code: 3ms)
 GET /api/chat/messages 200 in 6ms (next.js: 1.8ms, application-code: 4ms)
 GET /api/chat/messages 200 in 5ms (next.js: 1.9ms, application-code: 3ms)
 GET /api/chat/messages 200 in 5ms (next.js: 1.9ms, application-code: 3ms)
 GET /api/chat/messages 200 in 5ms (next.js: 1.8ms, application-code: 3ms)
 GET /api/chat/messages 200 in 6ms (next.js: 1.9ms, application-code: 4ms)
 GET /api/chat/messages 200 in 6ms (next.js: 2ms, application-code: 3ms)
 GET /api/chat/messages 200 in 5ms (next.js: 2ms, application-code: 3ms)
 GET /api/chat/messages 200 in 5ms (next.js: 2ms, application-code: 3ms)
 GET /api/chat/messages 200 in 5ms (next.js: 2.0ms, application-code: 3ms)
 GET /api/chat/messages 200 in 6ms (next.js: 1.9ms, application-code: 4ms)
 GET /api/chat/messages 200 in 5ms (next.js: 2ms, application-code: 3ms)
 GET /api/chat/messages 200 in 6ms (next.js: 1.7ms, application-code: 4ms)
 GET /api/chat/messages 200 in 6ms (next.js: 1.9ms, application-code: 4ms)
 GET /api/chat/messages 200 in 5ms (next.js: 1.9ms, application-code: 3ms)
 GET /api/chat/messages 200 in 5ms (next.js: 1.7ms, application-code: 3ms)
 GET /api/chat/messages 200 in 5ms (next.js: 1.8ms, application-code: 3ms)
 GET /api/chat/messages 200 in 6ms (next.js: 1.9ms, application-code: 4ms)
 GET /api/chat/messages 200 in 5ms (next.js: 1.7ms, application-code: 3ms)
 GET /api/chat/messages 200 in 5ms (next.js: 1.9ms, application-code: 3ms)
 GET /api/chat/messages 200 in 5ms (next.js: 1.8ms, application-code: 3ms)
 GET /api/chat/messages 200 in 6ms (next.js: 2.0ms, application-code: 4ms)
 GET /api/chat/messages 200 in 5ms (next.js: 1.9ms, application-code: 3ms)
 GET /api/chat/messages 200 in 5ms (next.js: 1.9ms, application-code: 3ms)
 GET /api/chat/messages 200 in 5ms (next.js: 1.8ms, application-code: 3ms)
 GET /api/chat/messages 200 in 5ms (next.js: 3ms, application-code: 3ms)
 GET /api/chat/messages 200 in 6ms (next.js: 1.9ms, application-code: 4ms)
 GET /api/chat/messages 200 in 5ms (next.js: 1.9ms, application-code: 3ms)
 GET /api/chat/messages 200 in 5ms (next.js: 1.9ms, application-code: 3ms)
 GET /api/chat/messages 200 in 5ms (next.js: 1.8ms, application-code: 3ms)
 GET /api/chat/messages 200 in 6ms (next.js: 2.0ms, application-code: 4ms)
 GET /driver/chat 200 in 66ms (next.js: 7ms, application-code: 59ms)
 POST /api/chat/messages 200 in 13ms (next.js: 4ms, application-code: 10ms)
 GET /api/chat/messages 200 in 29ms (next.js: 24ms, application-code: 6ms)
 PATCH /api/chat/messages 200 in 34ms (next.js: 28ms, application-code: 6ms)
 GET /api/chat/messages 200 in 5ms (next.js: 1.9ms, application-code: 4ms)
 GET /api/chat/messages 200 in 5ms (next.js: 1.9ms, application-code: 3ms)
 GET /api/chat/messages 200 in 8ms (next.js: 2.0ms, application-code: 6ms)
 GET /api/chat/messages 200 in 9ms (next.js: 1.8ms, application-code: 7ms)
 GET /api/chat/messages 200 in 5ms (next.js: 1.8ms, application-code: 3ms)
 GET /api/chat/messages 200 in 5ms (next.js: 1.7ms, application-code: 3ms)
 GET /api/chat/messages 200 in 5ms (next.js: 1.7ms, application-code: 4ms)
 GET /api/chat/messages 200 in 7ms (next.js: 3ms, application-code: 3ms)
 GET /api/chat/messages 200 in 4ms (next.js: 1.6ms, application-code: 3ms)
 GET /api/chat/messages 200 in 5ms (next.js: 2ms, application-code: 3ms)
 GET /api/chat/messages 200 in 6ms (next.js: 3ms, application-code: 3ms)
 GET /api/chat/messages 200 in 4ms (next.js: 1.6ms, application-code: 3ms)
 GET /api/chat/messages 200 in 6ms (next.js: 1.8ms, application-code: 4ms)
 GET /api/chat/messages 200 in 5ms (next.js: 2ms, application-code: 3ms)
 GET /api/chat/messages 200 in 5ms (next.js: 1.9ms, application-code: 3ms)
 GET /api/chat/messages 200 in 6ms (next.js: 4ms, application-code: 3ms)
 GET /api/chat/messages 200 in 6ms (next.js: 2ms, application-code: 4ms)
 GET /api/chat/messages 200 in 6ms (next.js: 1.9ms, application-code: 4ms)
 GET /api/chat/messages 200 in 6ms (next.js: 2ms, application-code: 4ms)
 GET /api/chat/messages 200 in 7ms (next.js: 3ms, application-code: 4ms)
 GET /api/chat/messages 200 in 6ms (next.js: 2ms, application-code: 4ms)
 GET /api/chat/messages 200 in 6ms (next.js: 2ms, application-code: 3ms)
 GET /api/chat/messages 200 in 6ms (next.js: 2.0ms, application-code: 4ms)
 GET /api/chat/messages 200 in 5ms (next.js: 1.9ms, application-code: 3ms)
 GET /api/chat/messages 200 in 6ms (next.js: 3ms, application-code: 3ms)
 GET /api/chat/messages 200 in 6ms (next.js: 2ms, application-code: 4ms)
 GET /api/chat/messages 200 in 5ms (next.js: 1.8ms, application-code: 3ms)
 GET /api/chat/messages 200 in 5ms (next.js: 1.7ms, application-code: 3ms)
 GET /api/chat/messages 200 in 5ms (next.js: 2ms, application-code: 3ms)
 GET /api/chat/messages 200 in 7ms (next.js: 4ms, application-code: 3ms)
 GET /api/chat/messages 200 in 5ms (next.js: 1.9ms, application-code: 3ms)
 GET /api/chat/messages 200 in 5ms (next.js: 1.9ms, application-code: 3ms)
 GET /api/chat/messages 200 in 6ms (next.js: 2ms, application-code: 3ms)
 GET /api/chat/messages 200 in 5ms (next.js: 2ms, application-code: 3ms)
 GET /api/chat/messages 200 in 6ms (next.js: 2ms, application-code: 4ms)
 GET /api/chat/messages 200 in 5ms (next.js: 2ms, application-code: 3ms)
 GET /api/chat/messages 200 in 6ms (next.js: 2ms, application-code: 4ms)
 GET /api/chat/messages 200 in 5ms (next.js: 2ms, application-code: 3ms)
 GET /api/chat/messages 200 in 6ms (next.js: 3ms, application-code: 4ms)
 GET /api/chat/messages 200 in 5ms (next.js: 2.0ms, application-code: 3ms)
 GET /api/chat/messages 200 in 5ms (next.js: 1.8ms, application-code: 3ms)
 GET /api/chat/messages 200 in 5ms (next.js: 1.8ms, application-code: 3ms)
 GET /api/chat/messages 200 in 6ms (next.js: 1.8ms, application-code: 4ms)
 GET /api/chat/messages 200 in 5ms (next.js: 1.9ms, application-code: 3ms)
 GET /api/chat/messages 200 in 6ms (next.js: 2.0ms, application-code: 4ms)
 GET /api/chat/messages 200 in 5ms (next.js: 1.9ms, application-code: 3ms)
 GET /api/chat/messages 200 in 5ms (next.js: 2.0ms, application-code: 3ms)
 GET /api/chat/messages 200 in 6ms (next.js: 1.8ms, application-code: 4ms)
 GET /api/chat/messages 200 in 5ms (next.js: 1.9ms, application-code: 3ms)
 GET /api/chat/messages 200 in 5ms (next.js: 2ms, application-code: 3ms)
 GET /api/chat/messages 200 in 6ms (next.js: 1.9ms, application-code: 4ms)
 GET /api/chat/messages 200 in 5ms (next.js: 2.0ms, application-code: 3ms)
 GET /api/chat/messages 200 in 5ms (next.js: 1.9ms, application-code: 3ms)
 GET /api/chat/messages 200 in 5ms (next.js: 1.9ms, application-code: 3ms)
 GET /api/chat/messages 200 in 5ms (next.js: 1.9ms, application-code: 3ms)
 GET /api/chat/messages 200 in 6ms (next.js: 2ms, application-code: 4ms)
 GET /api/chat/messages 200 in 6ms (next.js: 2.0ms, application-code: 4ms)
 GET /api/chat/messages 200 in 5ms (next.js: 2ms, application-code: 3ms)
 GET /api/chat/messages 200 in 5ms (next.js: 2ms, application-code: 3ms)
 GET /api/chat/messages 200 in 5ms (next.js: 2ms, application-code: 3ms)
 GET /api/chat/messages 200 in 6ms (next.js: 2ms, application-code: 3ms)
 GET /api/chat/messages 200 in 5ms (next.js: 1.8ms, application-code: 3ms)
 GET /api/chat/messages 200 in 6ms (next.js: 1.9ms, application-code: 4ms)
 GET /api/chat/messages 200 in 6ms (next.js: 2ms, application-code: 4ms)
 GET /api/chat/messages 200 in 5ms (next.js: 1.8ms, application-code: 3ms)
 GET /api/chat/messages 200 in 5ms (next.js: 1.9ms, application-code: 3ms)
 GET /api/chat/messages 200 in 5ms (next.js: 2ms, application-code: 3ms)
 GET /api/chat/messages 200 in 5ms (next.js: 1.8ms, application-code: 3ms)
 GET /api/chat/messages 200 in 5ms (next.js: 1.8ms, application-code: 3ms)
 GET /api/chat/messages 200 in 5ms (next.js: 1.7ms, application-code: 3ms)
 GET /api/chat/messages 200 in 5ms (next.js: 1.8ms, application-code: 3ms)
 GET /api/chat/messages 200 in 5ms (next.js: 1.9ms, application-code: 3ms)
 GET /api/chat/messages 200 in 6ms (next.js: 2ms, application-code: 4ms)
 GET /api/chat/messages 200 in 5ms (next.js: 1.8ms, application-code: 3ms)
 GET /api/chat/messages 200 in 5ms (next.js: 2ms, application-code: 3ms)
 GET /api/chat/messages 200 in 5ms (next.js: 1.8ms, application-code: 3ms)
 GET /api/chat/messages 200 in 5ms (next.js: 1.9ms, application-code: 3ms)
 GET /api/chat/messages 200 in 5ms (next.js: 1.8ms, application-code: 3ms)
 GET /api/chat/messages 200 in 5ms (next.js: 2.0ms, application-code: 3ms)
 GET /api/chat/messages 200 in 6ms (next.js: 2ms, application-code: 3ms)
 GET /api/chat/messages 200 in 6ms (next.js: 2ms, application-code: 4ms)
 GET /api/chat/messages 200 in 5ms (next.js: 2ms, application-code: 3ms)
 GET /api/chat/messages 200 in 5ms (next.js: 2ms, application-code: 3ms)
 GET /api/chat/messages 200 in 6ms (next.js: 2ms, application-code: 4ms)
 GET /api/chat/messages 200 in 5ms (next.js: 1.8ms, application-code: 3ms)
 GET /api/chat/messages 200 in 5ms (next.js: 2ms, application-code: 3ms)
 GET /api/chat/messages 200 in 5ms (next.js: 1.9ms, application-code: 3ms)
 GET /api/chat/messages 200 in 5ms (next.js: 1.8ms, application-code: 3ms)
 GET /api/chat/messages 200 in 4ms (next.js: 1.7ms, application-code: 3ms)
 GET /api/chat/messages 200 in 5ms (next.js: 1.8ms, application-code: 3ms)
 GET /api/chat/messages 200 in 4ms (next.js: 1.7ms, application-code: 3ms)
 GET /api/chat/messages 200 in 5ms (next.js: 1.9ms, application-code: 3ms)
 GET /api/chat/messages 200 in 7ms (next.js: 2ms, application-code: 4ms)
 GET /api/chat/messages 200 in 5ms (next.js: 1.7ms, application-code: 3ms)
 GET /api/chat/messages 200 in 5ms (next.js: 1.9ms, application-code: 3ms)
 GET /api/chat/messages 200 in 5ms (next.js: 2.0ms, application-code: 3ms)
 GET /api/chat/messages 200 in 5ms (next.js: 1.9ms, application-code: 3ms)
 GET /api/chat/messages 200 in 6ms (next.js: 2ms, application-code: 3ms)
 GET /api/chat/messages 200 in 5ms (next.js: 1.8ms, application-code: 3ms)
 GET /api/chat/messages 200 in 13ms (next.js: 3ms, application-code: 10ms)
 GET /api/chat/messages 200 in 5ms (next.js: 1.8ms, application-code: 3ms)
 GET /api/chat/messages 200 in 7ms (next.js: 2ms, application-code: 5ms)
 GET /api/chat/messages 200 in 5ms (next.js: 2ms, application-code: 3ms)
 GET /api/chat/messages 200 in 7ms (next.js: 1.8ms, application-code: 5ms)
 GET /api/chat/messages 200 in 6ms (next.js: 3ms, application-code: 3ms)
 GET /api/chat/messages 200 in 5ms (next.js: 2.0ms, application-code: 3ms)
 GET /api/chat/messages 200 in 11ms (next.js: 7ms, application-code: 5ms)
 GET /api/chat/messages 200 in 7ms (next.js: 2ms, application-code: 5ms)
 GET /api/chat/messages 200 in 8ms (next.js: 2.0ms, application-code: 6ms)
 GET /api/chat/messages 200 in 5ms (next.js: 1.9ms, application-code: 3ms)
 GET /api/chat/messages 200 in 5ms (next.js: 1.9ms, application-code: 3ms)
 GET /api/chat/messages 200 in 5ms (next.js: 1.8ms, application-code: 3ms)
 GET /api/chat/messages 200 in 5ms (next.js: 1.9ms, application-code: 3ms)
 GET /api/chat/messages 200 in 6ms (next.js: 3ms, application-code: 3ms)
 GET /api/chat/messages 200 in 5ms (next.js: 1.9ms, application-code: 3ms)
 GET /api/chat/messages 200 in 5ms (next.js: 2ms, application-code: 3ms)
 GET /api/chat/messages 200 in 5ms (next.js: 2ms, application-code: 3ms)
 GET /api/chat/messages 200 in 5ms (next.js: 1.8ms, application-code: 3ms)
 GET /api/chat/messages 200 in 5ms (next.js: 2.0ms, application-code: 3ms)
 GET /api/chat/messages 200 in 5ms (next.js: 1.8ms, application-code: 3ms)
 GET /api/chat/messages 200 in 5ms (next.js: 2.0ms, application-code: 3ms)
 GET /api/chat/messages 200 in 7ms (next.js: 2ms, application-code: 5ms)
 GET /api/chat/messages 200 in 5ms (next.js: 1.9ms, application-code: 3ms)
 GET /api/chat/messages 200 in 6ms (next.js: 2ms, application-code: 4ms)
 GET /api/chat/messages 200 in 5ms (next.js: 2ms, application-code: 3ms)
 GET /api/chat/messages 200 in 5ms (next.js: 2ms, application-code: 3ms)
 GET /api/chat/messages 200 in 7ms (next.js: 3ms, application-code: 4ms)
 GET /api/chat/messages 200 in 7ms (next.js: 1.9ms, application-code: 5ms)
 GET /api/chat/messages 200 in 7ms (next.js: 4ms, application-code: 4ms)
 GET /api/chat/messages 200 in 7ms (next.js: 2.0ms, application-code: 5ms)
 GET /api/chat/messages 200 in 25ms (next.js: 18ms, application-code: 7ms)
 GET /api/chat/messages 200 in 7ms (next.js: 3ms, application-code: 4ms)
 GET /api/chat/messages 200 in 18ms (next.js: 15ms, application-code: 3ms)
 GET /api/chat/messages 200 in 6ms (next.js: 1.8ms, application-code: 4ms)
 GET /api/chat/messages 200 in 5ms (next.js: 1.9ms, application-code: 3ms)
 GET /api/chat/messages 200 in 5ms (next.js: 1.7ms, application-code: 3ms)
 GET /api/chat/messages 200 in 8ms (next.js: 4ms, application-code: 4ms)
 GET /api/chat/messages 200 in 33ms (next.js: 11ms, application-code: 22ms)
 GET /api/chat/messages 200 in 10ms (next.js: 4ms, application-code: 5ms)
 GET /api/chat/messages 200 in 8ms (next.js: 2ms, application-code: 6ms)
 GET /api/chat/messages 200 in 8ms (next.js: 2ms, application-code: 5ms)
 GET /api/chat/messages 200 in 10ms (next.js: 4ms, application-code: 6ms)
 GET /api/chat/messages 200 in 9ms (next.js: 1.8ms, application-code: 7ms)
 GET /api/chat/messages 200 in 5ms (next.js: 1.9ms, application-code: 4ms)
 GET /api/chat/messages 200 in 7ms (next.js: 4ms, application-code: 3ms)
 GET /api/chat/messages 200 in 9ms (next.js: 3ms, application-code: 6ms)
 GET /api/chat/messages 200 in 10ms (next.js: 3ms, application-code: 7ms)
 GET /api/chat/messages 200 in 9ms (next.js: 3ms, application-code: 6ms)
 GET /api/chat/messages 200 in 10ms (next.js: 3ms, application-code: 7ms)
 GET /api/chat/messages 200 in 15ms (next.js: 4ms, application-code: 11ms)
 GET /api/chat/messages 200 in 9ms (next.js: 1.9ms, application-code: 7ms)
 GET /api/chat/messages 200 in 6ms (next.js: 1.8ms, application-code: 4ms)
 GET /api/chat/messages 200 in 6ms (next.js: 2.0ms, application-code: 4ms)
 GET /api/chat/messages 200 in 12ms (next.js: 9ms, application-code: 3ms)
 GET /api/chat/messages 200 in 5ms (next.js: 1.9ms, application-code: 3ms)
 GET /api/chat/messages 200 in 7ms (next.js: 1.7ms, application-code: 5ms)
 GET /api/chat/messages 200 in 5ms (next.js: 2.0ms, application-code: 3ms)
 GET /api/chat/messages 200 in 5ms (next.js: 1.8ms, application-code: 3ms)
 GET /api/chat/messages 200 in 5ms (next.js: 1.9ms, application-code: 3ms)
 GET /api/chat/messages 200 in 7ms (next.js: 3ms, application-code: 4ms)
 GET /api/chat/messages 200 in 5ms (next.js: 1.9ms, application-code: 3ms)
 GET /api/chat/messages 200 in 6ms (next.js: 1.7ms, application-code: 4ms)
 GET /api/chat/messages 200 in 5ms (next.js: 2ms, application-code: 3ms)
 GET /api/chat/messages 200 in 5ms (next.js: 1.9ms, application-code: 3ms)
 GET /api/chat/messages 200 in 5ms (next.js: 1.9ms, application-code: 3ms)
 GET /api/chat/messages 200 in 5ms (next.js: 1.9ms, application-code: 3ms)
 GET /api/chat/messages 200 in 6ms (next.js: 1.9ms, application-code: 4ms)
 GET /api/chat/messages 200 in 5ms (next.js: 1.7ms, application-code: 3ms)
 GET /api/chat/messages 200 in 5ms (next.js: 1.9ms, application-code: 3ms)
 GET /api/chat/messages 200 in 5ms (next.js: 2ms, application-code: 3ms)
 GET /api/chat/messages 200 in 5ms (next.js: 1.8ms, application-code: 3ms)
 GET /api/chat/messages 200 in 5ms (next.js: 1.9ms, application-code: 3ms)
 GET /api/chat/messages 200 in 5ms (next.js: 1.8ms, application-code: 3ms)
 GET /api/chat/messages 200 in 5ms (next.js: 1.8ms, application-code: 3ms)
 GET /api/chat/messages 200 in 5ms (next.js: 1.8ms, application-code: 3ms)
 GET /api/chat/messages 200 in 9ms (next.js: 2ms, application-code: 7ms)
 GET /api/chat/messages 200 in 5ms (next.js: 1.8ms, application-code: 3ms)
 GET /api/chat/messages 200 in 7ms (next.js: 1.9ms, application-code: 5ms)
 GET /api/chat/messages 200 in 5ms (next.js: 1.8ms, application-code: 3ms)
 GET /api/chat/messages 200 in 5ms (next.js: 1.8ms, application-code: 3ms)
 GET /api/chat/messages 200 in 5ms (next.js: 1.9ms, application-code: 3ms)
 GET /api/chat/messages 200 in 5ms (next.js: 1.9ms, application-code: 4ms)
 GET /api/chat/messages 200 in 7ms (next.js: 1.9ms, application-code: 5ms)
 GET /api/chat/messages 200 in 9ms (next.js: 2ms, application-code: 6ms)
 GET /api/chat/messages 200 in 6ms (next.js: 1.8ms, application-code: 4ms)
 GET /api/chat/messages 200 in 8ms (next.js: 1.8ms, application-code: 6ms)
 GET /api/chat/messages 200 in 6ms (next.js: 1.8ms, application-code: 4ms)
 GET /api/chat/messages 200 in 23ms (next.js: 8ms, application-code: 16ms)
 GET /api/chat/messages 200 in 19ms (next.js: 9ms, application-code: 10ms)
 GET /api/chat/messages 200 in 6ms (next.js: 3ms, application-code: 3ms)
 GET /api/chat/messages 200 in 9ms (next.js: 5ms, application-code: 3ms)
 GET /api/chat/messages 200 in 17ms (next.js: 5ms, application-code: 12ms)
 GET /api/chat/messages 200 in 14ms (next.js: 4ms, application-code: 10ms)
 GET /api/chat/messages 200 in 7ms (next.js: 2ms, application-code: 5ms)
 GET /api/chat/messages 200 in 6ms (next.js: 3ms, application-code: 3ms)
 GET /api/chat/messages 200 in 16ms (next.js: 7ms, application-code: 8ms)
 GET /api/chat/messages 200 in 8ms (next.js: 2ms, application-code: 5ms)
 GET /api/chat/messages 200 in 6ms (next.js: 3ms, application-code: 4ms)
 GET /api/chat/messages 200 in 5ms (next.js: 2ms, application-code: 3ms)
 GET /api/chat/messages 200 in 46ms (next.js: 19ms, application-code: 26ms)
 GET /api/chat/messages 200 in 15ms (next.js: 8ms, application-code: 7ms)
 GET /api/chat/messages 200 in 18ms (next.js: 7ms, application-code: 11ms)
 GET /api/chat/messages 200 in 15ms (next.js: 6ms, application-code: 9ms)
 GET /api/chat/messages 200 in 11ms (next.js: 5ms, application-code: 6ms)
 GET /api/chat/messages 200 in 6ms (next.js: 3ms, application-code: 3ms)
 GET /api/chat/messages 200 in 6ms (next.js: 3ms, application-code: 3ms)
 GET /api/chat/messages 200 in 7ms (next.js: 2ms, application-code: 4ms)
 GET /api/chat/messages 200 in 6ms (next.js: 1.9ms, application-code: 4ms)
 GET /api/chat/messages 200 in 5ms (next.js: 2.0ms, application-code: 3ms)
 GET /api/chat/messages 200 in 9ms (next.js: 2ms, application-code: 7ms)
 GET /api/chat/messages 200 in 36ms (next.js: 3ms, application-code: 33ms)
 GET /api/chat/messages 200 in 10ms (next.js: 2ms, application-code: 7ms)
 GET /api/chat/messages 200 in 10ms (next.js: 4ms, application-code: 6ms)
 GET /api/chat/messages 200 in 8ms (next.js: 4ms, application-code: 4ms)
 GET /api/chat/messages 200 in 15ms (next.js: 8ms, application-code: 7ms)
 GET /api/chat/messages 200 in 7ms (next.js: 2ms, application-code: 4ms)
 GET /api/chat/messages 200 in 6ms (next.js: 2ms, application-code: 4ms)
 GET /api/chat/messages 200 in 8ms (next.js: 4ms, application-code: 4ms)
 GET /api/chat/messages 200 in 6ms (next.js: 2ms, application-code: 4ms)
 GET /api/chat/messages 200 in 8ms (next.js: 2ms, application-code: 6ms)
 GET /api/chat/messages 200 in 6ms (next.js: 2ms, application-code: 3ms)
 GET /api/chat/messages 200 in 6ms (next.js: 1.9ms, application-code: 4ms)
 GET /api/chat/messages 200 in 14ms (next.js: 6ms, application-code: 8ms)
 GET /api/chat/messages 200 in 11ms (next.js: 5ms, application-code: 6ms)
 GET /api/chat/messages 200 in 15ms (next.js: 7ms, application-code: 8ms)
 GET /api/chat/messages 200 in 16ms (next.js: 6ms, application-code: 10ms)
 GET /api/chat/messages 200 in 6ms (next.js: 2ms, application-code: 4ms)
 GET /driver/chat 200 in 107ms (next.js: 28ms, application-code: 80ms)
 GET /driver/chat 200 in 52ms (next.js: 5ms, application-code: 47ms)
 GET /api/chat/messages 200 in 21ms (next.js: 11ms, application-code: 10ms)
 GET /driver/chat 200 in 82ms (next.js: 9ms, application-code: 74ms)
 GET /api/chat/messages 200 in 10ms (next.js: 5ms, application-code: 5ms)
 GET /driver/chat 200 in 140ms (next.js: 4ms, application-code: 135ms)
 GET /driver/chat 200 in 48ms (next.js: 10ms, application-code: 38ms)
 GET /driver/chat 200 in 38ms (next.js: 8ms, application-code: 30ms)
 GET /api/chat/messages 200 in 9ms (next.js: 4ms, application-code: 5ms)
 GET /driver/chat 200 in 52ms (next.js: 12ms, application-code: 40ms)
 GET /driver/chat 200 in 41ms (next.js: 7ms, application-code: 34ms)
 GET /api/chat/messages 200 in 8ms (next.js: 4ms, application-code: 4ms)
 GET /driver/chat 200 in 38ms (next.js: 10ms, application-code: 29ms)
 GET /driver/chat 200 in 35ms (next.js: 7ms, application-code: 27ms)
 GET /api/chat/messages 200 in 9ms (next.js: 4ms, application-code: 5ms)
 GET /api/chat/messages 200 in 8ms (next.js: 4ms, application-code: 4ms)
 GET /api/chat/messages 200 in 13ms (next.js: 5ms, application-code: 8ms)
 GET /api/chat/messages 200 in 14ms (next.js: 5ms, application-code: 9ms)
[browser] ./src/app/admin/chat/page.tsx:1:20
Error: You're importing a module that depends on `useEffect` into a React Server Component module. This API is only available in Client Components. To fix, mark the file (or its parent) with the `"use client"` directive.
    Learn more: https://nextjs.org/docs/app/api-reference/directives/use-client
> 1 | import { useState, useEffect, useRef, useCallback } from 'react';
    |                    ^^^^^^^^^
  2 | import {
  3 |   Driver,
  4 |   getStoredDrivers,

Ecmascript file had an error 
[browser] ./src/app/admin/chat/page.tsx:1:31
Error: You're importing a module that depends on `useRef` into a React Server Component module. This API is only available in Client Components. To fix, mark the file (or its parent) with the `"use client"` directive.
    Learn more: https://nextjs.org/docs/app/api-reference/directives/use-client
> 1 | import { useState, useEffect, useRef, useCallback } from 'react';
    |                               ^^^^^^
  2 | import {
  3 |   Driver,
  4 |   getStoredDrivers,

Ecmascript file had an error 
[browser] ./src/app/admin/chat/page.tsx:1:10
Error: You're importing a module that depends on `useState` into a React Server Component module. This API is only available in Client Components. To fix, mark the file (or its parent) with the `"use client"` directive.
    Learn more: https://nextjs.org/docs/app/api-reference/directives/use-client
> 1 | import { useState, useEffect, useRef, useCallback } from 'react';
    |          ^^^^^^^^
  2 | import {
  3 |   Driver,
  4 |   getStoredDrivers,

Ecmascript file had an error 
 GET /api/chat/messages 200 in 13ms (next.js: 6ms, application-code: 7ms)
 GET /api/chat/messages 200 in 5ms (next.js: 2ms, application-code: 3ms)
 GET /api/chat/messages 200 in 11ms (next.js: 3ms, application-code: 8ms)
 GET /api/chat/messages 200 in 14ms (next.js: 5ms, application-code: 9ms)
 GET /api/chat/messages 200 in 17ms (next.js: 9ms, application-code: 8ms)
 GET /api/chat/messages 200 in 7ms (next.js: 3ms, application-code: 5ms)
 GET /api/chat/messages 200 in 5ms (next.js: 1.9ms, application-code: 3ms)
 GET /api/chat/messages 200 in 7ms (next.js: 3ms, application-code: 3ms)
 GET /api/chat/messages 200 in 8ms (next.js: 2ms, application-code: 6ms)
 GET /api/chat/messages 200 in 5ms (next.js: 2ms, application-code: 3ms)
 GET /api/chat/messages 200 in 7ms (next.js: 4ms, application-code: 3ms)
 GET /api/chat/messages 200 in 6ms (next.js: 1.9ms, application-code: 4ms)
 GET /api/chat/messages 200 in 7ms (next.js: 3ms, application-code: 4ms)
 GET /api/chat/messages 200 in 8ms (next.js: 2ms, application-code: 6ms)
 GET /api/chat/messages 200 in 7ms (next.js: 3ms, application-code: 3ms)
 GET /api/chat/messages 200 in 8ms (next.js: 2ms, application-code: 6ms)
 GET /driver/chat 200 in 171ms (next.js: 6ms, application-code: 165ms)
 GET /api/chat/messages 200 in 9ms (next.js: 5ms, application-code: 4ms)
[browser] Uncaught Error: Hydration failed because the server rendered text didn't match the client. As a result this tree will be regenerated on the client. This can happen if a SSR-ed Client Component used:

- A server/client branch `if (typeof window !== 'undefined')`.
- Variable input such as `Date.now()` or `Math.random()` which changes each time it's called.
- Date formatting in a user's locale which doesn't match the server.
- External changing data without sending a snapshot of it along with the HTML.
- Invalid HTML tag nesting.

It can also happen if the client has a browser extension installed which messes with the HTML before React loaded.

https://react.dev/link/hydration-mismatch

  ...
    <HTTPAccessFallbackBoundary notFound={undefined} forbidden={undefined} unauthorized={undefined}>
      <RedirectBoundary>
        <RedirectErrorBoundary router={{...}}>
          <InnerLayoutRouter url="/driver/chat" tree={[...]} params={{}} cacheNode={{rsc:{...}, ...}} segmentPath={[...]} ...>
            <SegmentViewNode type="page" pagePath="driver/cha...">
              <SegmentTrieNode>
              <ClientPageRoot Component={function DriverChatPage} serverProvidedParams={{...}}>
                <DriverChatPage params={Promise} searchParams={Promise}>
                  <div style={{margin:"ca...", ...}} className="jsx-ac3fcc...">
                    <div style={{display:"flex", ...}} className="jsx-ac3fcc...">
                      <div>
                      <div style={{flex:1}} className="jsx-ac3fcc...">
                        <div className="jsx-ac3fcc...">
                          <div>
                          <div style={{display:"flex", ...}} className="jsx-ac3fcc...">
                            <span className="jsx-ac3fcc197b3bb725">
+                             08:00
-                             08:00 AM
                        ...
                        ...
                      ...
                    ...
            ...
          ...

    at span (unknown)
    at <unknown> (src/app/driver/chat/page.tsx:862:23)
    at map ([native code])
    at DriverChatPage (src/app/driver/chat/page.tsx:801:36)
  860 |
  861 |                     <div className="message-time" style={{ display: 'flex', alignItems: 'center', justifyContent: isMe ? 'flex-end' : 'flex-start', gap: '4px' }}>
> 862 |                       <span>{new Date(msg.createdAt).toLocaleTimeString([], { hour: '2-digit', minute: '2-digit' })}</span>
      |                       ^
  863 |                       {/* Driver Sent Message Read Receipts */}
  864 |                       {isMe && (
  865 |                         <span
 GET /api/chat/messages 200 in 6ms (next.js: 2ms, application-code: 4ms)
 GET /api/chat/messages 200 in 7ms (next.js: 2ms, application-code: 5ms)
 GET /api/chat/messages 200 in 6ms (next.js: 1.9ms, application-code: 4ms)
 GET /api/chat/messages 200 in 7ms (next.js: 4ms, application-code: 4ms)
 GET /api/chat/messages 200 in 6ms (next.js: 2ms, application-code: 4ms)
 GET /api/chat/messages 200 in 5ms (next.js: 1.9ms, application-code: 3ms)
 GET /api/chat/messages 200 in 7ms (next.js: 2ms, application-code: 4ms)
 GET /api/chat/messages 200 in 7ms (next.js: 2ms, application-code: 5ms)
 GET /api/chat/messages 200 in 9ms (next.js: 4ms, application-code: 5ms)
 GET /api/chat/messages 200 in 6ms (next.js: 3ms, application-code: 3ms)
 GET /api/chat/messages 200 in 6ms (next.js: 2.0ms, application-code: 4ms)
 GET /api/chat/messages 200 in 6ms (next.js: 2ms, application-code: 4ms)
 GET /api/chat/messages 200 in 6ms (next.js: 2ms, application-code: 4ms)
 GET /api/chat/messages 200 in 7ms (next.js: 4ms, application-code: 3ms)
 GET /api/chat/messages 200 in 7ms (next.js: 4ms, application-code: 3ms)
 GET /api/chat/messages 200 in 6ms (next.js: 1.9ms, application-code: 4ms)
 GET /api/chat/messages 200 in 5ms (next.js: 1.9ms, application-code: 3ms)
 GET /api/chat/messages 200 in 8ms (next.js: 5ms, application-code: 3ms)
 GET /api/chat/messages 200 in 7ms (next.js: 3ms, application-code: 3ms)
 GET /api/chat/messages 200 in 19ms (next.js: 10ms, application-code: 9ms)
 GET /api/chat/messages 200 in 8ms (next.js: 2ms, application-code: 6ms)
 GET /api/chat/messages 200 in 28ms (next.js: 10ms, application-code: 19ms)
 GET /api/chat/messages 200 in 6ms (next.js: 1.8ms, application-code: 4ms)
 GET /api/chat/messages 200 in 7ms (next.js: 3ms, application-code: 3ms)
 GET /api/chat/messages 200 in 9ms (next.js: 4ms, application-code: 5ms)
 GET /api/chat/messages 200 in 6ms (next.js: 2.0ms, application-code: 5ms)
 GET /api/chat/messages 200 in 5ms (next.js: 1.8ms, application-code: 4ms)
 GET /api/chat/messages 200 in 8ms (next.js: 3ms, application-code: 6ms)
 POST /api/chat/messages 200 in 34ms (next.js: 9ms, application-code: 25ms)
 GET /api/chat/messages 200 in 10ms (next.js: 3ms, application-code: 7ms)
 GET /api/chat/messages 200 in 8ms (next.js: 2ms, application-code: 6ms)
 GET /api/chat/messages 200 in 8ms (next.js: 2ms, application-code: 6ms)
 GET /api/chat/messages 200 in 10ms (next.js: 4ms, application-code: 6ms)
 GET /api/chat/messages 200 in 7ms (next.js: 1.8ms, application-code: 5ms)
 GET /api/chat/messages 200 in 8ms (next.js: 3ms, application-code: 5ms)
 GET /api/chat/messages 200 in 7ms (next.js: 3ms, application-code: 4ms)
 GET /api/chat/messages 200 in 7ms (next.js: 1.9ms, application-code: 5ms)
 GET /api/chat/messages 200 in 7ms (next.js: 3ms, application-code: 4ms)
 GET /api/chat/messages 200 in 8ms (next.js: 2ms, application-code: 6ms)
 GET /api/chat/messages 200 in 7ms (next.js: 1.9ms, application-code: 5ms)
 GET / 200 in 45ms (next.js: 21ms, application-code: 23ms)
 GET /admin 200 in 115ms (next.js: 58ms, application-code: 57ms)
 GET /api/chat/messages 200 in 53ms (next.js: 12ms, application-code: 41ms)
 GET /api/chat/messages 200 in 9ms (next.js: 4ms, application-code: 4ms)
 GET /api/chat/messages 200 in 7ms (next.js: 1.8ms, application-code: 5ms)
 GET /api/chat/messages 200 in 8ms (next.js: 2.0ms, application-code: 6ms)
 GET /admin/chat 200 in 48ms (next.js: 21ms, application-code: 27ms)
 GET /api/chat/messages 200 in 14ms (next.js: 8ms, application-code: 6ms)
 POST /api/chat/messages 200 in 27ms (next.js: 2ms, application-code: 24ms)
 PATCH /api/chat/messages 200 in 168ms (next.js: 42ms, application-code: 126ms)
 PATCH /api/chat/messages 200 in 82ms (next.js: 60ms, application-code: 21ms)
 POST /api/chat/messages 200 in 102ms (next.js: 20ms, application-code: 82ms)
 GET /api/chat/messages 200 in 8ms (next.js: 1.8ms, application-code: 6ms)
 GET /api/chat/messages 200 in 9ms (next.js: 1.9ms, application-code: 8ms)
 GET /api/chat/messages 200 in 15ms (next.js: 9ms, application-code: 5ms)
 GET /api/chat/messages 200 in 7ms (next.js: 1.9ms, application-code: 5ms)
 GET /api/chat/messages 200 in 7ms (next.js: 1.8ms, application-code: 5ms)
 GET /api/chat/messages 200 in 7ms (next.js: 1.9ms, application-code: 6ms)
 GET /api/chat/messages 200 in 7ms (next.js: 1.8ms, application-code: 5ms)
 GET /api/chat/messages 200 in 9ms (next.js: 2ms, application-code: 7ms)
 GET /api/chat/messages 200 in 8ms (next.js: 2ms, application-code: 5ms)
 GET /api/chat/messages 200 in 6ms (next.js: 1.8ms, application-code: 5ms)
 GET /api/chat/messages 200 in 6ms (next.js: 1.8ms, application-code: 4ms)
 GET /api/chat/messages 200 in 7ms (next.js: 2ms, application-code: 5ms)
 GET /api/chat/messages 200 in 7ms (next.js: 3ms, application-code: 4ms)
 GET /api/chat/messages 200 in 8ms (next.js: 3ms, application-code: 5ms)
 GET /api/chat/messages 200 in 11ms (next.js: 4ms, application-code: 6ms)
 GET /api/chat/messages 200 in 8ms (next.js: 3ms, application-code: 5ms)
 GET /api/chat/messages 200 in 6ms (next.js: 1.8ms, application-code: 4ms)
 GET /api/chat/messages 200 in 8ms (next.js: 1.8ms, application-code: 6ms)
 GET /api/chat/messages 200 in 9ms (next.js: 1.7ms, application-code: 7ms)
 GET /api/chat/messages 200 in 9ms (next.js: 1.7ms, application-code: 7ms)
 GET /api/chat/messages 200 in 8ms (next.js: 1.9ms, application-code: 6ms)
 GET /api/chat/messages 200 in 9ms (next.js: 3ms, application-code: 6ms)
 GET /api/chat/messages 200 in 9ms (next.js: 1.7ms, application-code: 7ms)
 GET /api/chat/messages 200 in 11ms (next.js: 6ms, application-code: 5ms)
 GET /api/chat/messages 200 in 8ms (next.js: 3ms, application-code: 4ms)
 GET /api/chat/messages 200 in 22ms (next.js: 2ms, application-code: 19ms)
 GET /api/chat/messages 200 in 6ms (next.js: 1.7ms, application-code: 4ms)
 GET /api/chat/messages 200 in 8ms (next.js: 1.8ms, application-code: 6ms)
 GET /api/chat/messages 200 in 7ms (next.js: 1.9ms, application-code: 5ms)
 GET /api/chat/messages 200 in 8ms (next.js: 1.9ms, application-code: 6ms)
 GET /api/chat/messages 200 in 7ms (next.js: 1.9ms, application-code: 5ms)
 GET /api/chat/messages 200 in 8ms (next.js: 2ms, application-code: 5ms)
 GET /api/chat/messages 200 in 8ms (next.js: 1.9ms, application-code: 6ms)
 GET /api/chat/messages 200 in 7ms (next.js: 2.0ms, application-code: 5ms)
 GET /api/chat/messages 200 in 9ms (next.js: 4ms, application-code: 5ms)
 GET /api/chat/messages 200 in 12ms (next.js: 2ms, application-code: 9ms)
 GET /api/chat/messages 200 in 6ms (next.js: 1.8ms, application-code: 4ms)
 POST /api/chat/messages 200 in 26ms (next.js: 2ms, application-code: 24ms)
 GET /api/chat/messages 200 in 8ms (next.js: 2.0ms, application-code: 6ms)
 GET /api/chat/messages 200 in 9ms (next.js: 2ms, application-code: 7ms)
 GET /api/chat/messages 200 in 8ms (next.js: 1.9ms, application-code: 6ms)
 GET /api/chat/messages 200 in 8ms (next.js: 1.9ms, application-code: 6ms)
 GET /api/chat/messages 200 in 9ms (next.js: 2ms, application-code: 7ms)
 GET /api/chat/messages 200 in 10ms (next.js: 3ms, application-code: 7ms)
 GET /api/chat/messages 200 in 20ms (next.js: 2ms, application-code: 18ms)
 GET /api/chat/messages 200 in 18ms (next.js: 2ms, application-code: 16ms)
 GET /api/chat/messages 200 in 10ms (next.js: 2.0ms, application-code: 8ms)
 GET /api/chat/messages 200 in 14ms (next.js: 5ms, application-code: 9ms)
 GET /api/chat/messages 200 in 17ms (next.js: 4ms, application-code: 12ms)
 GET /api/chat/messages 200 in 16ms (next.js: 5ms, application-code: 11ms)
 GET /api/chat/messages 200 in 15ms (next.js: 6ms, application-code: 9ms)
 GET /api/chat/messages 200 in 16ms (next.js: 6ms, application-code: 10ms)
 GET /api/chat/messages 200 in 13ms (next.js: 4ms, application-code: 10ms)
 GET /api/chat/messages 200 in 10ms (next.js: 3ms, application-code: 7ms)
 GET /api/chat/messages 200 in 10ms (next.js: 2ms, application-code: 8ms)
 GET /api/chat/messages 200 in 19ms (next.js: 3ms, application-code: 16ms)
 GET /api/chat/messages 200 in 15ms (next.js: 4ms, application-code: 10ms)
 GET /api/chat/messages 200 in 19ms (next.js: 7ms, application-code: 12ms)
 GET /api/chat/messages 200 in 16ms (next.js: 6ms, application-code: 10ms)
 GET /api/chat/messages 200 in 19ms (next.js: 10ms, application-code: 9ms)
 GET /api/chat/messages 200 in 14ms (next.js: 5ms, application-code: 9ms)
 GET /api/chat/messages 200 in 13ms (next.js: 4ms, application-code: 9ms)
 GET /api/chat/messages 200 in 12ms (next.js: 4ms, application-code: 8ms)
 GET /api/chat/messages 200 in 21ms (next.js: 4ms, application-code: 17ms)
 GET /api/chat/messages 200 in 7ms (next.js: 1.7ms, application-code: 5ms)
 GET /api/chat/messages 200 in 10ms (next.js: 2ms, application-code: 8ms)
 GET /api/chat/messages 200 in 7ms (next.js: 2ms, application-code: 5ms)
 GET /api/chat/messages 200 in 14ms (next.js: 3ms, application-code: 11ms)
 GET /api/chat/messages 200 in 12ms (next.js: 4ms, application-code: 8ms)
 GET /api/chat/messages 200 in 14ms (next.js: 3ms, application-code: 11ms)
 GET /api/chat/messages 200 in 11ms (next.js: 3ms, application-code: 8ms)
 GET /api/chat/messages 200 in 15ms (next.js: 5ms, application-code: 10ms)
 GET /api/chat/messages 200 in 15ms (next.js: 4ms, application-code: 11ms)
 GET /api/chat/messages 200 in 12ms (next.js: 3ms, application-code: 8ms)
 GET /api/chat/messages 200 in 12ms (next.js: 1.8ms, application-code: 11ms)
 GET /api/chat/messages 200 in 11ms (next.js: 1.8ms, application-code: 9ms)
 GET /api/chat/messages 200 in 11ms (next.js: 1.9ms, application-code: 9ms)
 GET /api/chat/messages 200 in 9ms (next.js: 1.8ms, application-code: 7ms)
 GET /api/chat/messages 200 in 16ms (next.js: 4ms, application-code: 12ms)
 GET /api/chat/messages 200 in 9ms (next.js: 2ms, application-code: 7ms)
 GET /api/chat/messages 200 in 14ms (next.js: 4ms, application-code: 10ms)
 GET /api/chat/messages 200 in 13ms (next.js: 4ms, application-code: 9ms)
 GET /api/chat/messages 200 in 14ms (next.js: 5ms, application-code: 10ms)
 GET /api/chat/messages 200 in 15ms (next.js: 4ms, application-code: 11ms)
 GET /api/chat/messages 200 in 9ms (next.js: 1.8ms, application-code: 7ms)
 GET /api/chat/messages 200 in 9ms (next.js: 1.6ms, application-code: 7ms)
 GET /api/chat/messages 200 in 13ms (next.js: 4ms, application-code: 9ms)
 GET /api/chat/messages 200 in 14ms (next.js: 1.7ms, application-code: 12ms)
 GET /api/chat/messages 200 in 15ms (next.js: 5ms, application-code: 10ms)
 GET /api/chat/messages 200 in 7ms (next.js: 1.5ms, application-code: 6ms)
 GET /api/chat/messages 200 in 8ms (next.js: 2ms, application-code: 6ms)
 GET /api/chat/messages 200 in 12ms (next.js: 4ms, application-code: 8ms)
 GET /api/chat/messages 200 in 7ms (next.js: 1.5ms, application-code: 5ms)
 GET /api/chat/messages 200 in 12ms (next.js: 4ms, application-code: 8ms)
 GET /api/chat/messages 200 in 12ms (next.js: 4ms, application-code: 8ms)
 GET /api/chat/messages 200 in 16ms (next.js: 6ms, application-code: 10ms)
 GET /api/chat/messages 200 in 17ms (next.js: 6ms, application-code: 11ms)
 GET /api/chat/messages 200 in 13ms (next.js: 4ms, application-code: 9ms)
 GET /api/chat/messages 200 in 14ms (next.js: 5ms, application-code: 9ms)
 GET /api/chat/messages 200 in 9ms (next.js: 2ms, application-code: 6ms)
 GET /api/chat/messages 200 in 9ms (next.js: 2ms, application-code: 7ms)
 GET /api/chat/messages 200 in 10ms (next.js: 2ms, application-code: 8ms)
 GET /api/chat/messages 200 in 9ms (next.js: 2.0ms, application-code: 7ms)
 GET /api/chat/messages 200 in 9ms (next.js: 2ms, application-code: 6ms)
 GET /api/chat/messages 200 in 9ms (next.js: 1.9ms, application-code: 7ms)
 GET /api/chat/messages 200 in 8ms (next.js: 2ms, application-code: 6ms)
 GET /api/chat/messages 200 in 9ms (next.js: 2ms, application-code: 7ms)
 GET /api/chat/messages 200 in 9ms (next.js: 1.9ms, application-code: 7ms)
 GET /api/chat/messages 200 in 7ms (next.js: 2.0ms, application-code: 5ms)
 GET /api/chat/messages 200 in 8ms (next.js: 1.9ms, application-code: 6ms)
 GET /api/chat/messages 200 in 8ms (next.js: 1.9ms, application-code: 6ms)
 GET /api/chat/messages 200 in 9ms (next.js: 2.0ms, application-code: 7ms)
 GET /api/chat/messages 200 in 9ms (next.js: 2.0ms, application-code: 7ms)
 GET /api/chat/messages 200 in 8ms (next.js: 2ms, application-code: 6ms)
 GET /api/chat/messages 200 in 8ms (next.js: 2.0ms, application-code: 6ms)
 GET /api/chat/messages 200 in 7ms (next.js: 1.8ms, application-code: 6ms)
 GET /api/chat/messages 200 in 8ms (next.js: 1.8ms, application-code: 6ms)
 GET /api/chat/messages 200 in 9ms (next.js: 2ms, application-code: 7ms)
 GET /api/chat/messages 200 in 12ms (next.js: 4ms, application-code: 8ms)
 GET /api/chat/messages 200 in 8ms (next.js: 1.8ms, application-code: 6ms)
 GET /api/chat/messages 200 in 8ms (next.js: 1.9ms, application-code: 7ms)
 GET /api/chat/messages 200 in 8ms (next.js: 1.8ms, application-code: 6ms)
 GET /api/chat/messages 200 in 8ms (next.js: 2.0ms, application-code: 6ms)
 GET /api/chat/messages 200 in 8ms (next.js: 1.7ms, application-code: 6ms)
 GET /api/chat/messages 200 in 12ms (next.js: 4ms, application-code: 8ms)
 GET /api/chat/messages 200 in 24ms (next.js: 5ms, application-code: 19ms)
 GET /api/chat/messages 200 in 12ms (next.js: 4ms, application-code: 8ms)
 GET /api/chat/messages 200 in 14ms (next.js: 4ms, application-code: 10ms)
 GET /api/chat/messages 200 in 13ms (next.js: 4ms, application-code: 9ms)
 GET /api/chat/messages 200 in 8ms (next.js: 2ms, application-code: 6ms)
 GET /api/chat/messages 200 in 9ms (next.js: 2ms, application-code: 6ms)
 GET /api/chat/messages 200 in 11ms (next.js: 3ms, application-code: 8ms)
 GET /api/chat/messages 200 in 8ms (next.js: 1.8ms, application-code: 7ms)
 GET /api/chat/messages 200 in 14ms (next.js: 5ms, application-code: 9ms)
 GET /api/chat/messages 200 in 13ms (next.js: 4ms, application-code: 9ms)
 GET /api/chat/messages 200 in 8ms (next.js: 1.9ms, application-code: 6ms)
 GET /api/chat/messages 200 in 14ms (next.js: 4ms, application-code: 10ms)
 GET /api/chat/messages 200 in 7ms (next.js: 1.6ms, application-code: 5ms)
 GET /api/chat/messages 200 in 9ms (next.js: 2ms, application-code: 7ms)
 GET /api/chat/messages 200 in 8ms (next.js: 1.8ms, application-code: 7ms)
 GET /api/chat/messages 200 in 7ms (next.js: 1.6ms, application-code: 6ms)
 GET /api/chat/messages 200 in 8ms (next.js: 1.7ms, application-code: 7ms)
 GET /api/chat/messages 200 in 15ms (next.js: 5ms, application-code: 10ms)
 GET /api/chat/messages 200 in 13ms (next.js: 4ms, application-code: 9ms)
 GET /api/chat/messages 200 in 8ms (next.js: 2.0ms, application-code: 6ms)
 GET /api/chat/messages 200 in 12ms (next.js: 4ms, application-code: 8ms)
 GET /api/chat/messages 200 in 11ms (next.js: 4ms, application-code: 7ms)
 GET /api/chat/messages 200 in 13ms (next.js: 4ms, application-code: 9ms)
 GET /api/chat/messages 200 in 12ms (next.js: 3ms, application-code: 9ms)
 GET /api/chat/messages 200 in 13ms (next.js: 4ms, application-code: 9ms)
 GET /api/chat/messages 200 in 9ms (next.js: 1.5ms, application-code: 7ms)
 GET /api/chat/messages 200 in 14ms (next.js: 4ms, application-code: 10ms)
 GET /api/chat/messages 200 in 8ms (next.js: 2ms, application-code: 6ms)
 GET /api/chat/messages 200 in 9ms (next.js: 3ms, application-code: 6ms)
 GET /api/chat/messages 200 in 9ms (next.js: 2ms, application-code: 6ms)
 GET /api/chat/messages 200 in 13ms (next.js: 4ms, application-code: 9ms)
 GET /api/chat/messages 200 in 12ms (next.js: 4ms, application-code: 8ms)
 GET /api/chat/messages 200 in 15ms (next.js: 4ms, application-code: 10ms)
 GET /api/chat/messages 200 in 16ms (next.js: 8ms, application-code: 8ms)
 GET /api/chat/messages 200 in 13ms (next.js: 5ms, application-code: 8ms)
 GET /api/chat/messages 200 in 11ms (next.js: 3ms, application-code: 8ms)
 GET /api/chat/messages 200 in 14ms (next.js: 4ms, application-code: 9ms)
 GET /api/chat/messages 200 in 11ms (next.js: 4ms, application-code: 7ms)
 GET /api/chat/messages 200 in 9ms (next.js: 2ms, application-code: 7ms)
 GET /api/chat/messages 200 in 7ms (next.js: 1.8ms, application-code: 6ms)
 GET /api/chat/messages 200 in 14ms (next.js: 5ms, application-code: 10ms)
 GET /api/chat/messages 200 in 12ms (next.js: 4ms, application-code: 7ms)
 GET /api/chat/messages 200 in 8ms (next.js: 1.8ms, application-code: 6ms)
 GET /api/chat/messages 200 in 13ms (next.js: 4ms, application-code: 9ms)
 GET /api/chat/messages 200 in 11ms (next.js: 4ms, application-code: 7ms)
 GET /api/chat/messages 200 in 11ms (next.js: 4ms, application-code: 7ms)
 GET /api/chat/messages 200 in 7ms (next.js: 1.7ms, application-code: 5ms)
 GET /api/chat/messages 200 in 8ms (next.js: 2.0ms, application-code: 6ms)
 GET /api/chat/messages 200 in 8ms (next.js: 1.7ms, application-code: 6ms)
 GET /api/chat/messages 200 in 8ms (next.js: 1.7ms, application-code: 6ms)
 GET /api/chat/messages 200 in 8ms (next.js: 2.0ms, application-code: 6ms)
 GET /api/chat/messages 200 in 8ms (next.js: 1.8ms, application-code: 6ms)
 GET /api/chat/messages 200 in 13ms (next.js: 4ms, application-code: 8ms)
 GET /api/chat/messages 200 in 11ms (next.js: 4ms, application-code: 7ms)
 GET /api/chat/messages 200 in 12ms (next.js: 4ms, application-code: 8ms)
 GET /api/chat/messages 200 in 9ms (next.js: 1.7ms, application-code: 8ms)
 GET /api/chat/messages 200 in 14ms (next.js: 5ms, application-code: 9ms)
 GET /api/chat/messages 200 in 8ms (next.js: 1.7ms, application-code: 6ms)
 GET /api/chat/messages 200 in 7ms (next.js: 1.7ms, application-code: 5ms)
 GET /api/chat/messages 200 in 13ms (next.js: 4ms, application-code: 9ms)
 GET /api/chat/messages 200 in 12ms (next.js: 4ms, application-code: 8ms)
 GET /api/chat/messages 200 in 12ms (next.js: 5ms, application-code: 8ms)
 GET /api/chat/messages 200 in 8ms (next.js: 2ms, application-code: 6ms)
 GET /api/chat/messages 200 in 12ms (next.js: 4ms, application-code: 8ms)
 GET /api/chat/messages 200 in 12ms (next.js: 5ms, application-code: 7ms)
 GET /api/chat/messages 200 in 13ms (next.js: 4ms, application-code: 8ms)
 GET /api/chat/messages 200 in 9ms (next.js: 3ms, application-code: 7ms)
 GET /api/chat/messages 200 in 8ms (next.js: 2.0ms, application-code: 6ms)
 GET /api/chat/messages 200 in 11ms (next.js: 5ms, application-code: 6ms)
 GET /api/chat/messages 200 in 8ms (next.js: 1.7ms, application-code: 6ms)
 GET /api/chat/messages 200 in 7ms (next.js: 1.7ms, application-code: 6ms)
 GET /api/chat/messages 200 in 8ms (next.js: 1.6ms, application-code: 6ms)
 GET /api/chat/messages 200 in 9ms (next.js: 1.9ms, application-code: 7ms)
 GET /api/chat/messages 200 in 7ms (next.js: 1.6ms, application-code: 6ms)
 GET /api/chat/messages 200 in 8ms (next.js: 1.9ms, application-code: 6ms)
 GET /api/chat/messages 200 in 7ms (next.js: 1.6ms, application-code: 6ms)
 GET /api/chat/messages 200 in 7ms (next.js: 1.6ms, application-code: 6ms)
 GET /api/chat/messages 200 in 8ms (next.js: 1.8ms, application-code: 6ms)
 GET /api/chat/messages 200 in 8ms (next.js: 1.9ms, application-code: 6ms)
 GET /api/chat/messages 200 in 9ms (next.js: 1.7ms, application-code: 7ms)
 GET /api/chat/messages 200 in 8ms (next.js: 1.9ms, application-code: 6ms)
 GET /api/chat/messages 200 in 14ms (next.js: 5ms, application-code: 9ms)
 GET /api/chat/messages 200 in 12ms (next.js: 4ms, application-code: 8ms)
 GET /api/chat/messages 200 in 9ms (next.js: 1.9ms, application-code: 7ms)
 GET /api/chat/messages 200 in 14ms (next.js: 4ms, application-code: 10ms)
 GET /api/chat/messages 200 in 8ms (next.js: 1.8ms, application-code: 6ms)
 GET /api/chat/messages 200 in 11ms (next.js: 4ms, application-code: 7ms)
 GET /api/chat/messages 200 in 7ms (next.js: 1.8ms, application-code: 5ms)
 GET /api/chat/messages 200 in 8ms (next.js: 1.9ms, application-code: 6ms)
 GET /api/chat/messages 200 in 8ms (next.js: 1.6ms, application-code: 6ms)
 GET /api/chat/messages 200 in 12ms (next.js: 4ms, application-code: 8ms)
 GET /api/chat/messages 200 in 16ms (next.js: 4ms, application-code: 12ms)
 GET /api/chat/messages 200 in 13ms (next.js: 4ms, application-code: 10ms)
 GET /api/chat/messages 200 in 14ms (next.js: 4ms, application-code: 10ms)
 GET /api/chat/messages 200 in 11ms (next.js: 3ms, application-code: 9ms)
 GET /api/chat/messages 200 in 14ms (next.js: 3ms, application-code: 10ms)
 GET /api/chat/messages 200 in 13ms (next.js: 4ms, application-code: 9ms)
 GET /api/chat/messages 200 in 8ms (next.js: 1.8ms, application-code: 6ms)
 GET /api/chat/messages 200 in 8ms (next.js: 1.8ms, application-code: 6ms)
 GET /api/chat/messages 200 in 8ms (next.js: 1.8ms, application-code: 6ms)
 GET /api/chat/messages 200 in 8ms (next.js: 2ms, application-code: 6ms)
 GET /api/chat/messages 200 in 8ms (next.js: 1.8ms, application-code: 6ms)
 GET /api/chat/messages 200 in 8ms (next.js: 1.9ms, application-code: 6ms)
 GET /api/chat/messages 200 in 8ms (next.js: 1.8ms, application-code: 6ms)
 GET /api/chat/messages 200 in 8ms (next.js: 1.7ms, application-code: 6ms)
 GET /api/chat/messages 200 in 8ms (next.js: 1.8ms, application-code: 6ms)
 GET /api/chat/messages 200 in 13ms (next.js: 3ms, application-code: 10ms)
 GET /api/chat/messages 200 in 9ms (next.js: 1.8ms, application-code: 7ms)
 GET /api/chat/messages 200 in 9ms (next.js: 2ms, application-code: 7ms)
 GET /api/chat/messages 200 in 10ms (next.js: 4ms, application-code: 6ms)
 GET /api/chat/messages 200 in 9ms (next.js: 1.8ms, application-code: 7ms)
 GET /api/chat/messages 200 in 12ms (next.js: 4ms, application-code: 8ms)
 GET /api/chat/messages 200 in 25ms (next.js: 6ms, application-code: 18ms)
 GET /api/chat/messages 200 in 13ms (next.js: 4ms, application-code: 9ms)
 GET /api/chat/messages 200 in 16ms (next.js: 5ms, application-code: 11ms)
 GET /api/chat/messages 200 in 10ms (next.js: 2ms, application-code: 8ms)
 GET /api/chat/messages 200 in 11ms (next.js: 2ms, application-code: 9ms)
 GET /api/chat/messages 200 in 9ms (next.js: 2ms, application-code: 7ms)
 GET /api/chat/messages 200 in 121ms (next.js: 45ms, application-code: 76ms)
 GET /api/chat/messages 200 in 44ms (next.js: 16ms, application-code: 28ms)
 GET /api/chat/messages 200 in 13ms (next.js: 3ms, application-code: 10ms)
 GET /api/chat/messages 200 in 16ms (next.js: 3ms, application-code: 12ms)
 GET /api/chat/messages 200 in 11ms (next.js: 3ms, application-code: 8ms)
 GET /api/chat/messages 200 in 10ms (next.js: 2ms, application-code: 7ms)
 GET /api/chat/messages 200 in 10ms (next.js: 2ms, application-code: 8ms)
 GET /api/chat/messages 200 in 10ms (next.js: 2ms, application-code: 8ms)
 GET /api/chat/messages 200 in 11ms (next.js: 2ms, application-code: 9ms)
 GET /api/chat/messages 200 in 10ms (next.js: 1.8ms, application-code: 8ms)
 GET /api/chat/messages 200 in 11ms (next.js: 2ms, application-code: 9ms)
 GET /api/chat/messages 200 in 9ms (next.js: 1.9ms, application-code: 7ms)
 GET /api/chat/messages 200 in 10ms (next.js: 2ms, application-code: 8ms)
 GET /api/chat/messages 200 in 14ms (next.js: 4ms, application-code: 10ms)
 GET /api/chat/messages 200 in 10ms (next.js: 3ms, application-code: 7ms)
 GET /api/chat/messages 200 in 10ms (next.js: 2ms, application-code: 8ms)
 GET /api/chat/messages 200 in 9ms (next.js: 2ms, application-code: 7ms)
 GET /api/chat/messages 200 in 12ms (next.js: 3ms, application-code: 8ms)
 GET /api/chat/messages 200 in 16ms (next.js: 4ms, application-code: 12ms)
 GET /api/chat/messages 200 in 10ms (next.js: 1.9ms, application-code: 8ms)
 GET /api/chat/messages 200 in 11ms (next.js: 2ms, application-code: 9ms)
 GET /api/chat/messages 200 in 8ms (next.js: 2ms, application-code: 6ms)
 GET /api/chat/messages 200 in 9ms (next.js: 2.0ms, application-code: 7ms)
 GET /api/chat/messages 200 in 19ms (next.js: 3ms, application-code: 16ms)
 GET /api/chat/messages 200 in 9ms (next.js: 1.9ms, application-code: 7ms)
 GET /api/chat/messages 200 in 9ms (next.js: 2.0ms, application-code: 7ms)
 GET /api/chat/messages 200 in 9ms (next.js: 2ms, application-code: 7ms)
 GET /api/chat/messages 200 in 9ms (next.js: 1.9ms, application-code: 7ms)
 GET /api/chat/messages 200 in 18ms (next.js: 2ms, application-code: 16ms)
 GET /api/chat/messages 200 in 12ms (next.js: 3ms, application-code: 9ms)
 GET /api/chat/messages 200 in 19ms (next.js: 2ms, application-code: 17ms)
 GET /api/chat/messages 200 in 12ms (next.js: 4ms, application-code: 7ms)
 GET /admin 200 in 102ms (next.js: 25ms, application-code: 77ms)
 GET /api/chat/messages 200 in 8ms (next.js: 2ms, application-code: 6ms)
 GET /api/chat/messages 200 in 10ms (next.js: 2ms, application-code: 8ms)
 GET /api/chat/messages 200 in 9ms (next.js: 3ms, application-code: 6ms)
 GET /api/chat/messages 200 in 11ms (next.js: 4ms, application-code: 7ms)
 GET /api/chat/messages 200 in 10ms (next.js: 1.9ms, application-code: 8ms)
 GET /api/chat/messages 200 in 8ms (next.js: 1.9ms, application-code: 6ms)
 GET /api/chat/messages 200 in 8ms (next.js: 2ms, application-code: 6ms)
 GET /api/chat/messages 200 in 8ms (next.js: 3ms, application-code: 6ms)
 GET /api/chat/messages 200 in 10ms (next.js: 2.0ms, application-code: 8ms)
 GET /api/chat/messages 200 in 9ms (next.js: 1.8ms, application-code: 7ms)
 GET /api/chat/messages 200 in 8ms (next.js: 2ms, application-code: 6ms)
 GET /api/chat/messages 200 in 8ms (next.js: 1.9ms, application-code: 6ms)
 GET /api/chat/messages 200 in 8ms (next.js: 2.0ms, application-code: 6ms)
 GET /api/chat/messages 200 in 8ms (next.js: 1.9ms, application-code: 6ms)
 GET /api/chat/messages 200 in 9ms (next.js: 3ms, application-code: 6ms)
 GET /api/chat/messages 200 in 9ms (next.js: 2ms, application-code: 7ms)
 GET /api/chat/messages 200 in 9ms (next.js: 2ms, application-code: 7ms)
 GET /api/chat/messages 200 in 8ms (next.js: 1.8ms, application-code: 6ms)
 GET /api/chat/messages 200 in 8ms (next.js: 1.9ms, application-code: 6ms)
 GET /api/chat/messages 200 in 9ms (next.js: 1.8ms, application-code: 8ms)
 GET /api/chat/messages 200 in 9ms (next.js: 2ms, application-code: 7ms)
 GET /api/chat/messages 200 in 9ms (next.js: 1.9ms, application-code: 7ms)
 GET /api/chat/messages 200 in 9ms (next.js: 2ms, application-code: 7ms)
 GET /api/chat/messages 200 in 10ms (next.js: 2.0ms, application-code: 8ms)
 GET /api/chat/messages 200 in 9ms (next.js: 1.9ms, application-code: 7ms)
 GET /api/chat/messages 200 in 9ms (next.js: 2.0ms, application-code: 7ms)
 GET /api/chat/messages 200 in 10ms (next.js: 3ms, application-code: 7ms)
 GET /api/chat/messages 200 in 9ms (next.js: 2ms, application-code: 7ms)
 GET /api/chat/messages 200 in 8ms (next.js: 1.8ms, application-code: 7ms)
 GET /api/chat/messages 200 in 9ms (next.js: 2ms, application-code: 7ms)
 GET /api/chat/messages 200 in 7ms (next.js: 1.8ms, application-code: 6ms)
 GET /api/chat/messages 200 in 8ms (next.js: 2ms, application-code: 6ms)
 GET /api/chat/messages 200 in 11ms (next.js: 2ms, application-code: 9ms)
 GET /api/chat/messages 200 in 11ms (next.js: 1.9ms, application-code: 9ms)
 GET /api/chat/messages 200 in 9ms (next.js: 2ms, application-code: 7ms)
 GET /api/chat/messages 200 in 9ms (next.js: 2ms, application-code: 7ms)
 GET /api/chat/messages 200 in 11ms (next.js: 1.9ms, application-code: 9ms)
 GET /api/chat/messages 200 in 9ms (next.js: 2ms, application-code: 7ms)
 GET /api/chat/messages 200 in 9ms (next.js: 1.7ms, application-code: 7ms)
 GET /api/chat/messages 200 in 13ms (next.js: 1.8ms, application-code: 12ms)
 GET /api/chat/messages 200 in 8ms (next.js: 1.9ms, application-code: 7ms)
 GET /api/chat/messages 200 in 9ms (next.js: 2ms, application-code: 7ms)
 GET /api/chat/messages 200 in 14ms (next.js: 5ms, application-code: 9ms)
 GET /admin/applications 200 in 236ms (next.js: 139ms, application-code: 97ms)
 GET /api/chat/messages 200 in 9ms (next.js: 1.9ms, application-code: 7ms)
 GET /api/chat/messages 200 in 10ms (next.js: 3ms, application-code: 7ms)
 GET /api/chat/messages 200 in 11ms (next.js: 2ms, application-code: 9ms)
 GET /api/chat/messages 200 in 7ms (next.js: 1.9ms, application-code: 5ms)
 GET /admin 200 in 30ms (next.js: 6ms, application-code: 23ms)
 GET /api/chat/messages 200 in 10ms (next.js: 2ms, application-code: 8ms)
 GET /api/chat/messages 200 in 8ms (next.js: 2.0ms, application-code: 6ms)
 GET /api/chat/messages 200 in 7ms (next.js: 1.9ms, application-code: 6ms)
 GET /api/chat/messages 200 in 7ms (next.js: 1.8ms, application-code: 6ms)
 GET /api/chat/messages 200 in 8ms (next.js: 1.8ms, application-code: 6ms)
 GET /api/chat/messages 200 in 8ms (next.js: 1.9ms, application-code: 6ms)
 GET /api/chat/messages 200 in 8ms (next.js: 1.9ms, application-code: 6ms)
 GET /api/chat/messages 200 in 9ms (next.js: 2ms, application-code: 6ms)
 GET /api/chat/messages 200 in 9ms (next.js: 2ms, application-code: 7ms)
 GET /api/chat/messages 200 in 7ms (next.js: 1.9ms, application-code: 5ms)
 GET /api/chat/messages 200 in 10ms (next.js: 1.8ms, application-code: 8ms)
 GET /api/chat/messages 200 in 9ms (next.js: 2ms, application-code: 6ms)
 GET /api/chat/messages 200 in 15ms (next.js: 6ms, application-code: 10ms)
 GET /api/chat/messages 200 in 9ms (next.js: 1.9ms, application-code: 7ms)
 GET /api/chat/messages 200 in 22ms (next.js: 8ms, application-code: 13ms)
 GET /api/chat/messages 200 in 12ms (next.js: 2ms, application-code: 10ms)
 GET /api/chat/messages 200 in 15ms (next.js: 5ms, application-code: 10ms)
 GET /api/chat/messages 200 in 7ms (next.js: 1.8ms, application-code: 6ms)
 GET /api/chat/messages 200 in 9ms (next.js: 1.8ms, application-code: 7ms)
 GET /api/chat/messages 200 in 11ms (next.js: 2.0ms, application-code: 10ms)
 GET /api/chat/messages 200 in 10ms (next.js: 2ms, application-code: 8ms)
 GET /api/chat/messages 200 in 13ms (next.js: 3ms, application-code: 10ms)
 GET /api/chat/messages 200 in 9ms (next.js: 3ms, application-code: 7ms)
 GET /api/chat/messages 200 in 36ms (next.js: 2ms, application-code: 34ms)
 GET /api/chat/messages 200 in 17ms (next.js: 3ms, application-code: 15ms)
 GET /api/chat/messages 200 in 10ms (next.js: 1.9ms, application-code: 8ms)
 GET /api/chat/messages 200 in 11ms (next.js: 1.8ms, application-code: 9ms)
 GET /api/chat/messages 200 in 9ms (next.js: 1.9ms, application-code: 8ms)
 GET /api/chat/messages 200 in 9ms (next.js: 2ms, application-code: 7ms)
 GET /api/chat/messages 200 in 16ms (next.js: 7ms, application-code: 8ms)
 GET /api/chat/messages 200 in 12ms (next.js: 1.7ms, application-code: 10ms)
 GET /api/chat/messages 200 in 8ms (next.js: 1.9ms, application-code: 6ms)
 GET /api/chat/messages 200 in 20ms (next.js: 8ms, application-code: 12ms)
 GET /api/chat/messages 200 in 8ms (next.js: 3ms, application-code: 6ms)
 GET /api/chat/messages 200 in 16ms (next.js: 2ms, application-code: 13ms)
 GET /api/chat/messages 200 in 11ms (next.js: 4ms, application-code: 7ms)
 GET /api/chat/messages 200 in 10ms (next.js: 5ms, application-code: 6ms)
 GET /api/chat/messages 200 in 10ms (next.js: 1.9ms, application-code: 8ms)
 GET /api/chat/messages 200 in 10ms (next.js: 3ms, application-code: 7ms)
 GET /api/chat/messages 200 in 9ms (next.js: 1.8ms, application-code: 7ms)
 GET /api/chat/messages 200 in 8ms (next.js: 2ms, application-code: 6ms)
 GET /api/chat/messages 200 in 8ms (next.js: 2ms, application-code: 6ms)
 GET /api/chat/messages 200 in 10ms (next.js: 2ms, application-code: 8ms)
 GET /api/chat/messages 200 in 9ms (next.js: 2ms, application-code: 6ms)
 GET /api/chat/messages 200 in 8ms (next.js: 2ms, application-code: 6ms)
 GET /api/chat/messages 200 in 9ms (next.js: 2ms, application-code: 7ms)
 GET /api/chat/messages 200 in 9ms (next.js: 3ms, application-code: 5ms)
 GET /api/chat/messages 200 in 9ms (next.js: 1.9ms, application-code: 7ms)
 GET /api/chat/messages 200 in 9ms (next.js: 2ms, application-code: 6ms)
 GET /api/chat/messages 200 in 8ms (next.js: 1.9ms, application-code: 6ms)
 GET /api/chat/messages 200 in 8ms (next.js: 1.9ms, application-code: 7ms)
 GET /api/chat/messages 200 in 8ms (next.js: 1.7ms, application-code: 6ms)
 GET /api/chat/messages 200 in 14ms (next.js: 4ms, application-code: 10ms)
 GET /api/chat/messages 200 in 9ms (next.js: 1.9ms, application-code: 7ms)
 GET /api/chat/messages 200 in 9ms (next.js: 1.8ms, application-code: 7ms)
 GET /api/chat/messages 200 in 10ms (next.js: 2ms, application-code: 8ms)
 GET /api/chat/messages 200 in 10ms (next.js: 2ms, application-code: 8ms)
 GET /api/chat/messages 200 in 9ms (next.js: 1.8ms, application-code: 7ms)
 GET /api/chat/messages 200 in 9ms (next.js: 1.9ms, application-code: 8ms)
 GET /api/chat/messages 200 in 9ms (next.js: 1.9ms, application-code: 7ms)
 GET /api/chat/messages 200 in 10ms (next.js: 2ms, application-code: 8ms)
 GET /api/chat/messages 200 in 9ms (next.js: 2ms, application-code: 7ms)
 GET /api/chat/messages 200 in 10ms (next.js: 3ms, application-code: 7ms)
 GET /api/chat/messages 200 in 9ms (next.js: 2ms, application-code: 7ms)
 GET /api/chat/messages 200 in 8ms (next.js: 1.8ms, application-code: 7ms)
 GET /api/chat/messages 200 in 10ms (next.js: 2.0ms, application-code: 8ms)
 GET /api/chat/messages 200 in 9ms (next.js: 2ms, application-code: 6ms)
 GET /api/chat/messages 200 in 8ms (next.js: 2ms, application-code: 6ms)
 GET /api/chat/messages 200 in 10ms (next.js: 2ms, application-code: 7ms)
 GET /api/chat/messages 200 in 9ms (next.js: 1.9ms, application-code: 8ms)
 GET /api/chat/messages 200 in 11ms (next.js: 3ms, application-code: 8ms)
 GET /api/chat/messages 200 in 8ms (next.js: 2ms, application-code: 6ms)
 GET /api/chat/messages 200 in 9ms (next.js: 3ms, application-code: 6ms)
 GET /api/chat/messages 200 in 11ms (next.js: 3ms, application-code: 8ms)
 GET /api/chat/messages 200 in 9ms (next.js: 1.8ms, application-code: 7ms)
 GET /api/chat/messages 200 in 9ms (next.js: 1.9ms, application-code: 7ms)
 GET /api/chat/messages 200 in 9ms (next.js: 1.9ms, application-code: 7ms)
 GET /api/chat/messages 200 in 10ms (next.js: 1.9ms, application-code: 8ms)
 GET /api/chat/messages 200 in 11ms (next.js: 2ms, application-code: 9ms)
 GET /api/chat/messages 200 in 14ms (next.js: 2.0ms, application-code: 12ms)
 GET /api/chat/messages 200 in 9ms (next.js: 2ms, application-code: 7ms)
 GET /api/chat/messages 200 in 9ms (next.js: 1.8ms, application-code: 8ms)
 GET /api/chat/messages 200 in 10ms (next.js: 1.9ms, application-code: 8ms)
 GET /api/chat/messages 200 in 33ms (next.js: 10ms, application-code: 23ms)
 GET /api/chat/messages 200 in 9ms (next.js: 2ms, application-code: 7ms)
 GET /api/chat/messages 200 in 13ms (next.js: 1.9ms, application-code: 11ms)
 GET /api/chat/messages 200 in 9ms (next.js: 1.9ms, application-code: 7ms)
 GET /api/chat/messages 200 in 11ms (next.js: 4ms, application-code: 8ms)
 GET /api/chat/messages 200 in 11ms (next.js: 4ms, application-code: 7ms)
 GET /api/chat/messages 200 in 10ms (next.js: 1.9ms, application-code: 8ms)
 GET /api/chat/messages 200 in 8ms (next.js: 1.7ms, application-code: 7ms)
 GET /api/chat/messages 200 in 9ms (next.js: 1.8ms, application-code: 7ms)
 GET /api/chat/messages 200 in 10ms (next.js: 1.9ms, application-code: 8ms)
 GET /api/chat/messages 200 in 11ms (next.js: 1.9ms, application-code: 9ms)
 GET /api/chat/messages 200 in 11ms (next.js: 1.8ms, application-code: 9ms)
 GET /api/chat/messages 200 in 14ms (next.js: 2ms, application-code: 12ms)
 GET /api/chat/messages 200 in 14ms (next.js: 2ms, application-code: 12ms)
 GET /api/chat/messages 200 in 31ms (next.js: 8ms, application-code: 23ms)
 GET /api/chat/messages 200 in 19ms (next.js: 3ms, application-code: 16ms)
 GET /api/chat/messages 200 in 16ms (next.js: 5ms, application-code: 11ms)
 GET /api/chat/messages 200 in 20ms (next.js: 8ms, application-code: 12ms)
 GET /api/chat/messages 200 in 17ms (next.js: 6ms, application-code: 11ms)
 GET /api/chat/messages 200 in 64ms (next.js: 23ms, application-code: 41ms)
